,plot_type,plot_id,plot_id_new,date,treatment,species,dbh,crown_class,leaf_density,overall_dieback,cover_class_main,main_position,cover_class_fine,fine_position,percent_bld,dominant_symptom_expression,comments,basal_area_m2
1,Main,BP-01,BP-01,2023,,FAGR,37.8,I,5,3,2,1,3,3,0,0,,0.112220831
2,Main,BP-01,BP-01,2023,,QURU,57.1,C,4,4,NA,NA,NA,NA,NA,,,0.256072003
3,Main,BP-01,BP-01,2023,,ACSA,20,S,6,2,NA,NA,NA,NA,NA,,,0.031415927
4,Main,BP-01,BP-01,2023,,FAGR,14.8,S,6,2,1,3,2,3,0,0,,0.017203361
5,Main,BP-01,BP-01,2023,,ACSA,18.5,S,5,3,NA,NA,NA,NA,NA,,,0.026880252
6,Main,BP-01,BP-01,2023,,QURU,55.4,C,5,3,NA,NA,NA,NA,NA,,,0.241051263
7,Main,BP-01,BP-01,2023,,ACSA,31.5,I,5,2,NA,NA,NA,NA,NA,,,0.077931133
8,Main,BP-01,BP-01,2023,,QURU,45.6,C,5,2,NA,NA,NA,NA,NA,,,0.163312553
9,Main,BP-01,BP-01,2023,,QURU,68.7,C,6,2,NA,NA,NA,NA,NA,,,0.370683586
10,Main,BP-01,BP-01,2023,,ACSA,22.2,S,5,3,NA,NA,NA,NA,NA,,,0.038707563
11,Main,BP-01,BP-01,2023,,FAGR,18.2,S,5,2,1,3,2,3,0,0,,0.026015529
12,Main,BP-01,BP-01,2023,,ACSA,13.7,S,4,3,NA,NA,NA,NA,NA,,,0.014741138
13,Main,BP-01,BP-01,2023,,FAGR,26.2,S,6,2,1,3,2,3,1,0,,0.053912872
14,Main,BP-01,BP-01,2023,,SNAG,23.7,DEAD,1,8,NA,NA,NA,NA,NA,,,0.044115029
15,Main,BP-01,BP-01,2023,,ACSA,42.6,I,6,2,NA,NA,NA,NA,NA,,,0.142530917
16,Main,BP-02,BP-02,2023,,FAGR,50.9,I,6,2,1,3,2,3,1,0,,0.203481742
17,Main,BP-02,BP-02,2023,,ACSA,18.6,I,5,2,NA,NA,NA,NA,NA,,,0.027171635
18,Main,BP-02,BP-02,2023,,LITU,61.2,D,6,2,NA,NA,NA,NA,NA,,,0.29416617
19,Main,BP-02,BP-02,2023,,ACSA,46.6,C,6,2,NA,NA,NA,NA,NA,,,0.170553924
20,Main,BP-02,BP-02,2023,,ACSA,42.1,C,6,1,NA,NA,NA,NA,NA,,,0.139204756
21,Main,BP-02,BP-02,2023,,ACSA,29.9,I,5,3,NA,NA,NA,NA,NA,,,0.070215381
22,Main,BP-02,BP-02,2023,,SNAG,48.5,DEAD,1,8,NA,NA,NA,NA,NA,,,0.184745283
23,Main,BP-02,BP-02,2023,,PRSE2,43.5,C,5,2,NA,NA,NA,NA,NA,,,0.148616967
24,Main,BP-02,BP-02,2023,,FAGR,47.9,C,6,2,1,3,2,3,0,0,Many carvings in trunk,0.18020254
25,Main,BP-02,BP-02,2023,,PRSE2,39,I,5,2,NA,NA,NA,NA,NA,,,0.119459061
26,Main,BP-02,BP-02,2023,,ACRU,15.7,S,6,2,NA,NA,NA,NA,NA,,,0.019359279
27,Main,BW-1,BW-01,2023,,FAGR,28.1,C,5,3,3,3,2,3,NA,,,0.062015824
28,Main,BW-1,BW-01,2023,,ACSA,22.7,I,5,2,NA,NA,NA,NA,NA,,,0.040470782
29,Main,BW-1,BW-01,2023,,ACSA,66.6,D,6,3,NA,NA,NA,NA,NA,,,0.348368068
30,Main,BW-1,BW-01,2023,,ACSA,16.7,I,6,2,NA,NA,NA,NA,NA,,,0.021903969
31,Main,BW-1,BW-01,2023,,UNID,21.8,C,6,2,NA,NA,NA,NA,NA,,Cucumber magnolia?,0.037325262
32,Main,BW-1,BW-01,2023,,ACSA,30.9,C,6,2,NA,NA,NA,NA,NA,,,0.074990602
33,Main,BW-1,BW-01,2023,,ACSA,20.5,I,6,3,NA,NA,NA,NA,NA,,,0.033006358
34,Main,BW-1,BW-01,2023,,ACSA,26,C,6,2,NA,NA,NA,NA,NA,,,0.053092916
35,Main,BW-1,BW-01,2023,,ACSA,28.1,C,6,2,NA,NA,NA,NA,NA,,,0.062015824
36,Main,BW-1,BW-01,2023,,ACSA,42.5,C,5,3,NA,NA,NA,NA,NA,,,0.141862543
37,Main,BW-1,BW-01,2023,,ACSA,23.1,C,6,3,NA,NA,NA,NA,NA,,,0.041909631
38,Main,BW-1,BW-01,2023,,ACSA,21.9,I,6,2,NA,NA,NA,NA,NA,,,0.037668481
39,Main,BW-1,BW-01,2023,,FAGR,15.2,S,2,6,6,3,6,3,4,2,,0.018145839
40,Main,BW-2,BW-02,2023,,FAGR,16.4,I,4,3,2,2,2,3,2,2,,0.021124069
41,Main,BW-2,BW-02,2023,,FAGR,20.2,C,2,5,4,3,3,2,3,3,,0.032047387
42,Main,BW-2,BW-02,2023,,FAGR,13.7,I,2,3,3,3,2,3,3,3,,0.014741138
43,Main,BW-2,BW-02,2023,,ACSA,31,C,6,3,NA,NA,NA,NA,NA,,,0.075476764
44,Main,BW-2,BW-02,2023,,ACSA,20,C,6,4,NA,NA,NA,NA,NA,,,0.031415927
45,Main,BW-2,BW-02,2023,,ACSA,26.1,D,6,2,NA,NA,NA,NA,NA,,,0.053502108
46,Main,BW-2,BW-02,2023,,ACSA,25.4,C,6,2,NA,NA,NA,NA,NA,,,0.050670748
47,Main,BW-2,BW-02,2023,,ACSA,17.7,C,6,1,NA,NA,NA,NA,NA,,,0.024605739
48,Main,BW-2,BW-02,2023,,FAGR,13.2,I,2,6,5,3,5,3,3,3,,0.013684778
49,Main,BW-2,BW-02,2023,,ACSA,16.5,C,6,2,NA,NA,NA,NA,NA,,,0.021382465
50,Main,BW-2,BW-02,2023,,ACSA,18,C,6,2,NA,NA,NA,NA,NA,,,0.0254469
51,Main,BW-2,BW-02,2023,,FAGR,14.9,S,4,3,2,3,2,3,3,3,,0.017436625
52,Main,BW-2,BW-02,2023,,ACSA,25.5,D,5,3,NA,NA,NA,NA,NA,,,0.051070516
53,Main,BW-2,BW-02,2023,,ACSA,14.1,S,6,2,NA,NA,NA,NA,NA,,,0.015614501
54,Main,BW-2,BW-02,2023,,ACSA,22,C,6,2,NA,NA,NA,NA,NA,,,0.038013271
55,Main,BW-2,BW-02,2023,,ACSA,14.4,I,5,2,NA,NA,NA,NA,NA,,,0.016286016
56,Main,C-1,C-01,2023,,FAGR,37.2,C,5,2,1,3,2,3,2,2,#965,0.108686539
57,Main,C-1,C-01,2023,,QURU,27,I,5,2,NA,NA,NA,NA,NA,,,0.057255526
58,Main,C-1,C-01,2023,,TSCA,34.8,C,6,2,NA,NA,NA,NA,NA,,leaf herbivory,0.095114859
59,Main,C-1,C-01,2023,,LITU,88.9,D,5,2,NA,NA,NA,NA,NA,,,0.620716662
60,Main,C-1,C-01,2023,,ACSA,14.5,I,6,1,NA,NA,NA,NA,NA,,,0.016512996
61,Main,C-1,C-01,2023,,FAGR,15.4,I,4,3,1,3,3,3,3,3,Vitis in canopy,0.018626503
62,Main,C-1,C-01,2023,,FAGR,24.4,I,3,4,3,3,3,3,2,0,Vitis in canopy,0.046759465
63,Main,C-1,C-01,2023,,FAGR,67.6,C,5,2,2,1,2,3,2,0,,0.358908111
64,Main,C-1,C-01,2023,,FAGR,26,I,2,4,3,3,4,3,3,2,,0.053092916
65,Main,C-1,C-01,2023,,TSCA,17.4,S,5,1,NA,NA,NA,NA,NA,,,0.023778715
66,Main,C-1,C-01,2023,,FAGR,16.1,S,5,2,1,3,2,3,2,0,,0.020358306
67,Main,C-1,C-01,2023,,FAGR,32.7,C,6,2,1,3,2,3,2,0,,0.08398184
68,Main,C-10,C-10,2023,,FAGR,55.8,C,5,2,1,3,2,3,3,3,"#666 (dun dun dun), epicormic branching",0.244544714
69,Main,C-10,C-10,2023,,ACSA,13.1,S,5,2,NA,NA,NA,NA,NA,,,0.013478218
70,Main,C-10,C-10,2023,,CARYA,65.2,C,6,1,NA,NA,NA,NA,NA,,,0.333875901
71,Main,C-10,C-10,2023,,ACSA,12.9,S,6,2,NA,NA,NA,NA,NA,,,0.013069811
72,Main,C-10,C-10,2023,,PLOC,60.7,C,4,2,NA,NA,NA,NA,NA,,,0.289379168
73,Main,C-10,C-10,2023,,ACSA,14.1,S,6,1,NA,NA,NA,NA,NA,,,0.015614501
74,Main,C-10,C-10,2023,,ACSA,21.4,S,6,1,NA,NA,NA,NA,NA,,,0.035968094
75,Main,C-10,C-10,2023,,CARYA,47.1,C,6,1,NA,NA,NA,NA,NA,,,0.174233514
76,Main,C-10,C-10,2023,,ACSA,23.7,S,5,2,NA,NA,NA,NA,NA,,,0.044115029
77,Main,C-10,C-10,2023,,ACSA,14,S,5,2,NA,NA,NA,NA,NA,,,0.015393804
78,Main,C-11,C-11,2023,,FAGR,21.1,S,6,2,1,3,2,3,1,0,#407,0.034966712
79,Main,C-11,C-11,2023,,ACSA,65.4,C,6,1,NA,NA,NA,NA,NA,,,0.335927361
80,Main,C-11,C-11,2023,,LITU,35.4,S,6,2,NA,NA,NA,NA,NA,,Missing top,0.098422956
81,Main,C-11,C-11,2023,,ACSA,13.7,S,6,2,NA,NA,NA,NA,NA,,,0.014741138
82,Main,C-11,C-11,2023,,FAGR,83.4,D,6,2,2,1,2,3,1,0,,0.546288405
83,Main,C-11,C-11,2023,,FAGR,23.2,I,6,2,1,3,2,3,1,0,,0.042273271
84,Main,C-11,C-11,2023,,FAGR,44.4,C,6,2,2,1,2,3,2,3,,0.154830252
85,Main,C-11,C-11,2023,,ACSA,26.7,I,6,2,NA,NA,NA,NA,NA,,,0.05599025
86,Main,C-11,C-11,2023,,ACSA,76,C,6,2,NA,NA,NA,NA,NA,,,0.453645979
87,Main,C-11,C-11,2023,,SNAG,49.7,DEAD,1,8,NA,NA,NA,NA,NA,,,0.194000415
88,Main,C-11,C-11,2023,,LITU,20.4,I,5,2,NA,NA,NA,NA,NA,,,0.03268513
89,Main,C-12,C-12,2023,,FAGR,35,S,6,2,2,1,2,1,2,0,#579,0.096211275
90,Main,C-12,C-12,2023,,SNAG,25.4,DEAD,1,7,NA,NA,NA,NA,NA,,couldn't see top to confrim leaves,0.050670748
91,Main,C-12,C-12,2023,,PRSE2,62.3,C,6,2,NA,NA,NA,NA,NA,,,0.304835804
92,Main,C-12,C-12,2023,,PRSE2,35.7,C,6,2,NA,NA,NA,NA,NA,,,0.100098211
93,Main,C-12,C-12,2023,,SNAG,27,DEAD,1,8,NA,NA,NA,NA,NA,,,0.057255526
94,Main,C-12,C-12,2023,,SNAG,13.3,DEAD,1,7,NA,NA,NA,NA,NA,,,0.013892908
95,Main,C-12,C-12,2023,,PRSE2,36.2,C,5,3,NA,NA,NA,NA,NA,,,0.102921717
96,Main,C-12,C-12,2023,,PRSE2,37.4,C,5,2,NA,NA,NA,NA,NA,,,0.109858354
97,Main,C-12,C-12,2023,,PRSE2,43.2,I,4,3,NA,NA,NA,NA,NA,,,0.146574147
98,Main,C-12,C-12,2023,,ACSA,17.2,S,5,2,NA,NA,NA,NA,NA,,,0.023235219
99,Main,C-12,C-12,2023,,PRSE2,44.4,C,6,2,NA,NA,NA,NA,NA,,,0.154830252
100,Main,C-12,C-12,2023,,SNAG,18.2,DEAD,1,7,NA,NA,NA,NA,NA,,,0.026015529
101,Main,C-12,C-12,2023,,CARYA,38,C,6,1,NA,NA,NA,NA,NA,,,0.113411495
102,Main,C-12,C-12,2023,,SNAG,23.6,DEAD,1,8,NA,NA,NA,NA,NA,,,0.043743536
103,Main,C-12,C-12,2023,,FAGR,13.1,S,4,3,2,3,2,3,3,2,,0.013478218
104,Main,C-12,C-12,2023,,PRSE2,31.7,I,5,2,NA,NA,NA,NA,NA,,,0.078923876
105,Main,C-12,C-12,2023,,PRSE2,48.5,C,6,1,NA,NA,NA,NA,NA,,,0.184745283
106,Main,C-12,C-12,2023,,FAGR,19.1,S,4,3,2,2,3,3,3,2,,0.02865211
107,Main,C-12,C-12,2023,,PRSE2,27,I,6,2,NA,NA,NA,NA,NA,,,0.057255526
108,Main,C-12,C-12,2023,,SNAG,20.9,DEAD,1,8,NA,NA,NA,NA,NA,,,0.034306977
109,Main,C-12,C-12,2023,,PRSE2,48.4,C,5,2,NA,NA,NA,NA,NA,,,0.183984232
110,Main,C-12,C-12,2023,,PRSE2,44,C,5,2,NA,NA,NA,NA,NA,,,0.152053084
111,Main,C-13,C-13,2023,,FAGR,35.2,I,5,3,3,1,2,1,3,2,#595,0.097313974
112,Main,C-13,C-13,2023,,FAGR,40.1,C,5,2,2,1,2,3,3,2,,0.12629281
113,Main,C-13,C-13,2023,,OSVI,19.9,S,6,2,NA,NA,NA,NA,NA,,,0.031102553
114,Main,C-13,C-13,2023,,ACSA,22.3,I,5,2,NA,NA,NA,NA,NA,,,0.039057065
115,Main,C-13,C-13,2023,,SNAG,19.6,DEAD,1,7,NA,NA,NA,NA,NA,,,0.030171856
116,Main,C-13,C-13,2023,,SNAG,15.8,DEAD,1,7,NA,NA,NA,NA,NA,,,0.01960668
117,Main,C-13,C-13,2023,,FAGR,15.9,C,5,2,2,2,2,2,2,1,,0.019855651
118,Main,C-13,C-13,2023,,OSVI,18.7,S,6,1,NA,NA,NA,NA,NA,,,0.027464588
119,Main,C-13,C-13,2023,,FAGR,25.9,I,5,2,2,1,2,1,3,2,,0.052685294
120,Main,C-13,C-13,2023,,FAGR,39.6,I,4,3,2,1,2,3,3,2,,0.123162998
121,Main,C-13,C-13,2023,,CARYA,58.8,D,5,2,NA,NA,NA,NA,NA,,,0.271546703
122,Main,C-13,C-13,2023,,ACSA,52.9,C,6,1,NA,NA,NA,NA,NA,,,0.219786607
123,Main,C-13,C-13,2023,,FAGR,12.8,S,2,4,3,1,3,3,3,3,top of trunk missing,0.012867964
124,Main,C-13,C-13,2023,,FAGR,39.9,C,5,3,2,1,3,1,3,2,,0.125036173
125,Main,C-14,C-14,2023,,FAGR,25.3,C,2,6,2,3,6,3,2,0,#451,0.050272551
126,Main,C-14,C-14,2023,,TIAM,36.1,I,4,2,NA,NA,NA,NA,NA,,,0.102353874
127,Main,C-14,C-14,2023,,SNAG,26,DEAD,1,8,NA,NA,NA,NA,NA,,,0.053092916
128,Main,C-14,C-14,2023,,FAGR,28.6,I,2,6,3,3,5,3,4,3,,0.064242428
129,Main,C-14,C-14,2023,,FAGR,25.5,C,5,2,1,3,2,3,3,2,,0.051070516
130,Main,C-14,C-14,2023,,FAGR,38.3,C,5,3,2,1,2,3,2,0,,0.115209271
131,Main,C-14,C-14,2023,,FAGR,29.6,C,5,3,2,1,2,3,3,2,,0.068813445
132,Main,C-14,C-14,2023,,FAGR,33.6,C,5,2,2,1,2,3,3,2,,0.088668311
133,Main,C-14,C-14,2023,,CARYA,13.9,S,6,1,NA,NA,NA,NA,NA,,,0.015174678
134,Main,C-14,C-14,2023,,QURU,21.4,I,6,1,NA,NA,NA,NA,NA,,,0.035968094
135,Main,C-14,C-14,2023,,CARYA,40.3,D,6,1,NA,NA,NA,NA,NA,,,0.12755573
136,Main,C-14,C-14,2023,,QUAL,23.5,S,6,1,NA,NA,NA,NA,NA,,,0.043373614
137,Main,C-14,C-14,2023,,QURU,32.1,I,6,1,NA,NA,NA,NA,NA,,,0.080928212
138,Main,C-14,C-14,2023,,QUAL,70.6,D,5,2,NA,NA,NA,NA,NA,,,0.391470719
139,Main,C-14,C-14,2023,,SNAG,32.4,DEAD,1,8,NA,NA,NA,NA,NA,,,0.082447958
140,Main,C-14,C-14,2023,,ACSA,14.2,S,6,1,NA,NA,NA,NA,NA,,,0.015836769
141,Main,C-14,C-14,2023,,ACSA,45.4,C,5,2,NA,NA,NA,NA,NA,,VITIS,0.161883128
142,Main,C-14,C-14,2023,,ACSA,13.2,S,6,2,NA,NA,NA,NA,NA,,,0.013684778
143,Main,C-14,C-14,2023,,FAGR,22.7,S,3,5,2,1,4,3,2,0,,0.040470782
144,Main,C-14,C-14,2023,,FAGR,30.9,C,4,3,2,1,2,3,2,2,,0.074990602
145,Main,C-14,C-14,2023,,FAGR,37.1,C,5,2,1,3,2,3,3,3,,0.108102989
146,Main,C-15,C-15,2023,,FAGR,20.4,S,4,3,2,1,2,3,4,3,#639,0.03268513
147,Main,C-15,C-15,2023,,FAGR,12.9,S,3,5,3,2,4,3,NA,,,0.013069811
148,Main,C-15,C-15,2023,,ACSA,34.8,S,6,2,NA,NA,NA,NA,NA,,,0.095114859
149,Main,C-15,C-15,2023,,QURU,40.2,I,5,2,NA,NA,NA,NA,NA,,,0.126923485
150,Main,C-15,C-15,2023,,FAGR,15.7,S,4,3,1,3,3,3,3,3,,0.019359279
151,Main,C-15,C-15,2023,,LITU,77.5,D,5,2,NA,NA,NA,NA,NA,,,0.471729772
152,Main,C-15,C-15,2023,,FAGR,27.4,S,5,2,1,3,2,3,3,2,,0.058964553
153,Main,C-15,C-15,2023,,FAGR,24.3,S,4,3,2,1,3,1,3,3,,0.046376976
154,Main,C-15,C-15,2023,,QURU,51,C,5,2,NA,NA,NA,NA,NA,,,0.204282062
155,Main,C-15,C-15,2023,,QURU,55.7,C,5,2,NA,NA,NA,NA,NA,,,0.243668995
156,Main,C-15,C-15,2023,,FAGR,15.6,S,5,3,2,1,3,3,2,2,,0.01911345
157,Main,C-15,C-15,2023,,QURU,16.9,S,5,2,NA,NA,NA,NA,NA,,,0.022431757
158,Main,C-15,C-15,2023,,QURU,62.2,C,6,2,NA,NA,NA,NA,NA,,,0.303857983
159,Main,C-15,C-15,2023,,QURU,61.3,C,6,1,NA,NA,NA,NA,NA,,,0.295128282
160,Main,C-15,C-15,2023,,CAOV2,13.1,S,6,1,NA,NA,NA,NA,NA,,,0.013478218
161,Main,C-15,C-15,2023,,QURU,104.5,C,5,3,NA,NA,NA,NA,NA,,,0.857674429
162,Main,C-16,C-16,2023,,FAGR,26.5,S,5,2,2,3,2,3,1,0,#616,0.055154586
163,Main,C-16,C-16,2023,,QURU,18.1,S,6,1,NA,NA,NA,NA,NA,,,0.025730429
164,Main,C-16,C-16,2023,,QURU,42.7,C,5,3,NA,NA,NA,NA,NA,,,0.143200862
165,Main,C-16,C-16,2023,,ACSA,16.1,S,6,2,NA,NA,NA,NA,NA,,,0.020358306
166,Main,C-16,C-16,2023,,ACRU,24.2,I,4,3,NA,NA,NA,NA,NA,,,0.045996058
167,Main,C-16,C-16,2023,,QURU,39.1,C,6,1,NA,NA,NA,NA,NA,,,0.120072457
168,Main,C-16,C-16,2023,,ACSA,13.7,S,5,2,NA,NA,NA,NA,NA,,,0.014741138
169,Main,C-16,C-16,2023,,QURU,59.8,D,5,2,NA,NA,NA,NA,NA,,,0.280861525
170,Main,C-16,C-16,2023,,QURU,21.1,S,5,2,NA,NA,NA,NA,NA,,,0.034966712
171,Main,C-16,C-16,2023,,QURU,57.2,C,5,2,NA,NA,NA,NA,NA,,,0.256969713
172,Main,C-16,C-16,2023,,ACSA,19.4,S,6,1,NA,NA,NA,NA,NA,,,0.029559245
173,Main,C-16,C-16,2023,,QURU,29.9,I,5,2,NA,NA,NA,NA,NA,,,0.070215381
174,Main,C-16,C-16,2023,,FAGR,30.9,I,5,2,1,3,2,1,2,1,,0.074990602
175,Main,C-16,C-16,2023,,PRSE2,44.5,C,5,2,NA,NA,NA,NA,NA,,,0.155528471
176,Main,C-16,C-16,2023,,QURU,49.9,C,4,3,NA,NA,NA,NA,NA,,,0.195564928
177,Main,C-16,C-16,2023,,QURU,46.6,C,6,1,NA,NA,NA,NA,NA,,,0.170553924
178,Main,C-16,C-16,2023,,FAGR,17.6,S,5,2,2,1,2,3,3,2,,0.024328494
179,Main,C-16,C-16,2023,,QURU,67.4,D,6,2,NA,NA,NA,NA,NA,,,0.356787536
180,Main,C-17,C-17,2023,,FAGR,31.1,C,5,2,2,1,2,3,3,2,#606,0.075964496
181,Main,C-17,C-17,2023,,FAGR,49,C,4,2,1,3,2,3,3,2,,0.188574099
182,Main,C-17,C-17,2023,,FAGR,54,C,5,3,2,1,3,1,3,2,,0.229022104
183,Main,C-17,C-17,2023,,ACSA,28.3,I,6,1,NA,NA,NA,NA,NA,,,0.062901754
184,Main,C-17,C-17,2023,,SAAL5,44.4,C,6,2,NA,NA,NA,NA,NA,,,0.154830252
185,Main,C-17,C-17,2023,,TIAM,16.3,S,6,2,NA,NA,NA,NA,NA,,,0.020867244
186,Main,C-17,C-17,2023,,FAGR,15.9,I,5,2,2,1,2,1,3,2,,0.019855651
187,Main,C-17,C-17,2023,,FAGR,41.5,C,5,2,1,3,2,3,2,2,,0.135265199
188,Main,C-17,C-17,2023,,FAGR,15.1,S,4,3,2,1,2,3,3,2,,0.017907864
189,Main,C-17,C-17,2023,,QURU,95.7,D,6,1,NA,NA,NA,NA,NA,,,0.719306123
190,Main,C-17,C-17,2023,,ACSA,15.8,S,5,2,NA,NA,NA,NA,NA,,,0.01960668
191,Main,C-17,C-17,2023,,OSVI,23.2,I,6,2,NA,NA,NA,NA,NA,,,0.042273271
192,Main,C-17,C-17,2023,,ACSA,37.2,C,6,2,NA,NA,NA,NA,NA,,,0.108686539
193,Main,C-2,C-02,2023,,FAGR,24.3,S,3,4,2,3,3,3,3,3,#659,0.046376976
194,Main,C-2,C-02,2023,,FAGR,23.6,I,4,3,2,1,2,3,3,3,,0.043743536
195,Main,C-2,C-02,2023,,FAGR,20.8,S,2,4,2,2,3,3,2,2,,0.033979466
196,Main,C-2,C-02,2023,,FAGR,62.4,C,5,2,2,1,2,3,2,0,,0.305815195
197,Main,C-2,C-02,2023,,ACSA,35.2,I,6,1,NA,NA,NA,NA,NA,,,0.097313974
198,Main,C-2,C-02,2023,,ACSA,29.8,S,6,1,NA,NA,NA,NA,NA,,,0.069746499
199,Main,C-2,C-02,2023,,ACSA,21.7,I,5,2,NA,NA,NA,NA,NA,,,0.036983614
200,Main,C-2,C-02,2023,,ACSA,20.7,I,5,2,NA,NA,NA,NA,NA,,,0.033653526
201,Main,C-2,C-02,2023,,ACSA,26.8,I,6,1,NA,NA,NA,NA,NA,,,0.056410438
202,Main,C-2,C-02,2023,,ACSA,22.5,S,6,2,NA,NA,NA,NA,NA,,,0.039760782
203,Main,C-3,C-03,2023,,FAGR,50.3,C,3,3,2,2,3,3,4,3,#826,0.198712804
204,Main,C-3,C-03,2023,,ACSA,20.4,I,6,1,NA,NA,NA,NA,NA,,,0.03268513
205,Main,C-3,C-03,2023,,ACSA,20.5,I,6,1,NA,NA,NA,NA,NA,,,0.033006358
206,Main,C-3,C-03,2023,,TSCA,17.3,S,4,3,NA,NA,NA,NA,NA,,,0.023506182
207,Main,C-3,C-03,2023,,TSCA,26.8,S,5,2,NA,NA,NA,NA,NA,,,0.056410438
208,Main,C-3,C-03,2023,,TSCA,16.6,S,6,2,NA,NA,NA,NA,NA,,,0.021642432
209,Main,C-3,C-03,2023,,TSCA,14.8,S,5,2,NA,NA,NA,NA,NA,,,0.017203361
210,Main,C-3,C-03,2023,,TSCA,30.2,I,5,2,NA,NA,NA,NA,NA,,,0.071631454
211,Main,C-3,C-03,2023,,TSCA,18.1,S,5,2,NA,NA,NA,NA,NA,,,0.025730429
212,Main,C-3,C-03,2023,,FAGR,33.5,C,4,3,1,3,3,3,3,2,,0.088141309
213,Main,C-3,C-03,2023,,SNAG,16.4,DEAD,1,8,NA,NA,NA,NA,NA,,,0.021124069
214,Main,C-3,C-03,2023,,LITU,113,D,5,2,NA,NA,NA,NA,NA,,,1.002874915
215,Main,C-3,C-03,2023,,ACSA,17.2,I,6,1,NA,NA,NA,NA,NA,,,0.023235219
216,Main,C-4,C-04,2023,,FAGR,38.1,C,5,2,1,3,2,3,3,3,#522,0.114009183
217,Main,C-4,C-04,2023,,ACSA,41.1,C,6,2,NA,NA,NA,NA,NA,,#523,0.132670243
218,Main,C-4,C-04,2023,,FAGR,23.6,S,5,2,2,1,2,3,2,0,,0.043743536
219,Main,C-4,C-04,2023,,FAGR,16.5,S,4,3,1,3,3,3,3,1,,0.021382465
220,Main,C-4,C-04,2023,,SNAG,13.9,DEAD,1,8,NA,NA,NA,NA,NA,,,0.015174678
221,Main,C-4,C-04,2023,,TSCA,15.7,S,6,2,NA,NA,NA,NA,NA,,Missing top,0.019359279
222,Main,C-4,C-04,2023,,FAGR,20.2,S,3,3,2,3,3,3,3,2,,0.032047387
223,Main,C-4,C-04,2023,,ACSA,57.6,C,6,2,NA,NA,NA,NA,NA,,#833,0.260576261
224,Main,C-5,C-05,2023,,FAGR,35.5,C,5,2,2,1,2,3,2,0,,0.098979804
225,Main,C-5,C-05,2023,,ACSA,69.7,C,5,3,NA,NA,NA,NA,NA,,,0.381553496
226,Main,C-5,C-05,2023,,TSCA,33.4,I,5,2,NA,NA,NA,NA,NA,,,0.087615878
227,Main,C-5,C-05,2023,,TSCA,76,C,5,2,NA,NA,NA,NA,NA,,,0.453645979
228,Main,C-5,C-05,2023,,FAGR,51.8,C,6,2,2,1,2,3,2,1,,0.210741177
229,Main,C-5,C-05,2023,,ACSA,18.6,I,6,1,NA,NA,NA,NA,NA,,,0.027171635
230,Main,C-5,C-05,2023,,ULMUS,17,S,5,1,NA,NA,NA,NA,NA,,"Diseased, potentially a birch",0.022698007
231,Main,C-5,C-05,2023,,ACSA,20.4,I,6,2,NA,NA,NA,NA,NA,,,0.03268513
232,Main,DL-01,DL-01,2023,,FAGR,39.6,C,6,2,1,3,2,3,0,0,,0.123162998
233,Main,DL-01,DL-01,2023,,QURU,59.5,C,5,2,NA,NA,NA,NA,NA,,,0.278050585
234,Main,DL-01,DL-01,2023,,SNAG,28,DEAD,1,7,NA,NA,NA,NA,NA,,,0.061575216
235,Main,DL-01,DL-01,2023,,PRSE2,39,C,4,2,NA,NA,NA,NA,NA,,,0.119459061
236,Main,DL-01,DL-01,2023,,SNAG,20.5,C,6,2,NA,NA,NA,NA,NA,,,0.033006358
237,Main,DL-01,DL-01,2023,,PRSE2,31,I,5,2,NA,NA,NA,NA,NA,,,0.075476764
238,Main,DL-01,DL-01,2023,,SNAG,24.8,DEAD,1,8,NA,NA,NA,NA,NA,,,0.048305129
239,Main,DL-01,DL-01,2023,,OSVI,19,S,6,2,NA,NA,NA,NA,NA,,,0.028352874
240,Main,DL-01,DL-01,2023,,OSVI,14,S,5,3,NA,NA,NA,NA,NA,,,0.015393804
241,Main,DL-01,DL-01,2023,,ACRU,39,I,6,2,NA,NA,NA,NA,NA,,,0.119459061
242,Main,DL-01,DL-01,2023,,PRSE2,37.3,I,5,2,NA,NA,NA,NA,NA,,,0.109271661
243,Main,DL-01,DL-01,2023,,QUAL,30,I,6,2,NA,NA,NA,NA,NA,,,0.070685835
244,Main,DL-02,DL-02,2023,,FAGR,30.7,I,6,2,1,3,2,3,0,0,,0.074022992
245,Main,DL-02,DL-02,2023,,FAGR,16.3,S,6,2,1,3,2,3,0,0,,0.020867244
246,Main,DL-02,DL-02,2023,,QURU,61.6,C,6,2,NA,NA,NA,NA,NA,,,0.298024045
247,Main,DL-02,DL-02,2023,,ACRU,24.3,S,5,2,NA,NA,NA,NA,NA,,,0.046376976
248,Main,DL-02,DL-02,2023,,SNAG,13.4,DEAD,1,7,NA,NA,NA,NA,NA,,,0.014102609
249,Main,DL-02,DL-02,2023,,PRSE2,27.3,S,4,4,NA,NA,NA,NA,NA,,,0.05853494
250,Main,DL-02,DL-02,2023,,QURU,68.8,C,6,2,NA,NA,NA,NA,NA,,,0.371763508
251,Main,DL-02,DL-02,2023,,QURU,74.5,C,5,2,NA,NA,NA,NA,NA,,,0.435915616
252,Main,DL-02,DL-02,2023,,QURU,44.5,I,6,2,NA,NA,NA,NA,NA,,,0.155528471
253,Main,DL-02,DL-02,2023,,ACSA,17.8,S,6,2,NA,NA,NA,NA,NA,,,0.024884555
254,Main,DL-02,DL-02,2023,,ACSA,26.3,I,6,2,NA,NA,NA,NA,NA,,,0.054325206
255,Main,DL-02,DL-02,2023,,ACRU,17.9,I,4,2,NA,NA,NA,NA,NA,,,0.025164943
256,Main,DL-02,DL-02,2023,,QUCO,70,D,5,2,NA,NA,NA,NA,NA,,,0.3848451
257,Main,HA-01,HA-01,2023,,FAGR,42.4,C,6,2,2,2,2,3,0,0,,0.14119574
258,Main,HA-01,HA-01,2023,,QUAL,65.8,C,5,2,NA,NA,NA,NA,NA,,,0.34004913
259,Main,HA-01,HA-01,2023,,QURU,65.4,C,6,2,NA,NA,NA,NA,NA,,,0.335927361
260,Main,HA-01,HA-01,2023,,FAGR,28.7,I,6,2,1,3,2,3,0,0,Carvings in tree,0.064692461
261,Main,HA-01,HA-01,2023,,ACRU,29,S,5,3,NA,NA,NA,NA,NA,,#470,0.066051986
262,Main,HA-01,HA-01,2023,,PRSE2,13.2,I,5,2,NA,NA,NA,NA,NA,,,0.013684778
263,Main,HA-02,HA-02,2023,,FAGR,35.4,I,6,2,1,3,2,3,0,0,,0.098422956
264,Main,HA-02,HA-02,2023,,QUAL,75.7,D,6,2,NA,NA,NA,NA,NA,,,0.450071632
265,Main,HA-02,HA-02,2023,,ACRU,20,S,5,2,NA,NA,NA,NA,NA,,,0.031415927
266,Main,HA-02,HA-02,2023,,QUAL,62.5,C,6,2,NA,NA,NA,NA,NA,,,0.306796158
267,Main,HA-02,HA-02,2023,,PRSE2,44,I,5,2,NA,NA,NA,NA,NA,,,0.152053084
268,Main,HA-02,HA-02,2023,,SNAG,28.5,DEAD,1,8,NA,NA,NA,NA,NA,,,0.063793966
269,Main,HA-02,HA-02,2023,,ACRU,15,S,3,4,NA,NA,NA,NA,NA,,,0.017671459
270,Main,HA-02,HA-02,2023,,ACRU,17.5,S,6,2,NA,NA,NA,NA,NA,,,0.024052819
271,Main,HA-02,HA-02,2023,,SNAG,59.8,DEAD,1,7,NA,NA,NA,NA,NA,,,0.280861525
272,Main,HA-02,HA-02,2023,,ACRU,23.8,S,6,2,NA,NA,NA,NA,NA,,,0.044488094
273,Main,HA-03,HA-03,2023,,FAGR,62.9,C,6,3,2,2,2,3,0,0,,0.310735715
274,Main,HA-03,HA-03,2023,,ACRU,21.1,S,5,2,NA,NA,NA,NA,NA,,,0.034966712
275,Main,HA-03,HA-03,2023,,NYSY,27,I,6,2,NA,NA,NA,NA,NA,,,0.057255526
276,Main,HA-03,HA-03,2023,,ACRU,22.6,S,6,2,NA,NA,NA,NA,NA,,,0.040114997
277,Main,HA-03,HA-03,2023,,NYSY,26,I,6,1,NA,NA,NA,NA,NA,,,0.053092916
278,Main,HA-03,HA-03,2023,,NYSY,48.3,C,6,1,NA,NA,NA,NA,NA,,,0.183224752
279,Main,HA-03,HA-03,2023,,NYSY,21.5,S,1,1,NA,NA,NA,NA,NA,,,0.03630503
280,Main,HA-03,HA-03,2023,,ACRU,32.3,C,5,2,NA,NA,NA,NA,NA,,,0.081939805
281,Main,HA-03,HA-03,2023,,NYSY,23,I,6,1,NA,NA,NA,NA,NA,,,0.041547563
282,Main,HA-03,HA-03,2023,,NYSY,20.8,S,6,1,NA,NA,NA,NA,NA,,,0.033979466
283,Main,HA-03,HA-03,2023,,ACRU,37.2,C,5,2,NA,NA,NA,NA,NA,,,0.108686539
284,Main,HH-01,HH-01,2023,,FAGR,56.6,C,5,2,1,3,2,3,1,0,Many carvings in trunk,0.251607014
285,Main,HH-01,HH-01,2023,,FAGR,52.5,C,6,2,1,3,2,3,1,0,,0.216475369
286,Main,HH-01,HH-01,2023,,ACSA,25,S,6,2,NA,NA,NA,NA,NA,,,0.049087385
287,Main,HH-01,HH-01,2023,,ACSA,45.5,D,6,1,NA,NA,NA,NA,NA,,,0.162597055
288,Main,HH-01,HH-01,2023,,ACSA,20.8,S,6,2,NA,NA,NA,NA,NA,,,0.033979466
289,Main,HH-01,HH-01,2023,,ACSA,41.5,C,6,2,NA,NA,NA,NA,NA,,,0.135265199
290,Main,HH-01,HH-01,2023,,QURU,48.8,C,6,1,NA,NA,NA,NA,NA,,,0.18703786
291,Main,HH-01,HH-01,2023,,QURU,48,C,6,2,NA,NA,NA,NA,NA,,,0.180955737
292,Main,IC-1,IC-01,2023,,FAGR,26,S,5,2,1,3,2,3,2,0,,0.053092916
293,Main,IC-1,IC-01,2023,,ACSA,38.3,C,5,3,NA,NA,NA,NA,NA,,,0.115209271
294,Main,IC-1,IC-01,2023,,ACRU,23.4,S,6,2,NA,NA,NA,NA,NA,,,0.043005262
295,Main,IC-1,IC-01,2023,,LITU,34,C,4,3,NA,NA,NA,NA,NA,,,0.090792028
296,Main,IC-1,IC-01,2023,,ACRU,27.5,S,6,1,NA,NA,NA,NA,NA,,,0.059395736
297,Main,IC-1,IC-01,2023,,ACRU,27.4,I,5,2,NA,NA,NA,NA,NA,,,0.058964553
298,Main,IC-1,IC-01,2023,,ACRU,17.8,S,5,2,NA,NA,NA,NA,NA,,,0.024884555
299,Main,IC-1,IC-01,2023,,LITU,32.6,C,5,1,NA,NA,NA,NA,NA,,,0.083468975
300,Main,IC-1,IC-01,2023,,ACRU,38.6,C,6,2,NA,NA,NA,NA,NA,,,0.117021185
301,Main,IC-1,IC-01,2023,,ACRU,31.2,I,6,1,NA,NA,NA,NA,NA,,,0.076453799
302,Main,IC-1,IC-01,2023,,ACRU,54.6,D,5,2,NA,NA,NA,NA,NA,,,0.234139759
303,Main,IC-1,IC-01,2023,,ACRU,27.8,S,5,2,NA,NA,NA,NA,NA,,,0.060698712
304,Main,IC-1,IC-01,2023,,LITU,33.3,I,5,2,NA,NA,NA,NA,NA,,,0.087092017
305,Main,IC-1,IC-01,2023,,LITU,42.2,C,5,1,NA,NA,NA,NA,NA,,,0.139866847
306,Main,IC-1,IC-01,2023,,SNAG,42.7,DEAD,1,7,NA,NA,NA,NA,NA,,,0.143200862
307,Main,IC-1,IC-01,2023,,SNAG,41.9,DEAD,1,7,NA,NA,NA,NA,NA,,,0.137885287
308,Main,IC-1,IC-01,2023,,ACRU,21.5,S,5,2,NA,NA,NA,NA,NA,,,0.03630503
309,Main,IC-1,IC-01,2023,,LITU,50.1,C,5,2,NA,NA,NA,NA,NA,,,0.197135724
310,Main,IC-1,IC-01,2023,,ACRU,21.3,I,6,2,NA,NA,NA,NA,NA,,,0.035632729
311,Main,IC-1,IC-01,2023,,SNAG,41.5,DEAD,1,8,NA,NA,NA,NA,NA,,,0.135265199
312,Main,IC-1,IC-01,2023,,QURU,50.9,C,5,2,NA,NA,NA,NA,NA,,,0.203481742
313,Main,IC-10,IC-10,2023,,FAGR,21.7,S,3,4,2,3,4,3,4,2,#393,0.036983614
314,Main,IC-10,IC-10,2023,,LITU,73.3,D,6,2,NA,NA,NA,NA,NA,,,0.421985794
315,Main,IC-10,IC-10,2023,,ACSA,20.3,S,6,2,NA,NA,NA,NA,NA,,,0.032365473
316,Main,IC-10,IC-10,2023,,ACSA,15.4,S,6,1,NA,NA,NA,NA,NA,,,0.018626503
317,Main,IC-10,IC-10,2023,,ACSA,21.7,I,5,2,NA,NA,NA,NA,NA,,,0.036983614
318,Main,IC-10,IC-10,2023,,ACSA,14.9,S,5,1,NA,NA,NA,NA,NA,,,0.017436625
319,Main,IC-10,IC-10,2023,,OSVI,19.4,I,6,1,NA,NA,NA,NA,NA,,,0.029559245
320,Main,IC-10,IC-10,2023,,FAGR,25.4,I,4,3,1,3,3,3,4,3,#391 BBD,0.050670748
321,Main,IC-10,IC-10,2023,,LITU,51.6,D,5,1,NA,NA,NA,NA,NA,,,0.209116973
322,Main,IC-10,IC-10,2023,,SNAG,36.5,DEAD,1,7,NA,NA,NA,NA,NA,,,0.10463467
323,Main,IC-10,IC-10,2023,,FAGR,14,S,2,3,1,3,3,3,4,3,,0.015393804
324,Main,IC-10,IC-10,2023,,FAGR,15.9,S,3,3,1,3,3,3,3,2,,0.019855651
325,Main,IC-10,IC-10,2023,,ACSA,13.3,S,2,2,NA,NA,NA,NA,NA,,No top trunk,0.013892908
326,Main,IC-10,IC-10,2023,,ACSA,25,C,6,1,NA,NA,NA,NA,NA,,#392,0.049087385
327,Main,IC-10,IC-10,2023,,SNAG,57.8,DEAD,1,8,NA,NA,NA,NA,NA,,,0.26238896
328,Main,IC-10,IC-10,2023,,SNAG,18.2,DEAD,1,8,NA,NA,NA,NA,NA,,,0.026015529
329,Main,IC-10,IC-10,2023,,FAGR,28.7,I,4,3,2,3,3,3,2,2,,0.064692461
330,Main,IC-10,IC-10,2023,,FAGR,41,C,4,3,3,3,2,3,2,0,,0.132025431
331,Main,IC-10,IC-10,2023,,FAGR,63.1,D,5,2,1,3,2,2,2,2,BBD,0.312714918
332,Main,IC-10,IC-10,2023,,LITU,37.6,C,6,1,NA,NA,NA,NA,NA,,#394,0.111036451
333,Main,IC-11,IC-11,2023,,FAGR,29.9,I,5,2,2,1,2,3,1,0,#372,0.070215381
334,Main,IC-11,IC-11,2023,,ACSA,28.5,I,6,2,NA,NA,NA,NA,NA,,,0.063793966
335,Main,IC-11,IC-11,2023,,FAGR,21.3,S,4,3,1,3,3,3,3,2,,0.035632729
336,Main,IC-11,IC-11,2023,,ACSA,29.3,C,6,2,NA,NA,NA,NA,NA,,,0.067425647
337,Main,IC-11,IC-11,2023,,FAGR,24.3,I,5,2,2,1,2,3,3,3,,0.046376976
338,Main,IC-11,IC-11,2023,,FAGR,47.3,C,5,2,1,3,2,2,4,3,,0.175716346
339,Main,IC-11,IC-11,2023,,LITU,39.6,C,6,1,NA,NA,NA,NA,NA,,#383,0.123162998
340,Main,IC-11,IC-11,2023,,LITU,39.7,V,6,2,NA,NA,NA,NA,NA,,,0.123785819
341,Main,IC-11,IC-11,2023,,TIAM,20.8,I,6,1,NA,NA,NA,NA,NA,,,0.033979466
342,Main,IC-11,IC-11,2023,,FAGR,19.8,I,2,2,2,1,2,1,2,2,Trunk missing from top,0.03079075
343,Main,IC-11,IC-11,2023,,SNAG,31.1,DEAD,1,8,NA,NA,NA,NA,NA,,vitis on trunk,0.075964496
344,Main,IC-11,IC-11,2023,,ACSA,51.7,D,6,1,NA,NA,NA,NA,NA,,#371,0.20992829
345,Main,IC-11,IC-11,2023,,ACSA,26.7,C,6,1,NA,NA,NA,NA,NA,,,0.05599025
346,Main,IC-11,IC-11,2023,,SNAG,17.8,DEAD,1,8,NA,NA,NA,NA,NA,,,0.024884555
347,Main,IC-12,IC-12,2023,,FAGR,53.6,C,5,3,3,1,3,3,4,3,#366,0.225641751
348,Main,IC-12,IC-12,2023,,SNAG,48.7,DEAD,1,8,NA,NA,NA,NA,NA,,,0.186272097
349,Main,IC-12,IC-12,2023,,LITU,15.4,I,6,1,NA,NA,NA,NA,NA,,,0.018626503
350,Main,IC-12,IC-12,2023,,SNAG,14.5,DEAD,1,7,NA,NA,NA,NA,NA,,,0.016512996
351,Main,IC-12,IC-12,2023,,QURU,16.9,I,6,1,NA,NA,NA,NA,NA,,,0.022431757
352,Main,IC-12,IC-12,2023,,QURU,43.8,C,6,2,NA,NA,NA,NA,NA,,,0.150673925
353,Main,IC-12,IC-12,2023,,FAGR,13,S,5,2,1,3,2,3,4,3,,0.013273229
354,Main,IC-12,IC-12,2023,,QURU,13.8,S,6,2,NA,NA,NA,NA,NA,,,0.014957123
355,Main,IC-12,IC-12,2023,,LITU,57.2,C,5,1,NA,NA,NA,NA,NA,,Pest damage on leaves,0.256969713
356,Main,IC-12,IC-12,2023,,ACRU,17,S,6,2,NA,NA,NA,NA,NA,,,0.022698007
357,Main,IC-12,IC-12,2023,,QURU,54.9,C,6,2,NA,NA,NA,NA,NA,,,0.236719792
358,Main,IC-12,IC-12,2023,,SNAG,25.6,DEAD,1,7,NA,NA,NA,NA,NA,,,0.051471854
359,Main,IC-12,IC-12,2023,,SNAG,19.7,DEAD,1,7,NA,NA,NA,NA,NA,,,0.030480517
360,Main,IC-12,IC-12,2023,,QURU,15.6,I,6,2,NA,NA,NA,NA,NA,,,0.01911345
361,Main,IC-13,IC-13,2023,,FAGR,20.5,DEAD,1,7,NA,NA,NA,NA,NA,,#883,0.033006358
362,Main,IC-13,IC-13,2023,,FAGR,15.5,S,6,2,2,1,2,1,1,0,,0.018869191
363,Main,IC-13,IC-13,2023,,FAGR,68.6,D,6,2,1,3,2,3,1,0,,0.369605234
364,Main,IC-13,IC-13,2023,,FAGR,35,C,6,3,2,1,2,1,2,2,,0.096211275
365,Main,IC-13,IC-13,2023,,FAGR,27.7,I,4,3,2,1,3,3,2,1,#889,0.060262816
366,Main,IC-13,IC-13,2023,,SNAG,20.9,DEAD,1,8,NA,NA,NA,NA,NA,,decently rotted,0.034306977
367,Main,IC-13,IC-13,2023,,CARYA,37.9,C,6,1,NA,NA,NA,NA,NA,,,0.112815378
368,Main,IC-13,IC-13,2023,,FAGR,38,I,5,3,2,1,2,3,1,0,,0.113411495
369,Main,IC-13,IC-13,2023,,ACSA,45.8,C,5,2,NA,NA,NA,NA,NA,,#882,0.16474826
370,Main,IC-13,IC-13,2023,,TIAM,20.8,I,5,2,NA,NA,NA,NA,NA,,,0.033979466
371,Main,IC-13,IC-13,2023,,TIAM,20.1,I,6,1,NA,NA,NA,NA,NA,,,0.031730871
372,Main,IC-13,IC-13,2023,,QURU,25.1,I,5,3,NA,NA,NA,NA,NA,,#881,0.04948087
373,Main,IC-13,IC-13,2023,,LITU,36.4,C,6,2,NA,NA,NA,NA,NA,,,0.104062115
374,Main,IC-13,IC-13,2023,,LITU,22,I,6,1,NA,NA,NA,NA,NA,,,0.038013271
375,Main,IC-14,IC-14,2023,,FAGR,30,S,4,2,1,3,2,3,3,2,#891,0.070685835
376,Main,IC-14,IC-14,2023,,FAGR,43.3,C,5,2,2,1,2,3,2,0,,0.147253516
377,Main,IC-14,IC-14,2023,,SNAG,42.1,DEAD,1,7,NA,NA,NA,NA,NA,,,0.139204756
378,Main,IC-14,IC-14,2023,,SNAG,34.8,DEAD,1,7,NA,NA,NA,NA,NA,,,0.095114859
379,Main,IC-14,IC-14,2023,,SNAG,20.6,DEAD,1,8,NA,NA,NA,NA,NA,,,0.033329156
380,Main,IC-14,IC-14,2023,,SNAG,13.4,DEAD,6,8,NA,NA,NA,NA,NA,,,0.014102609
381,Main,IC-14,IC-14,2023,,QURU,72.9,C,4,2,NA,NA,NA,NA,NA,,,0.417392785
382,Main,IC-14,IC-14,2023,,LITU,75.9,D,1,3,NA,NA,NA,NA,NA,,,0.452452959
383,Main,IC-14,IC-14,2023,,SNAG,58.8,DEAD,6,8,NA,NA,NA,NA,NA,,,0.271546703
384,Main,IC-14,IC-14,2023,,ACSA,19.1,S,5,1,NA,NA,NA,NA,NA,,,0.02865211
385,Main,IC-14,IC-14,2023,,FAGR,56.5,C,4,2,1,3,2,3,3,2,,0.250718729
386,Main,IC-14,IC-14,2023,,FAGR,30.7,C,1,3,2,1,2,3,1,0,#892,0.074022992
387,Main,IC-14,IC-14,2023,,SNAG,32.1,DEAD,1,8,NA,NA,NA,NA,NA,,,0.080928212
388,Main,IC-14,IC-14,2023,,SNAG,37.2,DEAD,1,8,NA,NA,NA,NA,NA,,,0.108686539
389,Main,IC-14,IC-14,2023,,SNAG,25.4,DEAD,5,8,NA,NA,NA,NA,NA,,,0.050670748
390,Main,IC-14,IC-14,2023,,FAGR,37.1,I,5,3,2,1,2,3,1,0,,0.108102989
391,Main,IC-14,IC-14,2023,,FAGR,23.3,S,5,2,1,3,2,3,3,2,,0.042638481
392,Main,IC-14,IC-14,2023,,FAGR,19.8,S,4,3,1,3,3,3,3,2,,0.03079075
393,Main,IC-14,IC-14,2023,,FAGR,38.8,C,4,2,1,3,2,3,2,0,"#995, vitis in tree",0.118236981
394,Main,IC-14,IC-14,2023,,ACSA,16.3,S,6,1,NA,NA,NA,NA,NA,,,0.020867244
395,Main,IC-16,IC-16,2023,,FAGR,35.5,C,5,2,1,3,2,1,2,0,#420 ,0.098979804
396,Main,IC-16,IC-16,2023,,CARYA,33,C,6,2,NA,NA,NA,NA,NA,,,0.08552986
397,Main,IC-16,IC-16,2023,,SNAG,21.5,DEAD,1,8,NA,NA,NA,NA,NA,,,0.03630503
398,Main,IC-16,IC-16,2023,,SNAG,29.3,DEAD,1,8,NA,NA,NA,NA,NA,,Splitting in middle,0.067425647
399,Main,IC-16,IC-16,2023,,TIAM,25.5,I,5,2,NA,NA,NA,NA,NA,,,0.051070516
400,Main,IC-16,IC-16,2023,,TIAM,39.3,C,6,2,NA,NA,NA,NA,NA,,,0.121303961
401,Main,IC-16,IC-16,2023,,CARYA,35.4,C,6,2,NA,NA,NA,NA,NA,,,0.098422956
402,Main,IC-16,IC-16,2023,,CAOV2,17.5,I,6,2,NA,NA,NA,NA,NA,,,0.024052819
403,Main,IC-16,IC-16,2023,,ACSA,16.8,S,6,1,NA,NA,NA,NA,NA,,,0.022167078
404,Main,IC-16,IC-16,2023,,SNAG,20.7,DEAD,1,8,NA,NA,NA,NA,NA,,,0.033653526
405,Main,IC-16,IC-16,2023,,TIAM,21.3,I,6,1,NA,NA,NA,NA,NA,,,0.035632729
406,Main,IC-16,IC-16,2023,,QURU,28.2,I,5,2,NA,NA,NA,NA,NA,,,0.062458004
407,Main,IC-16,IC-16,2023,,ACSA,13.2,I,6,1,NA,NA,NA,NA,NA,,,0.013684778
408,Main,IC-16,IC-16,2023,,ACSA,15.7,I,5,2,NA,NA,NA,NA,NA,,,0.019359279
409,Main,IC-16,IC-16,2023,,ACSA,21,C,5,2,NA,NA,NA,NA,NA,,,0.034636059
410,Main,IC-16,IC-16,2023,,LITU,25.8,I,6,1,NA,NA,NA,NA,NA,,,0.052279243
411,Main,IC-16,IC-16,2023,,LITU,76.4,D,4,3,NA,NA,NA,NA,NA,,,0.458433766
412,Main,IC-16,IC-16,2023,,LITU,23.1,I,5,2,NA,NA,NA,NA,NA,,,0.041909631
413,Main,IC-16,IC-16,2023,,ACSA,13.1,S,5,2,NA,NA,NA,NA,NA,,,0.013478218
414,Main,IC-16,IC-16,2023,,LITU,17.4,I,5,1,NA,NA,NA,NA,NA,,,0.023778715
415,Main,IC-16,IC-16,2023,,ACSA,23.2,I,5,3,NA,NA,NA,NA,NA,,,0.042273271
416,Main,IC-16,IC-16,2023,,SNAG,24,DEAD,1,7,NA,NA,NA,NA,NA,,Breaking at DBH,0.045238934
417,Main,IC-16,IC-16,2023,,ACSA,13.4,I,5,2,NA,NA,NA,NA,NA,,,0.014102609
418,Main,IC-16,IC-16,2023,,CARYA,17.5,C,5,2,NA,NA,NA,NA,NA,,,0.024052819
419,Main,IC-2,IC-02,2023,,FAGR,26.9,I,3,3,2,1,3,3,2,2,#37,0.056832197
420,Main,IC-2,IC-02,2023,,CACOV2,21,I,6,1,NA,NA,NA,NA,NA,,,0.034636059
421,Main,IC-2,IC-02,2023,,ACRU,51.1,D,6,2,NA,NA,NA,NA,NA,,,0.205083954
422,Main,IC-2,IC-02,2023,,ACRU,32.1,I,6,1,NA,NA,NA,NA,NA,,#50,0.080928212
423,Main,IC-2,IC-02,2023,,CACOV2,20.1,S,6,1,NA,NA,NA,NA,NA,,,0.031730871
424,Main,IC-2,IC-02,2023,,FAGR,28.4,S,4,3,2,3,3,3,3,3,,0.063347074
425,Main,IC-2,IC-02,2023,,QURU,70.1,D,5,2,NA,NA,NA,NA,NA,,,0.385945443
426,Main,IC-2,IC-02,2023,,FAGR,26.8,I,3,4,3,2,2,3,2,1,,0.056410438
427,Main,IC-2,IC-02,2023,,FAGR,23.5,I,5,2,2,3,2,1,2,3,,0.043373614
428,Main,IC-2,IC-02,2023,,FAGR,26.3,S,5,2,1,3,2,3,2,1,,0.054325206
429,Main,IC-2,IC-02,2023,,SNAG,82.1,DEAD,1,8,NA,NA,NA,NA,NA,,,0.529390563
430,Main,IC-2,IC-02,2023,,LITU,18.1,I,5,2,NA,NA,NA,NA,NA,,,0.025730429
431,Main,IC-2,IC-02,2023,,LITU,49.3,D,5,2,NA,NA,NA,NA,NA,,,0.190890238
432,Main,IC-2,IC-02,2023,,SNAG,72.7,DEAD,1,7,NA,NA,NA,NA,NA,,,0.415105706
433,Main,IC-3,IC-03,2023,,FAGR,41.5,C,5,2,2,1,2,1,3,3,"#13,vitis",0.135265199
434,Main,IC-3,IC-03,2023,,LITU,28.2,S,5,2,NA,NA,NA,NA,NA,,,0.062458004
435,Main,IC-3,IC-03,2023,,ACRU,27.7,S,5,2,NA,NA,NA,NA,NA,,,0.060262816
436,Main,IC-3,IC-03,2023,,ACRU,23.9,S,4,3,NA,NA,NA,NA,NA,,,0.044862728
437,Main,IC-3,IC-03,2023,,CAOV2,43.1,C,5,1,NA,NA,NA,NA,NA,,,0.145896348
438,Main,IC-3,IC-03,2023,,ACRU,32.3,S,3,4,NA,NA,NA,NA,NA,,,0.081939805
439,Main,IC-3,IC-03,2023,,FAGR,16.6,S,5,3,2,1,3,3,4,3,,0.021642432
440,Main,IC-3,IC-03,2023,,CAOV2,37.1,C,5,3,NA,NA,NA,NA,NA,,,0.108102989
441,Main,IC-3,IC-03,2023,,SNAG,18.9,DEAD,1,8,NA,NA,NA,NA,NA,,,0.028055208
442,Main,IC-3,IC-03,2023,,CAOV2,43.4,C,6,2,NA,NA,NA,NA,NA,,,0.147934456
443,Main,IC-3,IC-03,2023,,LITU,54.8,D,4,2,NA,NA,NA,NA,NA,,,0.23585821
444,Main,IC-3,IC-03,2023,,ACRU,33.3,C,6,1,NA,NA,NA,NA,NA,,,0.087092017
445,Main,IC-3,IC-03,2023,,LITU,63.1,D,5,1,NA,NA,NA,NA,NA,,,0.312714918
446,Main,IC-3,IC-03,2023,,LITU,15.1,S,5,1,NA,NA,NA,NA,NA,,,0.017907864
447,Main,IC-3,IC-03,2023,,LITU,49.9,C,6,2,NA,NA,NA,NA,NA,,,0.195564928
448,Main,IC-3,IC-03,2023,,PLOC,30.2,C,5,2,NA,NA,NA,NA,NA,,,0.071631454
449,Main,IC-4,IC-04,2023,,FAGR,20.9,DEAD,1,7,7,3,7,3,0,,"#1, tree is dead",0.034306977
450,Main,IC-4,IC-04,2023,,ACSA,38.8,C,5,2,NA,NA,NA,NA,NA,,,0.118236981
451,Main,IC-4,IC-04,2023,,CARYA,22.4,I,6,1,NA,NA,NA,NA,NA,,,0.039408138
452,Main,IC-4,IC-04,2023,,ACSA,20.4,S,6,1,NA,NA,NA,NA,NA,,,0.03268513
453,Main,IC-4,IC-04,2023,,ACSA,24.8,S,6,1,NA,NA,NA,NA,NA,,#2,0.048305129
454,Main,IC-4,IC-04,2023,,SNAG,21.6,DEAD,1,8,NA,NA,NA,NA,NA,,,0.036643537
455,Main,IC-4,IC-04,2023,,FAGR,47.5,C,4,3,2,1,3,3,2,2,,0.177205461
456,Main,IC-4,IC-04,2023,,FAGR,54.2,C,5,2,2,1,2,1,3,2,,0.230721706
457,Main,IC-4,IC-04,2023,,SNAG,13,DEAD,1,8,NA,NA,NA,NA,NA,,,0.013273229
458,Main,IC-4,IC-04,2023,,PRSE2,40.6,C,4,3,NA,NA,NA,NA,NA,,,0.129461892
459,Main,IC-4,IC-04,2023,,SNAG,36.1,DEAD,1,8,NA,NA,NA,NA,NA,,,0.102353874
460,Main,IC-4,IC-04,2023,,FAGR,12.8,S,4,3,2,1,3,3,3,2,,0.012867964
461,Main,IC-4,IC-04,2023,,FAGR,17.1,I,5,2,1,3,2,1,3,3,,0.022965828
462,Main,IC-5,IC-05,2023,,FAGR,38.7,I,5,2,2,1,2,1,2,0,#545,0.117628298
463,Main,IC-5,IC-05,2023,,CAOV2,59.5,D,5,2,NA,NA,NA,NA,NA,,#544,0.278050585
464,Main,IC-5,IC-05,2023,,SNAG,45,DEAD,1,8,NA,NA,NA,NA,NA,,,0.159043128
465,Main,IC-5,IC-05,2023,,PRSE2,64.6,D,5,1,NA,NA,NA,NA,NA,,,0.32775922
466,Main,IC-5,IC-05,2023,,SNAG,31.5,DEAD,1,8,NA,NA,NA,NA,NA,,,0.077931133
467,Main,IC-5,IC-05,2023,,FAGR,43.1,I,6,2,1,3,2,3,2,0,,0.145896348
468,Main,IC-5,IC-05,2023,,FAGR,32.7,C,5,3,2,2,2,3,2,0,,0.08398184
469,Main,IC-5,IC-05,2023,,SNAG,16,DEAD,1,7,NA,NA,NA,NA,NA,,,0.020106193
470,Main,IC-5,IC-05,2023,,ACRU,18.4,S,5,2,NA,NA,NA,NA,NA,,,0.02659044
471,Main,IC-5,IC-05,2023,,ACSA,15.9,S,6,2,NA,NA,NA,NA,NA,,,0.019855651
472,Main,IC-5,IC-05,2023,,QUAL,30.5,I,5,2,NA,NA,NA,NA,NA,,,0.073061664
473,Main,IC-6,IC-06,2023,,FAGR,36.7,C,6,2,2,1,1,3,1,0,#553,0.105784493
474,Main,IC-6,IC-06,2023,,FAGR,19.6,S,4,3,1,3,3,3,3,2,,0.030171856
475,Main,IC-6,IC-06,2023,,FAGR,13.9,S,5,3,2,1,2,3,3,2,,0.015174678
476,Main,IC-6,IC-06,2023,,FAGR,59.2,D,5,2,2,1,2,1,2,1,,0.275253782
477,Main,IC-6,IC-06,2023,,QURU,28.5,S,6,1,NA,NA,NA,NA,NA,,,0.063793966
478,Main,IC-6,IC-06,2023,,SNAG,15.7,DEAD,1,8,NA,NA,NA,NA,NA,,,0.019359279
479,Main,IC-6,IC-06,2023,,SAAL5,38,C,6,2,NA,NA,NA,NA,NA,,,0.113411495
480,Main,IC-6,IC-06,2023,,SAAL5,28.4,I,6,1,NA,NA,NA,NA,NA,,,0.063347074
481,Main,IC-6,IC-06,2023,,ACRU,22.7,S,6,2,NA,NA,NA,NA,NA,,,0.040470782
482,Main,IC-6,IC-06,2023,,SAAL5,42,C,4,3,NA,NA,NA,NA,NA,,,0.138544236
483,Main,IC-6,IC-06,2023,,FAGR,30.5,I,5,2,1,3,2,3,2,0,,0.073061664
484,Main,IC-6,IC-06,2023,,FAGR,15.7,S,5,3,1,3,3,3,4,2,,0.019359279
485,Main,IC-7,IC-07,2023,,FAGR,33.3,C,5,2,2,1,2,3,3,2,#835,0.087092017
486,Main,IC-7,IC-07,2023,,FAGR,42.4,D,5,2,2,1,2,3,2,0,Vitis in tree,0.14119574
487,Main,IC-7,IC-07,2023,,SNAG,15.5,DEAD,1,8,NA,NA,NA,NA,NA,,,0.018869191
488,Main,IC-7,IC-07,2023,,ACRU,23.7,I,6,2,NA,NA,NA,NA,NA,,,0.044115029
489,Main,IC-7,IC-07,2023,,ACRU,36.2,I,5,2,NA,NA,NA,NA,NA,,Frost damage,0.102921717
490,Main,IC-7,IC-07,2023,,ACRU,32,C,5,2,NA,NA,NA,NA,NA,,,0.080424772
491,Main,IC-7,IC-07,2023,,FAGR,14.7,I,5,3,2,1,2,3,3,2,,0.016971669
492,Main,IC-7,IC-07,2023,,FAGR,29.9,C,5,3,2,1,3,1,3,2,,0.070215381
493,Main,IC-7,IC-07,2023,,FAGR,16.5,S,4,3,2,1,3,3,2,2,,0.021382465
494,Main,IC-7,IC-07,2023,,ACRU,19.9,I,6,1,NA,NA,NA,NA,NA,,,0.031102553
495,Main,IC-7,IC-07,2023,,ACSA,22.8,C,6,1,NA,NA,NA,NA,NA,,,0.040828138
496,Main,IC-7,IC-07,2023,,SNAG,66,DEAD,1,7,NA,NA,NA,NA,NA,,half of trunk fell,0.34211944
497,Main,IC-7,IC-07,2023,,FAGR,22.5,S,3,4,3,1,4,3,4,3,,0.039760782
498,Main,IC-7,IC-07,2023,,FAGR,23,I,4,3,2,1,3,1,3,2,,0.041547563
499,Main,IC-7,IC-07,2023,,FAGR,15,S,2,6,5,3,6,3,4,4,,0.017671459
500,Main,IC-7,IC-07,2023,,ACRU,39.8,C,5,2,NA,NA,NA,NA,NA,,"#836, Vitis in tree",0.124410211
501,Main,IC-7,IC-07,2023,,FAGR,52.6,D,5,2,2,1,2,3,2,0,Vitis in tree,0.217300822
502,Main,IC-8,IC-08,2023,,FAGR,32.2,C,5,2,2,1,2,3,2,2,#849,0.081433223
503,Main,IC-8,IC-08,2023,,ACSA,30.5,C,5,2,NA,NA,NA,NA,NA,,,0.073061664
504,Main,IC-8,IC-08,2023,,FAGR,25.7,I,5,2,1,3,2,3,3,3,,0.051874763
505,Main,IC-8,IC-08,2023,,ACSA,24.1,I,6,1,NA,NA,NA,NA,NA,,,0.045616711
506,Main,IC-8,IC-08,2023,,ACSA,23.7,I,5,2,NA,NA,NA,NA,NA,,,0.044115029
507,Main,IC-8,IC-08,2023,,ACSA,23.6,I,5,3,NA,NA,NA,NA,NA,,,0.043743536
508,Main,IC-8,IC-08,2023,,ACSA,21.7,I,6,1,NA,NA,NA,NA,NA,,#851,0.036983614
509,Main,IC-8,IC-08,2023,,FAGR,15,S,3,3,2,3,3,3,2,2,Vitis in tree,0.017671459
510,Main,IC-8,IC-08,2023,,ACSA,33.1,C,6,2,NA,NA,NA,NA,NA,,,0.086049008
511,Main,IC-8,IC-08,2023,,FAGR,17.7,S,3,3,1,3,3,3,3,3,Vitis in tree,0.024605739
512,Main,IC-8,IC-08,2023,,ACSA,16.3,I,5,2,NA,NA,NA,NA,NA,,,0.020867244
513,Main,IC-8,IC-08,2023,,ACSA,18.8,S,5,2,NA,NA,NA,NA,NA,,,0.027759113
514,Main,IC-8,IC-08,2023,,ACSA,27.7,C,5,2,NA,NA,NA,NA,NA,,,0.060262816
515,Main,IC-8,IC-08,2023,,FAGR,65.4,D,6,2,1,3,2,3,3,2,,0.335927361
516,Main,IC-8,IC-08,2023,,ACSA,20.3,S,6,1,NA,NA,NA,NA,NA,,,0.032365473
517,Main,IC-8,IC-08,2023,,ACSA,15.9,S,6,1,NA,NA,NA,NA,NA,,,0.019855651
518,Main,IC-8,IC-08,2023,,ACSA,25.1,I,5,2,NA,NA,NA,NA,NA,,,0.04948087
519,Main,IC-8,IC-08,2023,,SNAG,35.1,DEAD,1,7,NA,NA,NA,NA,NA,,,0.096761839
520,Main,IC-8,IC-08,2023,,ACSA,48.7,C,6,2,NA,NA,NA,NA,NA,,#848,0.186272097
521,Main,IC-9,IC-09,2023,,FAGR,29.5,C,5,2,1,3,2,1,2,2,#275,0.068349275
522,Main,IC-9,IC-09,2023,,OSVI,15.4,S,6,1,NA,NA,NA,NA,NA,,,0.018626503
523,Main,IC-9,IC-09,2023,,ACSA,59.2,C,6,2,NA,NA,NA,NA,NA,,,0.275253782
524,Main,IC-9,IC-09,2023,,CARYA,34.2,S,6,1,NA,NA,NA,NA,NA,,,0.091863311
525,Main,IC-9,IC-09,2023,,SNAG,28.8,DEAD,1,8,NA,NA,NA,NA,NA,,,0.065144065
526,Main,IC-9,IC-09,2023,,SNAG,23.4,DEAD,1,8,NA,NA,NA,NA,NA,,,0.043005262
527,Main,IC-9,IC-09,2023,,ACSA,15.4,S,6,1,NA,NA,NA,NA,NA,,,0.018626503
528,Main,IC-9,IC-09,2023,,SNAG,30.3,DEAD,1,8,NA,NA,NA,NA,NA,,,0.07210662
529,Main,IC-9,IC-09,2023,,SNAG,28.2,DEAD,1,8,NA,NA,NA,NA,NA,,,0.062458004
530,Main,IC-9,IC-09,2023,,CARYA,34.4,C,5,2,NA,NA,NA,NA,NA,,,0.092940877
531,Main,IC-9,IC-09,2023,,QURU,55.2,C,6,1,NA,NA,NA,NA,NA,,,0.239313962
532,Main,IC-9,IC-09,2023,,CARYA,32.6,C,6,1,NA,NA,NA,NA,NA,,,0.083468975
533,Main,IC-9,IC-09,2023,,SNAG,32.4,DEAD,1,7,NA,NA,NA,NA,NA,,,0.082447958
534,Main,IC-9,IC-09,2023,,FAGR,39.5,C,4,3,2,1,3,3,3,2,,0.122541748
535,Main,IC-9,IC-09,2023,,FAGR,34.5,C,4,2,1,3,3,3,3,2,,0.093482016
536,Main,IC-9,IC-09,2023,,ACSA,41.4,I,4,2,NA,NA,NA,NA,NA,,,0.134614104
537,Main,IC-9,IC-09,2023,,CARYA,45.9,C,5,2,NA,NA,NA,NA,NA,,,0.16546847
538,Main,ICTSI-1,ICTSI-01,2023,,FAGR,37,C,4,3,2,1,2,3,3,2,#242,0.107521009
539,Main,ICTSI-1,ICTSI-01,2023,,ACSA,30.6,I,6,1,NA,NA,NA,NA,NA,,,0.073541542
540,Main,ICTSI-1,ICTSI-01,2023,,ACSA,46.5,C,6,2,NA,NA,NA,NA,NA,,,0.169822718
541,Main,ICTSI-1,ICTSI-01,2023,,ACSA,31.5,C,5,1,NA,NA,NA,NA,NA,,,0.077931133
542,Main,ICTSI-1,ICTSI-01,2023,,SNAG,35.6,S,1,8,NA,NA,NA,NA,NA,,,0.099538222
543,Main,ICTSI-1,ICTSI-01,2023,,CAOV2,27.2,I,6,1,NA,NA,NA,NA,NA,,,0.058106898
544,Main,ICTSI-1,ICTSI-01,2023,,QUAL,50.9,C,5,2,NA,NA,NA,NA,NA,,,0.203481742
545,Main,ICTSI-1,ICTSI-01,2023,,ACSA,20.7,S,5,2,NA,NA,NA,NA,NA,,,0.033653526
546,Main,ICTSI-1,ICTSI-01,2023,,ACSA,20,S,6,2,NA,NA,NA,NA,NA,,,0.031415927
547,Main,ICTSI-1,ICTSI-01,2023,,ACSA,20.2,S,6,1,NA,NA,NA,NA,NA,,,0.032047387
548,Main,ICTSI-1,ICTSI-01,2023,,QUAL,62.9,D,6,2,NA,NA,NA,NA,NA,,,0.310735715
549,Main,ICTSI-1,ICTSI-01,2023,,CARYA,15.3,S,6,1,NA,NA,NA,NA,NA,,,0.018385386
550,Main,ICTSI-1,ICTSI-01,2023,,CARYA,15,S,6,1,NA,NA,NA,NA,NA,,,0.017671459
551,Main,ICTSI-10,ICTSI-10,2023,,FAGR,23.3,C,3,2,1,3,1,3,2,#901,,0.042638481
552,Main,ICTSI-10,ICTSI-10,2023,,SNAG,44.1,DEAD,7,NA,NA,NA,NA,NA,NA,,,0.15274502
553,Main,ICTSI-10,ICTSI-10,2023,,QURU,21.3,I,2,NA,NA,NA,NA,NA,NA,,,0.035632729
554,Main,ICTSI-10,ICTSI-10,2023,,ACSA,13.8,C,1,NA,NA,NA,NA,NA,NA,,,0.014957123
555,Main,ICTSI-10,ICTSI-10,2023,,QURU,15.2,I,2,NA,NA,NA,NA,NA,NA,,,0.018145839
556,Main,ICTSI-10,ICTSI-10,2023,,ACSA,56.4,C,2,NA,NA,NA,NA,NA,NA,,,0.249832014
557,Main,ICTSI-10,ICTSI-10,2023,,PRSE2,16.2,S,2,NA,NA,NA,NA,NA,NA,,,0.020611989
558,Main,ICTSI-10,ICTSI-10,2023,,QURU,16.6,I,2,NA,NA,NA,NA,NA,NA,,,0.021642432
559,Main,ICTSI-10,ICTSI-10,2023,,ACSA,40.4,D,2,NA,NA,NA,NA,NA,NA,,,0.128189547
560,Main,ICTSI-10,ICTSI-10,2023,,SNAG,40.2,DEAD,7,NA,NA,NA,NA,NA,NA,,,0.126923485
561,Main,ICTSI-10,ICTSI-10,2023,,ACSA,52.6,C,1,NA,NA,NA,NA,NA,NA,,,0.217300822
562,Main,ICTSI-10,ICTSI-10,2023,,FAGR,12.8,I,3,1,3,3,3,3,2,,,0.012867964
563,Main,ICTSI-2,ICTSI-02,2023,,FAGR,45.2,C,6,2,1,3,2,3,2,0,#192,0.160459986
564,Main,ICTSI-2,ICTSI-02,2023,,FAGR,13.7,S,4,2,1,3,2,3,4,3,,0.014741138
565,Main,ICTSI-2,ICTSI-02,2023,,PRSE2,61.4,C,5,1,NA,NA,NA,NA,NA,,,0.296091966
566,Main,ICTSI-2,ICTSI-02,2023,,FAGR,31.2,C,4,3,2,2,2,3,3,2,,0.076453799
567,Main,ICTSI-3,ICTSI-03,2023,,FAGR,28.2,I,5,2,2,1,2,2,1,0,"#187, center",0.062458004
568,Main,ICTSI-3,ICTSI-03,2023,,SNAG,35.7,DEAD,8,NA,NA,NA,NA,NA,NA,,,0.100098211
569,Main,ICTSI-3,ICTSI-03,2023,,ACRU,72.3,D,6,2,NA,NA,NA,NA,NA,,,0.410550397
570,Main,ICTSI-3,ICTSI-03,2023,,ACSA,15.1,S,6,2,NA,NA,NA,NA,NA,,,0.017907864
571,Main,ICTSI-3,ICTSI-03,2023,,ACSA,21.8,I,6,2,NA,NA,NA,NA,NA,,,0.037325262
572,Main,ICTSI-3,ICTSI-03,2023,,ACSA,51.6,C,4,3,NA,NA,NA,NA,NA,,,0.209116973
573,Main,ICTSI-3,ICTSI-03,2023,,ACSA,24.8,I,5,2,NA,NA,NA,NA,NA,,,0.048305129
574,Main,ICTSI-3,ICTSI-03,2023,,CARYA,23.9,I,5,2,NA,NA,NA,NA,NA,,,0.044862728
575,Main,ICTSI-3,ICTSI-03,2023,,NYSY,14.7,I,6,1,NA,NA,NA,NA,NA,,,0.016971669
576,Main,ICTSI-3,ICTSI-03,2023,,ACRU,17.1,I,6,1,NA,NA,NA,NA,NA,,,0.022965828
577,Main,ICTSI-3,ICTSI-03,2023,,ACRU,12.2,S,6,1,NA,NA,NA,NA,NA,,,0.011689866
578,Main,ICTSI-3,ICTSI-03,2023,,ACSA,30.7,I,5,2,NA,NA,NA,NA,NA,,,0.074022992
579,Main,ICTSI-3,ICTSI-03,2023,,LITU,70.9,C,5,1,NA,NA,NA,NA,NA,,,0.394804734
580,Main,ICTSI-3,ICTSI-03,2023,,FAGR,22.6,S,2,4,2,3,4,3,4,3,,0.040114997
581,Main,ICTSI-4,ICTSI-04,2023,,FAGR,27.2,I,4,3,3,1,3,3,3,2,#361,0.058106898
582,Main,ICTSI-4,ICTSI-04,2023,,ACSA,40.6,C,5,2,NA,NA,NA,NA,NA,,,0.129461892
583,Main,ICTSI-4,ICTSI-04,2023,,QURU,15.4,I,6,1,NA,NA,NA,NA,NA,,,0.018626503
584,Main,ICTSI-4,ICTSI-04,2023,,ACSA,37.6,C,6,1,NA,NA,NA,NA,NA,,,0.111036451
585,Main,ICTSI-4,ICTSI-04,2023,,FAGR,12.9,I,3,3,2,1,3,3,3,3,,0.013069811
586,Main,ICTSI-4,ICTSI-04,2023,,FAGR,12.9,S,2,4,2,1,4,3,4,3,,0.013069811
587,Main,ICTSI-4,ICTSI-04,2023,,QURU,24,I,5,2,NA,NA,NA,NA,NA,,,0.045238934
588,Main,ICTSI-4,ICTSI-04,2023,,QUAL,68.3,D,6,1,NA,NA,NA,NA,NA,,,0.366379604
589,Main,ICTSI-4,ICTSI-04,2023,,LITU,17.3,I,6,2,NA,NA,NA,NA,NA,,,0.023506182
590,Main,ICTSI-4,ICTSI-04,2023,,ACRU,17.1,I,5,2,NA,NA,NA,NA,NA,,,0.022965828
591,Main,ICTSI-4,ICTSI-04,2023,,SNAG,14.4,DEAD,1,8,NA,NA,NA,NA,NA,,,0.016286016
592,Main,ICTSI-4,ICTSI-04,2023,,ACSA,48.2,C,6,1,NA,NA,NA,NA,NA,,,0.182466843
593,Main,ICTSI-4,ICTSI-04,2023,,FAGR,28.2,I,4,3,2,1,3,3,3,2,,0.062458004
594,Main,ICTSI-4,ICTSI-04,2023,,FAGR,18,S,5,2,1,3,2,1,3,2,Missing top of trunk,0.0254469
595,Main,ICTSI-4,ICTSI-04,2023,,FAGR,36.3,C,5,2,1,3,2,1,3,2,,0.103491131
596,Main,ICTSI-4,ICTSI-04,2023,,CARYA,65,D,6,1,NA,NA,NA,NA,NA,,,0.331830724
597,Main,ICTSI-5,ICTSI-05,2023,,FAGR,25.4,I,5,2,2,1,2,3,3,3,#57,0.050670748
598,Main,ICTSI-5,ICTSI-05,2023,,ACSA,13.3,I,6,1,NA,NA,NA,NA,NA,,,0.013892908
599,Main,ICTSI-5,ICTSI-05,2023,,ACSA,15.4,I,6,2,NA,NA,NA,NA,NA,,,0.018626503
600,Main,ICTSI-5,ICTSI-05,2023,,PRSE2,47,D,6,1,NA,NA,NA,NA,NA,,,0.173494454
601,Main,ICTSI-5,ICTSI-05,2023,,LITU,41.1,C,6,2,NA,NA,NA,NA,NA,,,0.132670243
602,Main,ICTSI-5,ICTSI-05,2023,,LITU,42.8,C,6,1,NA,NA,NA,NA,NA,,#58,0.143872377
603,Main,ICTSI-5,ICTSI-05,2023,,LITU,27.7,I,5,2,NA,NA,NA,NA,NA,,Unusually angled trunk,0.060262816
604,Main,ICTSI-5,ICTSI-05,2023,,ACSA,17.8,I,6,2,NA,NA,NA,NA,NA,,,0.024884555
605,Main,ICTSI-5,ICTSI-05,2023,,ACSA,13.8,S,6,1,NA,NA,NA,NA,NA,,,0.014957123
606,Main,ICTSI-5,ICTSI-05,2023,,FAGR,22.7,I,5,3,1,3,3,3,3,3,,0.040470782
607,Main,ICTSI-5,ICTSI-05,2023,,PRSE2,54,D,5,2,NA,NA,NA,NA,NA,,,0.229022104
608,Main,ICTSI-5,ICTSI-05,2023,,ACSA,16.4,I,5,2,NA,NA,NA,NA,NA,,,0.021124069
609,Main,ICTSI-5,ICTSI-05,2023,,SNAG,21.7,DEAD,1,8,NA,NA,NA,NA,NA,,,0.036983614
610,Main,ICTSI-5,ICTSI-05,2023,,ACSA,13.4,S,6,1,NA,NA,NA,NA,NA,,,0.014102609
611,Main,ICTSI-5,ICTSI-05,2023,,ACSA,30.6,C,6,1,NA,NA,NA,NA,NA,,,0.073541542
612,Main,ICTSI-5,ICTSI-05,2023,,ACSA,12.8,S,4,2,NA,NA,NA,NA,NA,,,0.012867964
613,Main,ICTSI-5,ICTSI-05,2023,,FAGR,27.1,S,4,3,2,1,2,3,3,2,Missing top of trunk,0.057680427
614,Main,ICTSI-5,ICTSI-05,2023,,SNAG,30.5,DEAD,1,8,NA,NA,NA,NA,NA,,,0.073061664
615,Main,ICTSI-5,ICTSI-05,2023,,ACSA,14.8,I,6,2,NA,NA,NA,NA,NA,,,0.017203361
616,Main,ICTSI-5,ICTSI-05,2023,,ACSA,15.8,C,5,1,NA,NA,NA,NA,NA,,Canopy gap,0.01960668
617,Main,ICTSI-6,ICTSI-06,2023,,FAGR,28.8,I,5,2,2,1,2,1,2,2,#958,0.065144065
618,Main,ICTSI-6,ICTSI-06,2023,,SNAG,14.4,DEAD,1,8,NA,NA,NA,NA,NA,,,0.016286016
619,Main,ICTSI-6,ICTSI-06,2023,,ACSA,16.8,I,6,2,NA,NA,NA,NA,NA,,,0.022167078
620,Main,ICTSI-6,ICTSI-06,2023,,POTR5,48,D,6,1,NA,NA,NA,NA,NA,,,0.180955737
621,Main,ICTSI-6,ICTSI-06,2023,,FAGR,27.7,I,2,4,2,3,3,3,4,2,BBD?,0.060262816
622,Main,ICTSI-6,ICTSI-06,2023,,ACSA,54.4,C,6,2,NA,NA,NA,NA,NA,,,0.232427591
623,Main,ICTSI-6,ICTSI-06,2023,,ACSA,21.6,S,6,1,NA,NA,NA,NA,NA,,,0.036643537
624,Main,ICTSI-6,ICTSI-06,2023,,ACSA,53.4,C,5,2,NA,NA,NA,NA,NA,,,0.223960999
625,Main,ICTSI-6,ICTSI-06,2023,,FAGR,13.9,S,5,2,2,3,2,3,2,1,,0.015174678
626,Main,ICTSI-6,ICTSI-06,2023,,PRSE2,31.2,C,5,2,NA,NA,NA,NA,NA,,,0.076453799
627,Main,ICTSI-6,ICTSI-06,2023,,FAGR,37.4,C,5,2,2,1,2,1,3,2,,0.109858354
628,Main,ICTSI-6,ICTSI-06,2023,,SNAG,27.2,DEAD,1,8,NA,NA,NA,NA,NA,,,0.058106898
629,Main,ICTSI-6,ICTSI-06,2023,,LITU,27,I,5,2,NA,NA,NA,NA,NA,,,0.057255526
630,Main,ICTSI-6,ICTSI-06,2023,,LITU,23.3,C,5,2,NA,NA,NA,NA,NA,,,0.042638481
631,Main,ICTSI-7,ICTSI-07,2023,,FAGR,24.3,I,5,2,2,1,2,1,2,2,#923,0.046376976
632,Main,ICTSI-7,ICTSI-07,2023,,FAGR,57.9,C,5,2,1,3,2,3,2,0,,0.263297666
633,Main,ICTSI-7,ICTSI-07,2023,,FAGR,17,I,4,3,2,1,2,3,3,2,,0.022698007
634,Main,ICTSI-7,ICTSI-07,2023,,FAGR,13.6,S,4,2,2,2,2,3,3,2,,0.014526724
635,Main,ICTSI-7,ICTSI-07,2023,,ACSA,24.4,I,5,2,NA,NA,NA,NA,NA,,#63,0.046759465
636,Main,ICTSI-7,ICTSI-07,2023,,FAGR,13.7,S,3,3,1,3,3,3,3,1,,0.014741138
637,Main,ICTSI-7,ICTSI-07,2023,,FAGR,21.1,I,3,3,2,1,2,3,3,2,,0.034966712
638,Main,ICTSI-7,ICTSI-07,2023,,FAGR,31.6,I,4,3,2,3,2,3,3,2,Missing top,0.078426719
639,Main,ICTSI-7,ICTSI-07,2023,,FAGR,27.8,I,5,2,1,3,2,3,2,1,,0.060698712
640,Main,ICTSI-7,ICTSI-07,2023,,FAGR,35.5,I,5,3,2,3,2,3,2,2,,0.098979804
641,Main,ICTSI-7,ICTSI-07,2023,,FAGR,35.6,C,5,2,1,3,2,3,2,0,,0.099538222
642,Main,ICTSI-7,ICTSI-07,2023,,FAGR,43.1,C,5,2,2,1,2,2,2,2,,0.145896348
643,Main,ICTSI-7,ICTSI-07,2023,,FAGR,18.9,S,5,3,1,3,3,3,3,2,Brown spots,0.028055208
644,Main,ICTSI-8,ICTSI-08,2023,,FAGR,28.2,I,5,2,2,1,2,3,4,2,#929,0.062458004
645,Main,ICTSI-8,ICTSI-08,2023,,LITU,31,C,5,2,NA,NA,NA,NA,NA,,,0.075476764
646,Main,ICTSI-8,ICTSI-08,2023,,LITU,54,D,6,2,NA,NA,NA,NA,NA,,,0.229022104
647,Main,ICTSI-8,ICTSI-08,2023,,LITU,24.6,S,6,1,NA,NA,NA,NA,NA,,,0.047529155
648,Main,ICTSI-8,ICTSI-08,2023,,LITU,27,S,5,1,NA,NA,NA,NA,NA,,#930,0.057255526
649,Main,ICTSI-8,ICTSI-08,2023,,LITU,39.6,I,6,1,NA,NA,NA,NA,NA,,,0.123162998
650,Main,ICTSI-8,ICTSI-08,2023,,ACRU,17.6,S,6,2,NA,NA,NA,NA,NA,,,0.024328494
651,Main,ICTSI-8,ICTSI-08,2023,,FAGR,56.7,D,5,2,2,1,2,1,3,2,,0.25249687
652,Main,ICTSI-8,ICTSI-08,2023,,FAGR,32.3,I,4,2,2,2,2,1,4,3,#931,0.081939805
653,Main,ICTSI-8,ICTSI-08,2023,,SNAG,16,DEAD,1,8,NA,NA,NA,NA,NA,,,0.020106193
654,Main,ICTSI-8,ICTSI-08,2023,,ACSA,75,C,6,2,NA,NA,NA,NA,NA,,,0.441786467
655,Main,ICTSI-8,ICTSI-08,2023,,QURU,16,C,6,1,NA,NA,NA,NA,NA,,,0.020106193
656,Main,ICTSI-8,ICTSI-08,2023,,SAAL5,13.3,S,5,2,NA,NA,NA,NA,NA,,,0.013892908
657,Main,ICTSI-9,ICTSI-09,2023,,FAGR,23.9,I,2,1,3,2,3,3,3,#805,,0.044862728
658,Main,ICTSI-9,ICTSI-09,2023,,ACSA,29.7,I,2,NA,NA,NA,NA,NA,NA,,,0.069279187
659,Main,ICTSI-9,ICTSI-09,2023,,FAGR,47.1,C,2,1,3,2,2,3,2,BBD?,,0.174233514
660,Main,ICTSI-9,ICTSI-09,2023,,ACSA,28.5,I,2,NA,NA,NA,NA,NA,NA,,,0.063793966
661,Main,ICTSI-9,ICTSI-09,2023,,SNAG,57.7,DEAD,8,NA,NA,NA,NA,NA,NA,,,0.261481825
662,Main,ICTSI-9,ICTSI-09,2023,,FAGR,20.8,I,2,1,3,2,3,2,1,,,0.033979466
663,Main,ICTSI-9,ICTSI-09,2023,,FAGR,17.4,I,2,1,3,2,3,3,3,,,0.023778715
664,Main,ICTSI-9,ICTSI-09,2023,,FAGR,19.3,I,2,1,3,2,3,3,2,,,0.029255296
665,Main,ICTSI-9,ICTSI-09,2023,,ACSA,40.4,D,1,NA,NA,NA,NA,NA,NA,,,0.128189547
666,Main,ICTSI-9,ICTSI-09,2023,,PRSE2,18.1,C,2,NA,NA,NA,NA,NA,NA,,,0.025730429
667,Main,ICTSI-9,ICTSI-09,2023,,FAGR,16.5,S,2,2,1,2,3,4,2,,,0.021382465
668,Main,ICTSI-9,ICTSI-09,2023,,PRSE2,17.2,I,1,NA,NA,NA,NA,NA,NA,,,0.023235219
669,Main,ICTSI-9,ICTSI-09,2023,,FAGR,14,S,2,2,2,2,3,3,2,,,0.015393804
670,Main,NP-01,NP-01,2023,,FAGR,29.4,I,6,2,1,3,2,3,0,0,,0.067886676
671,Main,NP-01,NP-01,2023,,BETULA,35.8,C,6,1,NA,NA,NA,NA,NA,,,0.10065977
672,Main,NP-01,NP-01,2023,,BETULA,29.4,C,6,1,NA,NA,NA,NA,NA,,,0.067886676
673,Main,NP-01,NP-01,2023,,TSCA,27.5,S,3,5,NA,NA,NA,NA,NA,,,0.059395736
674,Main,NP-01,NP-01,2023,,TSCA,18.4,S,4,4,NA,NA,NA,NA,NA,,,0.02659044
675,Main,NP-01,NP-01,2023,,QUCO,86.9,D,6,2,NA,NA,NA,NA,NA,,,0.593102062
676,Main,NP-01,NP-01,2023,,TSCA,37.5,C,5,3,NA,NA,NA,NA,NA,,,0.110446617
677,Main,NP-01,NP-01,2023,,TSCA,36.2,I,4,3,NA,NA,NA,NA,NA,,,0.102921717
678,Main,NP-01,NP-01,2023,,BETULA,25.9,I,6,1,NA,NA,NA,NA,NA,,,0.052685294
679,Main,NP-01,NP-01,2023,,ULRU,27.6,I,5,2,NA,NA,NA,NA,NA,,,0.05982849
680,Main,NP-01,NP-01,2023,,SNAG,53.2,DEAD,1,8,NA,NA,NA,NA,NA,,,0.22228653
681,Main,NP-01,NP-01,2023,,ACSA,31.9,C,6,2,NA,NA,NA,NA,NA,,,0.079922903
682,Main,NP-02,NP-02,2023,,FAGR,40.9,S,6,2,1,3,2,3,1,0,Carvings in trunk,0.13138219
683,Main,NP-02,NP-02,2023,,QURU,66.9,C,5,2,NA,NA,NA,NA,NA,,,0.351513587
684,Main,NP-02,NP-02,2023,,QURU,24.3,S,4,3,NA,NA,NA,NA,NA,,,0.046376976
685,Main,NP-02,NP-02,2023,,QUAL,63.6,C,5,2,NA,NA,NA,NA,NA,,,0.317690416
686,Main,NP-02,NP-02,2023,,QUAL,60.9,C,6,2,NA,NA,NA,NA,NA,,,0.291289256
687,Main,NP-02,NP-02,2023,,QUAL,55.5,C,6,1,NA,NA,NA,NA,NA,,,0.241922269
688,Main,NP-02,NP-02,2023,,QUAL,50.5,C,6,2,NA,NA,NA,NA,NA,,,0.200296167
689,Main,NP-02,NP-02,2023,,QUVE,70.3,C,5,2,NA,NA,NA,NA,NA,,,0.388150841
690,Main,NP-02,NP-02,2023,,QURU,47,C,6,2,NA,NA,NA,NA,NA,,,0.173494454
691,Main,NP-02,NP-02,2023,,ACSA,17,S,6,2,NA,NA,NA,NA,NA,,,0.022698007
692,Main,NP-02,NP-02,2023,,QUAL,40.6,C,6,2,NA,NA,NA,NA,NA,,,0.129461892
693,Main,NP-03,NP-03,2023,,FAGR,36.4,I,4,4,2,3,4,3,3,3,Scratches on trunk,0.104062115
694,Main,NP-03,NP-03,2023,,FAGR,47.3,I,4,3,1,3,4,3,3,2,,0.175716346
695,Main,NP-03,NP-03,2023,,QUAL,56.7,C,6,2,NA,NA,NA,NA,NA,,,0.25249687
696,Main,NP-03,NP-03,2023,,SNAG,25.6,DEAD,1,7,NA,NA,NA,NA,NA,,,0.051471854
697,Main,NP-03,NP-03,2023,,FAGR,39.8,C,3,4,2,3,3,3,3,2,,0.124410211
698,Main,NP-03,NP-03,2023,,ACRU,22,S,6,2,NA,NA,NA,NA,NA,,,0.038013271
699,Main,NP-03,NP-03,2023,,QURU,73.9,D,6,2,NA,NA,NA,NA,NA,,,0.42892243
700,Main,PB-1,PB-01,2023,,FAGR,44.2,C,3,3,3,2,3,3,3,3,Center,0.153438527
701,Main,PB-1,PB-01,2023,,FAGR,88.6,D,3,1,2,3,2,3,3,2,,0.616534417
702,Main,PB-1,PB-01,2023,,FAGR,14.7,S,2,4,5,3,5,3,4,2,,0.016971669
703,Main,PB-1,PB-01,2023,,ACSA,16,S,5,2,NA,NA,NA,NA,NA,,,0.020106193
704,Main,PB-1,PB-01,2023,,FAGR,18.5,C,3,3,2,3,3,3,4,2,,0.026880252
705,Main,PB-1,PB-01,2023,,ACSA,31.9,I,5,2,NA,NA,NA,NA,NA,,,0.079922903
706,Main,PB-1,PB-01,2023,,FAGR,24.5,C,3,4,2,3,4,3,3,2,Brown in vein margins ,0.047143525
707,Main,PB-1,PB-01,2023,,ACSA,22.7,I,6,1,NA,NA,NA,NA,NA,,,0.040470782
708,Main,PC-1,PC-01,2023,Control,FAGR,5.6,S,3,2,1,NA,2,3,3,2,Center plot,0.002463009
709,Main,PC-1,PC-01,2023,Control,QURU,89.5,D,6,2,NA,NA,NA,NA,NA,,#467,0.629123564
710,Main,PC-1,PC-01,2023,Control,ACSA,30,I,6,2,NA,NA,NA,NA,NA,,#464,0.070685835
711,Main,PC-1,PC-01,2023,Control,ACSA,25.9,I,6,1,NA,NA,NA,NA,NA,,#462,0.052685294
712,Main,PC-1,PC-01,2023,Control,ACSA,24.3,I,5,2,NA,NA,NA,NA,NA,,,0.046376976
713,Main,PC-1,PC-01,2023,Control,QURU,90,D,6,1,NA,NA,NA,NA,NA,,#484,0.636172512
714,Main,PC-1,PC-01,2023,Control,ACSA,29.8,I,5,2,NA,NA,NA,NA,NA,,#483,0.069746499
715,Main,PC-1,PC-01,2023,Control,QURU,89.3,D,6,3,NA,NA,NA,NA,NA,,#469,0.62631498
716,Main,PC-1,PC-01,2023,Control,ACSA,25.8,I,6,1,NA,NA,NA,NA,NA,,#468,0.052279243
717,Main,PC-10,PC-10,2023,X-Trt,FAGR,3.2,S,3,5,2,1,4,3,3,3,,0.000804248
718,Main,PC-10,PC-10,2023,X-Trt,SNAG,20.5,,NA,8,NA,NA,NA,NA,NA,,#770,0.033006358
719,Main,PC-10,PC-10,2023,X-Trt,QUAL,50,D,5,2,NA,NA,NA,NA,NA,,"In deer fence, didn't measure",0.196349541
720,Main,PC-10,PC-10,2023,X-Trt,ACSA,28.7,C,5,2,NA,NA,NA,NA,NA,,,0.064692461
721,Main,PC-10,PC-10,2023,X-Trt,TSCA,19.3,S,5,2,NA,NA,NA,NA,NA,,,0.029255296
722,Main,PC-10,PC-10,2023,X-Trt,ACSA,41.3,C,5,2,NA,NA,NA,NA,NA,,#768,0.133964579
723,Main,PC-10,PC-10,2023,X-Trt,QURU,77.6,D,5,3,NA,NA,NA,NA,NA,,#772,0.472947924
724,Main,PC-11,PC-11,2023,Lime,FAGR,2,S,2,4,3,3,3,3,3,2,,0.000314159
725,Main,PC-11,PC-11,2023,Lime,QURU,14.5,S,5,2,NA,NA,NA,NA,NA,,#795,0.016512996
726,Main,PC-11,PC-11,2023,Lime,QUAL,81.8,D,5,3,NA,NA,NA,NA,NA,,#797,0.525528761
727,Main,PC-11,PC-11,2023,Lime,ACSA,36.3,C,6,1,NA,NA,NA,NA,NA,,#796,0.103491131
728,Main,PC-11,PC-11,2023,Lime,QURU,44.4,C,5,2,NA,NA,NA,NA,NA,,#804,0.154830252
729,Main,PC-11,PC-11,2023,Lime,QURU,48.7,C,5,2,NA,NA,NA,NA,NA,,#805,0.186272097
730,Main,PC-11,PC-11,2023,Lime,FAGR,12.7,I,4,3,3,3,3,3,3,2,#806,0.012667687
731,Main,PC-11,PC-11,2023,Lime,QUPR2,13.5,I,5,2,NA,NA,NA,NA,NA,,#812,0.014313882
732,Main,PC-11,PC-11,2023,Lime,QUAL,27.6,C,6,1,NA,NA,NA,NA,NA,,,0.05982849
733,Main,PC-11,PC-11,2023,Lime,QURU,51.9,D,4,3,NA,NA,NA,NA,NA,,#815,0.211555635
734,Main,PC-11,PC-11,2023,Lime,QURU,42,D,5,2,NA,NA,NA,NA,NA,,#816,0.138544236
735,Main,PC-11,PC-11,2023,Lime,QURU,31.7,C,5,2,NA,NA,NA,NA,NA,,"#817, scratched tag",0.078923876
736,Main,PC-12,PC-12,2023,Control,FAGR,9.2,S,3,3,2,3,3,3,3,3,#854,0.00664761
737,Main,PC-12,PC-12,2023,Control,ACSA,19.1,I,6,1,NA,NA,NA,NA,NA,,#859,0.02865211
738,Main,PC-12,PC-12,2023,Control,QURU,59.1,D,5,2,NA,NA,NA,NA,NA,,#843,0.274324656
739,Main,PC-12,PC-12,2023,Control,CAOV,58.3,D,6,1,NA,NA,NA,NA,NA,,#842,0.266948196
740,Main,PC-12,PC-12,2023,Control,ACSA,14.4,I,6,1,NA,NA,NA,NA,NA,,#844,0.016286016
741,Main,PC-12,PC-12,2023,Control,ACSA,23.3,I,6,1,NA,NA,NA,NA,NA,,#846,0.042638481
742,Main,PC-12,PC-12,2023,Control,CARYA,20.3,I,6,1,NA,NA,NA,NA,NA,,"#853, took pic",0.032365473
743,Main,PC-12,PC-12,2023,Control,QURU,51.5,D,5,2,NA,NA,NA,NA,NA,,#848,0.208307228
744,Main,PC-12,PC-12,2023,Control,LITU,56.7,D,4,3,NA,NA,NA,NA,NA,,#849,0.25249687
745,Main,PC-12,PC-12,2023,Control,LITU,57,D,5,2,NA,NA,NA,NA,NA,,,0.255175863
746,Main,PC-12,PC-12,2023,Control,ACRU,33.3,C,5,2,NA,NA,NA,NA,NA,,#8? tag destroyed,0.087092017
747,Main,PC-12,PC-12,2023,Control,LITU,44.3,C,5,2,NA,NA,NA,NA,NA,,#856,0.154133604
748,Main,PC-12,PC-12,2023,Control,LITU,69.2,D,4,3,NA,NA,NA,NA,NA,,#8? tag destroyed,0.376098906
749,Main,PC-2,PC-02,2023,X-Trt,FAGR,12.5,S,2,5,5,3,5,3,3,3,"tag # 525, curved",0.012271846
750,Main,PC-2,PC-02,2023,X-Trt,ACSA,18.5,,4,2,NA,NA,NA,NA,NA,,,0.026880252
751,Main,PC-2,PC-02,2023,X-Trt,LITU,24.4,I,6,2,NA,NA,NA,NA,NA,,,0.046759465
752,Main,PC-2,PC-02,2023,X-Trt,ACRU,24.3,I,5,1,NA,NA,NA,NA,NA,,,0.046376976
753,Main,PC-2,PC-02,2023,X-Trt,OSVI,14.6,S,5,2,NA,NA,NA,NA,NA,,,0.016741547
754,Main,PC-2,PC-02,2023,X-Trt,ACSA,23.1,S,6,1,NA,NA,NA,NA,NA,,,0.041909631
755,Main,PC-2,PC-02,2023,X-Trt,TSCA,20.6,S,6,1,NA,NA,NA,NA,NA,,,0.033329156
756,Main,PC-2,PC-02,2023,X-Trt,QURU,73.5,C,6,1,NA,NA,NA,NA,NA,,,0.424291723
757,Main,PC-2,PC-02,2023,X-Trt,ACSA,51.5,C,6,1,NA,NA,NA,NA,NA,,,0.208307228
758,Main,PC-2,PC-02,2023,X-Trt,SNAG,44.6,,NA,NA,NA,NA,NA,NA,NA,,,0.156228261
759,Main,PC-2,PC-02,2023,X-Trt,ACSA,30.6,I,6,2,NA,NA,NA,NA,NA,,,0.073541542
760,Main,PC-2,PC-02,2023,X-Trt,QURU,35.5,C,5,2,NA,NA,NA,NA,NA,,,0.098979804
761,Main,PC-2,PC-02,2023,X-Trt,FAGR,12.7,S,3,5,6,3,4,3,4,3,,0.012667687
762,Main,PC-2,PC-02,2023,X-Trt,FAGR,16.5,S,4,3,3,2,2,3,4,2,,0.021382465
763,Main,PC-2,PC-02,2023,X-Trt,QURU,70.6,D,6,3,NA,NA,NA,NA,NA,,,0.391470719
764,Main,PC-3,PC-03,2023,TSP,FAGR,7.1,S,5,2,1,NA,2,3,3,2,#981,0.003959192
765,Main,PC-3,PC-03,2023,TSP,QURU,72.6,D,5,1,NA,NA,NA,NA,NA,,#563,0.413964522
766,Main,PC-3,PC-03,2023,TSP,ACSA,32.2,I,6,1,NA,NA,NA,NA,NA,,,0.081433223
767,Main,PC-3,PC-03,2023,TSP,QURU,78.7,D,5,2,NA,NA,NA,NA,NA,,"#582, scratched out tag",0.486451275
768,Main,PC-3,PC-03,2023,TSP,QURU,93.4,D,5,2,NA,NA,NA,NA,NA,,#580,0.6851468
769,Main,PC-3,PC-03,2023,TSP,ACSA,35.6,I,5,2,NA,NA,NA,NA,NA,,#579,0.099538222
770,Main,PC-3,PC-03,2023,TSP,QURU,66.5,D,5,2,NA,NA,NA,NA,NA,,#565,0.347322703
771,Main,PC-3,PC-03,2023,TSP,ACSA,30.6,I,6,1,NA,NA,NA,NA,NA,,#566,0.073541542
772,Main,PC-3,PC-03,2023,TSP,ACSA,31.5,S,6,1,NA,NA,NA,NA,NA,,,0.077931133
773,Main,PC-3,PC-03,2023,TSP,QURU,63.2,D,5,2,NA,NA,NA,NA,NA,,,0.313706876
774,Main,PC-3,PC-03,2023,TSP,ACSA,26.1,S,6,1,NA,NA,NA,NA,NA,,,0.053502108
775,Main,PC-4,PC-04,2023,Lime,FAGR,11.8,S,4,3,2,3,4,3,4,3,"#533, curved trunk",0.010935884
776,Main,PC-4,PC-04,2023,Lime,QURU,105.3,D,5,3,NA,NA,NA,NA,NA,,#556,0.870856552
777,Main,PC-4,PC-04,2023,Lime,ACSA,25.5,C,6,1,NA,NA,NA,NA,NA,,#553,0.051070516
778,Main,PC-4,PC-04,2023,Lime,QURU,101.3,D,5,2,NA,NA,NA,NA,NA,,,0.805951248
779,Main,PC-4,PC-04,2023,Lime,SNAG,22.3,,1,8,NA,NA,NA,NA,NA,,#551,0.039057065
780,Main,PC-4,PC-04,2023,Lime,ACSA,43.7,C,6,1,NA,NA,NA,NA,NA,,#538,0.149986702
781,Main,PC-4,PC-04,2023,Lime,ACSA,22,I,6,2,NA,NA,NA,NA,NA,,#549,0.038013271
782,Main,PC-4,PC-04,2023,Lime,SNAG,14,,NA,8,NA,NA,NA,NA,NA,,#540,0.015393804
783,Main,PC-4,PC-04,2023,Lime,ACSA,46.8,C,6,1,NA,NA,NA,NA,NA,,#574 OR #534 can't read,0.172021047
784,Main,PC-4,PC-04,2023,Lime,ACSA,23.2,S,6,1,NA,NA,NA,NA,NA,,#530 can't read,0.042273271
785,Main,PC-4,PC-04,2023,Lime,ACSA,30.5,C,5,2,NA,NA,NA,NA,NA,,#528,0.073061664
786,Main,PC-5,PC-05,2023,Lime,FAGR,6.2,S,3,3,2,1,2,3,3,2,,0.003019071
787,Main,PC-5,PC-05,2023,Lime,ACSA,51,C,6,1,NA,NA,NA,NA,NA,,,0.204282062
788,Main,PC-5,PC-05,2023,Lime,CARYA,45.7,C,6,1,NA,NA,NA,NA,NA,,,0.164029621
789,Main,PC-5,PC-05,2023,Lime,ACSA,34.4,I,6,1,NA,NA,NA,NA,NA,,,0.092940877
790,Main,PC-5,PC-05,2023,Lime,QURU,70.4,D,6,1,NA,NA,NA,NA,NA,,#636,0.389255896
791,Main,PC-5,PC-05,2023,Lime,QURU,90.3,D,4,3,NA,NA,NA,NA,NA,,,0.640420731
792,Main,PC-5,PC-05,2023,Lime,ACSA,18.6,S,6,1,NA,NA,NA,NA,NA,,,0.027171635
793,Main,PC-5,PC-05,2023,Lime,ACSA,26.4,I,5,2,NA,NA,NA,NA,NA,,#597,0.05473911
794,Main,PC-5,PC-05,2023,Lime,ACSA,49.5,C,5,1,NA,NA,NA,NA,NA,,#599,0.192442185
795,Main,PC-5,PC-05,2023,Lime,ACSA,22,S,6,2,NA,NA,NA,NA,NA,,#606,0.038013271
796,Main,PC-5,PC-05,2023,Lime,ACSA,21.7,I,5,2,NA,NA,NA,NA,NA,,#607,0.036983614
797,Main,PC-5,PC-05,2023,Lime,ACSA,55.2,C,6,1,NA,NA,NA,NA,NA,,#608,0.239313962
798,Main,PC-6,PC-06,2023,Control,FAGR,3.8,S,2,6,5,3,5,3,4,3,browning leaves,0.001134115
799,Main,PC-6,PC-06,2023,Control,CARYA,38.5,C,5,1,NA,NA,NA,NA,NA,,#640,0.116415643
800,Main,PC-6,PC-06,2023,Control,ACSA,21.9,I,6,1,NA,NA,NA,NA,NA,,#639,0.037668481
801,Main,PC-6,PC-06,2023,Control,ACSA,20.1,I,6,1,NA,NA,NA,NA,NA,,#626,0.031730871
802,Main,PC-6,PC-06,2023,Control,QURU,70.1,D,6,1,NA,NA,NA,NA,NA,,#636,0.385945443
803,Main,PC-6,PC-06,2023,Control,QURU,90.2,D ,5,2,NA,NA,NA,NA,NA,,possible overlap with PC-5,0.639003087
804,Main,PC-6,PC-06,2023,Control,ACSA,18.4,S,6,1,NA,NA,NA,NA,NA,,overlap with PC-5,0.02659044
805,Main,PC-6,PC-06,2023,Control,ACSA,48.1,C,6,1,NA,NA,NA,NA,NA,,split stem,0.181710504
806,Main,PC-6,PC-06,2023,Control,ACSA,20.1,S,5,2,NA,NA,NA,NA,NA,,split stem,0.031730871
807,Main,PC-6,PC-06,2023,Control,ACSA,23.6,I,5,2,NA,NA,NA,NA,NA,,#644,0.043743536
808,Main,PC-6,PC-06,2023,Control,ACRU,44.8,I,5,2,NA,NA,NA,NA,NA,,#621,0.157632553
809,Main,PC-6,PC-06,2023,Control,QURU,92.8,D,5,2,NA,NA,NA,NA,NA,,#623,0.676372332
810,Main,PC-6,PC-06,2023,Control,QURU,65.7,D,5,2,NA,NA,NA,NA,NA,,#624,0.339016332
811,Main,PC-8,PC-08,2023,X-Trt,FAGR,6.1,S,4,3,1,NA,3,3,4,2,,0.002922467
812,Main,PC-8,PC-08,2023,X-Trt,ACSA,299,C,6,1,NA,NA,NA,NA,NA,,#704,7.021538121
813,Main,PC-8,PC-08,2023,X-Trt,ACSA,18.6,I,6,1,NA,NA,NA,NA,NA,,#689,0.027171635
814,Main,PC-8,PC-08,2023,X-Trt,ACRU,44.5,C,5,1,NA,NA,NA,NA,NA,,"#639, CHECK ID",0.155528471
815,Main,PC-8,PC-08,2023,X-Trt,ACSA,49.1,C,6,1,NA,NA,NA,NA,NA,,"#691, CHECK ID",0.189344575
816,Main,PC-8,PC-08,2023,X-Trt,ACSA,16.9,S,6,1,NA,NA,NA,NA,NA,,#703,0.022431757
817,Main,PC-8,PC-08,2023,X-Trt,ACSA,56,C,5,2,NA,NA,NA,NA,NA,,,0.246300864
818,Main,PC-8,PC-08,2023,X-Trt,ACSA,39.4,C,6,2,NA,NA,NA,NA,NA,,#707,0.121922069
819,Main,PC-8,PC-08,2023,X-Trt,SNAG,51.7,DEAD,1,8,NA,NA,NA,NA,NA,,,0.20992829
820,Main,PC-9,PC-09,2023,TSP,FAGR,9,S,3,3,2,3,3,3,4,3,#743,0.006361725
821,Main,PC-9,PC-09,2023,TSP,ACSA,63.9,D,6,1,NA,NA,NA,NA,NA,,#747,0.320694563
822,Main,PC-9,PC-09,2023,TSP,FAGR,12.9,S,4,2,2,2,2,3,3,2,"#728, top of trunk is missing",0.013069811
823,Main,PC-9,PC-09,2023,TSP,ACSA,41.5,D,5,2,NA,NA,NA,NA,NA,,#725,0.135265199
824,Main,PC-9,PC-09,2023,TSP,ACSA,31.5,C,6,1,NA,NA,NA,NA,NA,,#726,0.077931133
825,Main,PC-9,PC-09,2023,TSP,ACSA,34.5,I,1,6,NA,NA,NA,NA,NA,,#747,0.093482016
826,Main,PC-9,PC-09,2023,TSP,ACSA,20.9,I,6,2,NA,NA,NA,NA,NA,,#745,0.034306977
827,Main,PC-9,PC-09,2023,TSP,ACRU,22.4,I,6,2,NA,NA,NA,NA,NA,,,0.039408138
828,Main,PC-9,PC-09,2023,TSP,QUAL,55.6,D,5,2,NA,NA,NA,NA,NA,,,0.242794847
829,Main,PC-9,PC-09,2023,TSP,QURU,17.7,I,5,2,NA,NA,NA,NA,NA,,,0.024605739
830,Main,PC-9,PC-09,2023,TSP,QURU,23.3,C,5,2,NA,NA,NA,NA,NA,,,0.042638481
831,Main,PC-9,PC-09,2023,TSP,QURU,14.8,S,5,2,NA,NA,NA,NA,NA,,#738,0.017203361
832,Main,PC-9,PC-09,2023,TSP,ACSA,15,I,5,2,NA,NA,NA,NA,NA,,#733,0.017671459
833,Main,RH-1,RH-01,2023,,FAGR,58.6,C,6,2,1,3,2,3,0,0,,0.269702588
834,Main,RH-1,RH-01,2023,,FAGR,44,C,6,2,2,2,1,3,0,0,,0.152053084
835,Main,RH-1,RH-01,2023,,FAGR,29,I,6,2,1,3,2,3,0,0,,0.066051986
836,Main,RH-1,RH-01,2023,,FAGR,48,C,5,2,1,3,2,3,0,0,,0.180955737
837,Main,RH-1,RH-01,2023,,FAGR,52,C,6,1,1,3,1,3,0,0,,0.212371663
838,Main,RH-1,RH-01,2023,,FAGR,40.5,C,6,2,1,3,2,3,0,0,,0.128824934
839,Main,RH-1,RH-01,2023,,FAGR,40,C,6,1,1,3,1,3,0,0,,0.125663706
840,Main,RH-1,RH-01,2023,,FAGR,46,C,6,2,1,3,2,3,0,0,,0.166190251
841,Main,RH-1,RH-01,2023,,FAGR,24.5,S,6,2,1,3,2,3,0,0,,0.047143525
842,Main,RH-1,RH-01,2023,,ACSA,55,S,5,2,NA,NA,NA,NA,NA,,,0.237582944
843,Main,RH-1,RH-01,2023,,ULRU,24.5,S,3,3,NA,NA,NA,NA,NA,,,0.047143525
844,Main,RH-1,RH-01,2023,,CARYA,37.5,C,6,1,NA,NA,NA,NA,NA,,,0.110446617
845,Main,SB-1,SB-01,2023,,FAGR,64.3,C,5,2,2,1,3,3,2,0,SCI-41,0.324722085
846,Main,SB-1,SB-01,2023,,FAGR,61.6,C,5,2,3,3,2,1,1,0,SCI-43,0.298024045
847,Main,SB-1,SB-01,2023,,FAGR,51.4,C,5,2,1,3,2,3,2,0,,0.207499053
848,Main,SB-1,SB-01,2023,,ACSA,20.1,I,6,2,NA,NA,NA,NA,NA,,,0.031730871
849,Main,SB-1,SB-01,2023,,SNAG,51.7,DEAD,1,7,NA,NA,NA,NA,NA,,"SCI-45, FAGR",0.20992829
850,Main,SB-1,SB-01,2023,,FAGR,15.8,S,6,1,1,3,2,3,2,0,3 symptom is dominant in bottom of crown,0.01960668
851,Main,SB-1,SB-01,2023,,FAGR,13,I,4,2,2,2,2,3,3,3,,0.013273229
852,Main,SB-1,SB-01,2023,,FAGR,17.2,I,5,3,2,1,3,3,2,0,sever curve,0.023235219
853,Main,SB-1,SB-01,2023,,ACSA,23.5,C,6,1,NA,NA,NA,NA,NA,,,0.043373614
854,Main,SB-1A,SB-01A,2023,,FAGR,95.2,C,5,2,2,3,1,3,1,0,#922,0.711809497
855,Main,SB-1A,SB-01A,2023,,FAGR,14.8,S,4,3,2,3,3,3,2,0,#926,0.017203361
856,Main,SB-1A,SB-01A,2023,,ACSA,85.5,C,5,2,NA,NA,NA,NA,NA,,,0.574145692
857,Main,SB-1A,SB-01A,2023,,ACSA,14.3,S,5,2,NA,NA,NA,NA,NA,,,0.016060607
858,Main,SB-1A,SB-01A,2023,,FAGR,49.2,C,3,3,2,3,3,3,2,2,,0.190116621
859,Main,SB-1B,SB-01B,2023,,FAGR,88.5,C,4,3,2,1,3,1,3,3,#931,0.615143477
860,Main,SB-1B,SB-01B,2023,,SNAG,20.6,D,1,8,NA,NA,NA,NA,NA,,,0.033329156
861,Main,SB-1B,SB-01B,2023,,ACSA,23.7,I,6,2,NA,NA,NA,NA,NA,,,0.044115029
862,Main,SB-1B,SB-01B,2023,,ACSA,20.6,I,6,1,NA,NA,NA,NA,NA,,,0.033329156
863,Main,SB-1B,SB-01B,2023,,FAGR,117.7,C,6,2,2,1,1,3,1,0,Major rotting at base,1.088034852
864,Main,SB-1B,SB-01B,2023,,ACSA,32.2,I,5,2,NA,NA,NA,NA,NA,,#932,0.081433223
865,Main,SB-1B,SB-01B,2023,,FAGR,34.3,C,4,3,2,1,3,1,3,3,#933,0.092401309
866,Main,SB-1B,SB-01B,2023,,ACSA,17.5,I,5,1,NA,NA,NA,NA,NA,,,0.024052819
867,Main,SB-1B,SB-01B,2023,,ACSA,45.4,C,6,2,NA,NA,NA,NA,NA,,,0.161883128
868,Main,SB-1B,SB-01B,2023,,FAGR,13.2,S,4,2,1,3,2,3,3,2,#929,0.013684778
869,Main,SB-1B,SB-01B,2023,,ACSA,15.8,S,6,1,NA,NA,NA,NA,NA,,#930,0.01960668
870,Main,SB-2,SB-02,2023,,FAGR,55.8,C,3,3,3,1,3,3,3,3,"#551/SB-1 41, Center",0.244544714
871,Main,SB-2,SB-02,2023,,ACSA,45.7,I,6,NA,NA,NA,NA,NA,NA,,,0.164029621
872,Main,SB-2,SB-02,2023,,ACSA,19.5,I,6,NA,NA,NA,NA,NA,NA,,,0.029864765
873,Main,SB-2,SB-02,2023,,ACSA,60.9,C,5,NA,NA,NA,NA,NA,NA,,,0.291289256
874,Main,SB-2,SB-02,2023,,ACSA,16.7,I,6,NA,NA,NA,NA,NA,NA,,,0.021903969
875,Main,SB-2,SB-02,2023,,ACSA,34,C,5,NA,NA,NA,NA,NA,NA,,,0.090792028
876,Main,SB-2,SB-02,2023,,ACSA,56,C,6,NA,NA,NA,NA,NA,NA,,,0.246300864
877,Main,SB-2,SB-02,2023,,FAGR,19.1,I,4,1,3,3,3,3,3,2,,0.02865211
878,Main,SB-2,SB-02,2023,,ACSA,82.4,D,6,NA,NA,NA,NA,NA,NA,,,0.533266503
879,Main,SB-2,SB-02,2023,,FAGR,44.8,C,4,1,3,3,3,3,3,3,,0.157632553
880,Main,SB-2A,SB-02A,2023,,FAGR,93.1,C,4,2,2,1,2,3,3,2,"signif rotting aroudn base, #896",0.680752498
881,Main,SB-2A,SB-02A,2023,,ACSA,13.7,S,6,1,NA,NA,NA,NA,NA,,,0.014741138
882,Main,SB-2A,SB-02A,2023,,ACSA,17.7,S,6,1,NA,NA,NA,NA,NA,,,0.024605739
883,Main,SB-2A,SB-02A,2023,,FAGR,16.9,S,4,2,1,3,2,3,3,2,,0.022431757
884,Main,SB-2A,SB-02A,2023,,ACSA,15.2,S,6,1,NA,NA,NA,NA,NA,,,0.018145839
885,Main,SB-2A,SB-02A,2023,,ACSA,14.6,S,6,1,NA,NA,NA,NA,NA,,Missing top part of trunk,0.016741547
886,Main,SB-2A,SB-02A,2023,,ACSA,15.7,I,6,2,NA,NA,NA,NA,NA,,,0.019359279
887,Main,SB-2A,SB-02A,2023,,ACSA,71.8,D,6,1,NA,NA,NA,NA,NA,,,0.404891603
888,Main,SB-2A,SB-02A,2023,,ACSA,17.7,S,5,2,NA,NA,NA,NA,NA,,,0.024605739
889,Main,SB-2A,SB-02A,2023,,ACSA,18.3,I,6,1,NA,NA,NA,NA,NA,,,0.026302199
890,Main,SB-2B,SB-02B,2023,,FAGR,28.3,I,5,3,1,3,3,3,3,3,#910,0.062901754
891,Main,SB-2B,SB-02B,2023,,FAGR,64.1,C,5,2,2,1,2,3,3,2,#911,0.322705183
892,Main,SB-2B,SB-02B,2023,,FAGR,14.4,S,2,6,4,3,5,3,3,2,tipped over >45 degree,0.016286016
893,Main,SB-2B,SB-02B,2023,,FAGR,32.8,C,4,3,2,1,3,3,3,0,,0.084496276
894,Main,SB-2B,SB-02B,2023,,FAGR,16,I,4,3,1,3,3,3,2,1,,0.020106193
895,Main,SB-2B,SB-02B,2023,,FAGR,66.8,D,6,2,2,2,1,3,1,0,,0.35046351
896,Main,SB-3A,SB-03A,2023,,FAGR,63.4,C,4,2,1,3,2,3,2,2,,0.315695504
897,Main,SB-3A,SB-03A,2023,,LITU,112.3,D,6,1,NA,NA,NA,NA,NA,,,0.9904884
898,Main,SB-3A,SB-03A,2023,,FAGR,18.4,I,4,2,1,3,2,3,1,1,,0.02659044
899,Main,SB-3A,SB-03A,2023,,FAGR,18.9,I,3,2,1,3,2,2,3,2,,0.028055208
900,Main,SB-3A,SB-03A,2023,,SNAG,13.9,DEAD,1,7,NA,NA,NA,NA,NA,,,0.015174678
901,Main,SB-3A,SB-03A,2023,,FAGR,83.5,C,6,2,2,1,2,1,2,0,,0.547599234
902,Main,SB-3A,SB-03A,2023,,ACSA,15.3,I,5,2,NA,NA,NA,NA,NA,,,0.018385386
903,Main,SB-3A,SB-03A,2023,,ACSA,16.9,I,6,1,NA,NA,NA,NA,NA,,,0.022431757
904,Main,SB-3A,SB-03A,2023,,ACSA,20.3,S,6,1,NA,NA,NA,NA,NA,,,0.032365473
905,Main,SB-3B,SB-03B,2023,,FAGR,52,C,5,3,2,1,3,3,2,0,,0.212371663
906,Main,SB-3B,SB-03B,2023,,FAGR,62,C,5,2,2,1,2,3,1,0,,0.301907054
907,Main,SB-3B,SB-03B,2023,,ACSA,15.2,S,6,1,NA,NA,NA,NA,NA,,,0.018145839
908,Main,SB-3B,SB-03B,2023,,ACSA,14.3,I,6,1,NA,NA,NA,NA,NA,,,0.016060607
909,Main,SB-3B,SB-03B,2023,,FAGR,37,C,5,2,1,3,2,3,2,3,,0.107521009
910,Main,SB-3B,SB-03B,2023,,ACSA,31.2,C,6,2,NA,NA,NA,NA,NA,,,0.076453799
911,Main,SC-1,SC-01,2023,Lime,FAGR,33.8,I,4,2,2,3,3,3,2,3,#2,0.089727028
912,Main,SC-1,SC-01,2023,Lime,QURU,62,D,5,3,NA,NA,NA,NA,NA,,#3,0.301907054
913,Main,SC-1,SC-01,2023,Lime,QURU,76.9,C,6,2,NA,NA,NA,NA,NA,,,0.464453843
914,Main,SC-1,SC-01,2023,Lime,QURU,77.5,C,5,2,NA,NA,NA,NA,NA,,,0.471729772
915,Main,SC-1,SC-01,2023,Lime,SNAG,44.3,DEAD,1,8,NA,NA,NA,NA,NA,,#14,0.154133604
916,Main,SC-1,SC-01,2023,Lime,ACSA,33.6,C,4,3,NA,NA,NA,NA,NA,,#17,0.088668311
917,Main,SC-1,SC-01,2023,Lime,ACRU,68.4,C,5,2,NA,NA,NA,NA,NA,,,0.367453243
918,Main,SC-1,SC-01,2023,Lime,ACRU,46.6,C,5,2,NA,NA,NA,NA,NA,,#1,0.170553924
919,Main,SC-10,SC-10,2023,TSP,FAGR,5.1,S,2,5,4,3,4,3,3,3,brown leaf pest,0.002042821
920,Main,SC-10,SC-10,2023,TSP,ACSA,77.9,D,6,2,NA,NA,NA,NA,NA,,#419,0.476611807
921,Main,SC-10,SC-10,2023,TSP,SNAG,26.9,DEAD,6,2,NA,NA,NA,NA,NA,,trunk broken,0.056832197
922,Main,SC-10,SC-10,2023,TSP,ACSA,43.9,C,6,2,NA,NA,NA,NA,NA,,#444,0.151362719
923,Main,SC-10,SC-10,2023,TSP,ACSA,39.5,C,3,3,NA,NA,NA,NA,NA,,,0.122541748
924,Main,SC-10,SC-10,2023,TSP,ACSA,13,S,4,3,NA,NA,NA,NA,NA,,"#446, tipped over",0.013273229
925,Main,SC-10,SC-10,2023,TSP,ACSA,79.4,D,4,3,NA,NA,NA,NA,NA,,#440,0.495143277
926,Main,SC-10,SC-10,2023,TSP,ACSA,15.5,I,5,2,NA,NA,NA,NA,NA,,#438,0.018869191
927,Main,SC-3,SC-03,2023,TSP,FAGR,5,S,4,2,1,3,2,2,3,3,brown leaf pest,0.001963495
928,Main,SC-3,SC-03,2023,TSP,ACRU,73.4,D,5,2,NA,NA,NA,NA,NA,,,0.423137973
929,Main,SC-3,SC-03,2023,TSP,ACRU,55.5,D,6,1,NA,NA,NA,NA,NA,,#152,0.241922269
930,Main,SC-3,SC-03,2023,TSP,ACRU,79,D,6,1,NA,NA,NA,NA,NA,,#153,0.490166994
931,Main,SC-3,SC-03,2023,TSP,FAGR,15.2,S,5,2,1,3,2,3,2,2,,0.018145839
932,Main,SC-3,SC-03,2023,TSP,ACSA,35.2,I,5,2,NA,NA,NA,NA,NA,,,0.097313974
933,Main,SC-3,SC-03,2023,TSP,ACSA,43.2,C,6,2,NA,NA,NA,NA,NA,,,0.146574147
934,Main,SC-3,SC-03,2023,TSP,ACSA,13.4,S,6,2,NA,NA,NA,NA,NA,,,0.014102609
935,Main,SC-3,SC-03,2023,TSP,SNAG,15.4,DEAD,1,8,NA,NA,NA,NA,NA,,#146,0.018626503
936,Main,SC-5,SC-05,2023,Control,FAGR,14.1,S,5,2,2,3,2,3,2,3,"#243, broken trunk",0.015614501
937,Main,SC-5,SC-05,2023,Control,ACSA,27.9,C,5,2,NA,NA,NA,NA,NA,,,0.061136178
938,Main,SC-5,SC-05,2023,Control,ACRU,36.2,C,6,2,NA,NA,NA,NA,NA,,,0.102921717
939,Main,SC-5,SC-05,2023,Control,ACRU,17.7,S,6,1,NA,NA,NA,NA,NA,,#252,0.024605739
940,Main,SC-5,SC-05,2023,Control,ACRU,18,I,6,1,NA,NA,NA,NA,NA,,#251,0.0254469
941,Main,SC-5,SC-05,2023,Control,ACRU,18.1,S,5,2,NA,NA,NA,NA,NA,,#248,0.025730429
942,Main,SC-5,SC-05,2023,Control,ACRU,12.8,S,6,1,NA,NA,NA,NA,NA,,#250,0.012867964
943,Main,SC-5,SC-05,2023,Control,QURU,77.7,D,5,2,NA,NA,NA,NA,NA,,#233,0.474167648
944,Main,SC-5,SC-05,2023,Control,QURU,65.6,D,5,3,NA,NA,NA,NA,NA,,#239,0.337985104
945,Main,SC-5,SC-05,2023,Control,ACSA,30.7,S,2,5,NA,NA,NA,NA,NA,,#242,0.074022992
946,Main,SC-5,SC-05,2023,Control,CARYA,18.6,I,5,2,NA,NA,NA,NA,NA,,5 LEAFLETS,0.027171635
947,Main,SC-5,SC-05,2023,Control,ACSA,61.8,D,5,3,NA,NA,NA,NA,NA,,,0.299962408
948,Main,SC-5,SC-05,2023,Control,ACSA2,18.6,S,5,2,NA,NA,NA,NA,NA,,,0.027171635
949,Main,SC-7,SC-07,2023,Lime,FAGR,7,S,3,3,2,2,3,3,3,2,#335,0.003848451
950,Main,SC-7,SC-07,2023,Lime,ACSA,42.6,I,5,2,NA,NA,NA,NA,NA,,,0.142530917
951,Main,SC-7,SC-07,2023,Lime,PRSE2,13.7,I,4,2,NA,NA,NA,NA,NA,,#332,0.014741138
952,Main,SC-7,SC-07,2023,Lime,ACSA,40.3,C,6,1,NA,NA,NA,NA,NA,,#331,0.12755573
953,Main,SC-7,SC-07,2023,Lime,ACSA,53.4,D,6,1,NA,NA,NA,NA,NA,,#323,0.223960999
954,Main,SC-7,SC-07,2023,Lime,ACSA,13,S,4,2,NA,NA,NA,NA,NA,,"#299, bent trunk",0.013273229
955,Main,SC-7,SC-07,2023,Lime,FAGR,20.5,I,3,3,2,3,3,3,3,3,#298,0.033006358
956,Main,SC-7,SC-07,2023,Lime,FAGR,72.1,D,5,2,2,3,2,3,2,2,#294,0.408282167
957,Main,SC-7,SC-07,2023,Lime,FAGR,37.8,C,5,2,2,2,1,3,2,2,#296,0.112220831
958,Main,SC-7,SC-07,2023,Lime,FAGR,16,S,4,2,3,3,2,3,2,2,#297,0.020106193
959,Main,SC-7,SC-07,2023,Lime,SNAG,28.4,DEAD,1,8,NA,NA,NA,NA,NA,,,0.063347074
960,Main,SC-8,SC-08,2023,X-trt,FAGR,57.2,C,4,3,2,3,3,3,2,2,#363,0.256969713
961,Main,SC-8,SC-08,2023,X-trt,FAGR,48.5,C,4,2,1,3,2,3,1,1,#362,0.184745283
962,Main,SC-8,SC-08,2023,X-trt,PRSE2,67.2,D,4,3,NA,NA,NA,NA,NA,,,0.354673244
963,Main,SC-8,SC-08,2023,X-trt,ACSA,27.3,I,6,1,NA,NA,NA,NA,NA,,#361,0.05853494
964,Main,SC-8,SC-08,2023,X-trt,ACSA,41.2,D,3,3,NA,NA,NA,NA,NA,,"#360, in canopy gap",0.133316626
965,Main,SC-8,SC-08,2023,X-trt,ACSA,21.7,I,2,5,NA,NA,NA,NA,NA,,#343,0.036983614
966,Main,SC-8,SC-08,2023,X-trt,SNAG,52.6,DEAD,1,7,NA,NA,NA,NA,NA,,#342,0.217300822
967,Main,SC-8,SC-08,2023,X-trt,SNAG,37.4,DEAD,1,7,NA,NA,NA,NA,NA,,#366,0.109858354
968,Main,SC-8,SC-08,2023,X-trt,FAGR,38.9,C,5,2,1,3,2,3,2,2,#365,0.118847235
969,Main,SC-8,SC-08,2023,X-trt,SAAL5,48.1,I,2,6,NA,NA,NA,NA,NA,,#369,0.181710504
970,Main,SC-8,SC-08,2023,X-trt,FAGR,16.1,I,5,2,1,3,2,3,2,2,#368,0.020358306
971,Main,SC-8,SC-08,2023,X-trt,ACRU,44.8,C,6,2,NA,NA,NA,NA,NA,,#364,0.157632553
972,Main,SC-9,SC-09,2023,Control,FAGR,12.2,I,2,3,3,3,4,1,4,2,"#935, split stem measured larger",0.011689866
973,Main,SC-9,SC-09,2023,Control,SNAG,44.7,DEAD,1,8,NA,NA,NA,NA,NA,,#399,0.156929622
974,Main,SC-9,SC-09,2023,Control,SNAG,43.9,DEAD,1,7,NA,NA,NA,NA,NA,,#401,0.151362719
975,Main,SC-9,SC-09,2023,Control,ACRU,23.8,I,6,2,NA,NA,NA,NA,NA,,#372,0.044488094
976,Main,SC-9,SC-09,2023,Control,LITU,69.4,D,6,1,NA,NA,NA,NA,NA,,#370,0.37827603
977,Main,SC-9,SC-09,2023,Control,ACSA,35.8,C,5,2,NA,NA,NA,NA,NA,,,0.10065977
978,Main,SC-9,SC-09,2023,Control,ACSA,19.3,I,6,2,NA,NA,NA,NA,NA,,#374,0.029255296
979,Main,SC-9,SC-09,2023,Control,SNAG,28.3,DEAD,1,8,NA,NA,NA,NA,NA,,#377,0.062901754
980,Main,SC-9,SC-09,2023,Control,ACSA,77.1,D,6,2,NA,NA,NA,NA,NA,,"#378, hollow on one side",0.46687287
981,Main,SC-9,SC-09,2023,Control,SNAG,22.6,DEAD,1,8,NA,NA,NA,NA,NA,,#393,0.040114997
982,Main,SC-9,SC-09,2023,Control,SNAG,36.5,DEAD,1,7,NA,NA,NA,NA,NA,,#392,0.10463467
983,Main,SC-9,SC-09,2023,Control,SNAG,48.1,DEAD,1,7,NA,NA,NA,NA,NA,,#396,0.181710504
984,Main,SC-9,SC-09,2023,Control,LITU,16.4,C,6,1,NA,NA,NA,NA,NA,,edge of canopy gap,0.021124069
985,Main,SP-1,SP-01,2023,,FAGR,35.5,C,6,2,2,2,2,2,0,0,BROWN SPOTS ON LEAVES,0.098979804
986,Main,SP-1,SP-01,2023,,QURU,56,C,6,1,NA,NA,NA,NA,NA,,,0.246300864
987,Main,SP-1,SP-01,2023,,FAGR,62.7,C,6,2,2,1,2,3,0,0,,0.308762795
988,Main,SP-1,SP-01,2023,,PRSE2,65.5,I,3,5,NA,NA,NA,NA,NA,,,0.336955447
989,Main,SP-1,SP-01,2023,,SNAG,12.7,DEAD,1,7,NA,NA,NA,NA,NA,,,0.012667687
990,Main,SP-1,SP-01,2023,,ACRU,24.5,S,6,2,NA,NA,NA,NA,NA,,,0.047143525
991,Main,SP-1,SP-01,2023,,QUCO2,59.4,C,5,2,NA,NA,NA,NA,NA,,,0.277116746
992,Main,SP-1,SP-01,2023,,ACRU,19.8,S,5,2,NA,NA,NA,NA,NA,,,0.03079075
993,Main,SP-1,SP-01,2023,,SNAG,13,DEAD,1,7,NA,NA,NA,NA,NA,,,0.013273229
994,Main,SP-1,SP-01,2023,,PRSE2,43.8,C,5,2,NA,NA,NA,NA,NA,,,0.150673925
995,Main,SP-1,SP-01,2023,,FAGR,27.1,S,6,2,1,3,2,3,0,0,BROWN SPOTS ON LEAVES,0.057680427
996,Main,SP-1,SP-01,2023,,ACRU,19.3,S,5,2,NA,NA,NA,NA,NA,,,0.029255296
997,Main,SP-2,SP-02,2023,,FAGR,43.3,C,6,2,1,3,2,1,0,0,,0.147253516
998,Main,SP-2,SP-02,2023,,PRSE2,31.7,I,4,2,NA,NA,NA,NA,NA,,,0.078923876
999,Main,SP-2,SP-02,2023,,ACRU,14.6,S,5,2,NA,NA,NA,NA,NA,,,0.016741547
1000,Main,SP-2,SP-02,2023,,ACRU,20.5,S,5,3,NA,NA,NA,NA,NA,,,0.033006358
1001,Main,SP-2,SP-02,2023,,QURU,75.1,C,5,2,NA,NA,NA,NA,NA,,,0.44296535
1002,Main,SP-2,SP-02,2023,,ACRU,20,S,5,3,NA,NA,NA,NA,NA,,,0.031415927
1003,Main,SP-2,SP-02,2023,,ACRU,18.7,S,6,2,NA,NA,NA,NA,NA,,,0.027464588
1004,Main,SP-2,SP-02,2023,,SNAG,67.5,DEAD,1,8,NA,NA,NA,NA,NA,,,0.357847038
1005,Main,SP-2,SP-02,2023,,ACRU,14.5,S,5,2,NA,NA,NA,NA,NA,,,0.016512996
1006,Main,SP-2,SP-02,2023,,QURU,27.5,S,5,2,NA,NA,NA,NA,NA,,,0.059395736
1007,Main,SP-2,SP-02,2023,,QURU,59.2,C,5,2,NA,NA,NA,NA,NA,,,0.275253782
1008,Main,SP-2,SP-02,2023,,OSVI,15.6,S,6,2,NA,NA,NA,NA,NA,,,0.01911345
1009,Main,SP-3,SP-03,2023,,FAGR,45.3,C,6,1,1,3,1,3,0,0,,0.161170772
1010,Main,SP-3,SP-03,2023,,ACRU,49.6,D,5,2,NA,NA,NA,NA,NA,,,0.193220515
1011,Main,SP-3,SP-03,2023,,ACSA,27.3,I,6,1,NA,NA,NA,NA,NA,,,0.05853494
1012,Main,SP-3,SP-03,2023,,SNAG,32.5,DEAD,1,8,NA,NA,NA,NA,NA,,,0.082957681
1013,Main,SP-3,SP-03,2023,,ACSA,13,I,6,1,NA,NA,NA,NA,NA,,,0.013273229
1014,Main,SP-3,SP-03,2023,,SNAG,67.7,DEAD,1,8,NA,NA,NA,NA,NA,,,0.359970755
1015,Main,SP-3,SP-03,2023,,FAGR,16.2,S,6,1,1,3,1,3,0,0,,0.020611989
1016,Main,SP-3,SP-03,2023,,ACRU,24.8,I,5,2,NA,NA,NA,NA,NA,,,0.048305129
1017,Main,SV-1,SV-01,2023,TSP,FAGR,59.2,C,5,2,2,3,2,3,3,2,#2425,0.275253782
1018,Main,SV-1,SV-01,2023,TSP,FAGR,14.1,S,2,3,2,3,3,3,3,3,,0.015614501
1019,Main,SV-1,SV-01,2023,TSP,ACSA,46.6,C,5,2,NA,NA,NA,NA,NA,,,0.170553924
1020,Main,SV-1,SV-01,2023,TSP,QURU,51.4,C,6,1,NA,NA,NA,NA,NA,,#2406,0.207499053
1021,Main,SV-1,SV-01,2023,TSP,QURU,73.9,C,4,2,NA,NA,NA,NA,NA,,#2409,0.42892243
1022,Main,SV-1,SV-01,2023,TSP,ACRU,12.7,S,4,2,NA,NA,NA,NA,NA,,#2411,0.012667687
1023,Main,SV-1,SV-01,2023,TSP,QURU,57.8,C,5,2,NA,NA,NA,NA,NA,,#2412,0.26238896
1024,Main,SV-1,SV-01,2023,TSP,QURU,64.5,C,6,1,NA,NA,NA,NA,NA,,#2421,0.326745271
1025,Main,SV-10,SV-10,2023,Lime,FAGR,3.9,S,3,3,2,1,3,3,3,3,,0.001194591
1026,Main,SV-10,SV-10,2023,Lime,ACSA,22,S,6,1,NA,NA,NA,NA,NA,,#2801,0.038013271
1027,Main,SV-10,SV-10,2023,Lime,QURU,81,C,5,3,NA,NA,NA,NA,NA,,#2797,0.515299735
1028,Main,SV-10,SV-10,2023,Lime,ACSA,22.9,S,6,1,NA,NA,NA,NA,NA,,#2821,0.041187065
1029,Main,SV-10,SV-10,2023,Lime,CARYA,46.2,C,5,2,NA,NA,NA,NA,NA,,no number but nail in tree,0.167638526
1030,Main,SV-10,SV-10,2023,Lime,LITU,72.4,c,5,2,NA,NA,NA,NA,NA,,#2817,0.411686868
1031,Main,SV-10,SV-10,2023,Lime,LITU,68.5,C,5,2,NA,NA,NA,NA,NA,,#2816,0.368528453
1032,Main,SV-10,SV-10,2023,Lime,ACSA,28.7,I,6,1,NA,NA,NA,NA,NA,,#2803,0.064692461
1033,Main,SV-10,SV-10,2023,Lime,ACSA,25,I,5,3,NA,NA,NA,NA,NA,,#2802,0.049087385
1034,Main,SV-10,SV-10,2023,Lime,CARYA,25.8,I,5,2,NA,NA,NA,NA,NA,,no tag,0.052279243
1035,Main,SV-10,SV-10,2023,Lime,CARYA,23.4,I,4,2,NA,NA,NA,NA,NA,,no tag,0.043005262
1036,Main,SV-10,SV-10,2023,Lime,ACSA,29.3,I,6,2,NA,NA,NA,NA,NA,,no tag,0.067425647
1037,Main,SV-10,SV-10,2023,Lime,CARYA,25.6,S,6,1,NA,NA,NA,NA,NA,,#2800,0.051471854
1038,Main,SV-10,SV-10,2023,Lime,CARYA,64.5,C,5,2,NA,NA,NA,NA,NA,,"frost damage, attached to follwing tree",0.326745271
1039,Main,SV-10,SV-10,2023,Lime,CARYA,49.7,c,5,2,NA,NA,NA,NA,NA,,#2798,0.194000415
1040,Main,SV-11,SV-11,2023,Control,FAGR,7.8,S,3,5,4,3,4,3,4,3,#2867,0.004778362
1041,Main,SV-11,SV-11,2023,Control,PRSE2,51.6,C,6,2,NA,NA,NA,NA,NA,,#2868,0.209116973
1042,Main,SV-11,SV-11,2023,Control,ACSA,22.8,S,5,2,NA,NA,NA,NA,NA,,#2871,0.040828138
1043,Main,SV-11,SV-11,2023,Control,ACRU,20.6,S,6,1,NA,NA,NA,NA,NA,,,0.033329156
1044,Main,SV-11,SV-11,2023,Control,ACSA,29.4,S,6,1,NA,NA,NA,NA,NA,,,0.067886676
1045,Main,SV-11,SV-11,2023,Control,PRSE2,54,C,5,2,NA,NA,NA,NA,NA,,#2863,0.229022104
1046,Main,SV-11,SV-11,2023,Control,QURU,72.4,C,6,2,NA,NA,NA,NA,NA,,,0.411686868
1047,Main,SV-11,SV-11,2023,Control,BETULA,44.3,I,6,1,NA,NA,NA,NA,NA,,#2861,0.154133604
1048,Main,SV-11,SV-11,2023,Control,TSCA,14.3,S,2,6,NA,NA,NA,NA,NA,,"#2860, top snapped",0.016060607
1049,Main,SV-11,SV-11,2023,Control,SNAG,38.4,DEAD,1,7,NA,NA,NA,NA,NA,,"#2838, PRSE2",0.115811672
1050,Main,SV-11,SV-11,2023,Control,SNAG,25.2,DEAD,1,8,NA,NA,NA,NA,NA,,#2864,0.049875925
1051,Main,SV-11,SV-11,2023,Control,ACRU,47.4,C,6,2,NA,NA,NA,NA,NA,,missing tag,0.176460118
1052,Main,SV-11,SV-11,2023,Control,ACSA,40,C,6,2,NA,NA,NA,NA,NA,,#2835,0.125663706
1053,Main,SV-11,SV-11,2023,Control,PRSE2,29.5,I,4,2,NA,NA,NA,NA,NA,,"#2832, broken branches",0.068349275
1054,Main,SV-12,SV-12,2023,TSP,FAGR,10,S,2,5,3,3,5,3,3,3,#2884,0.007853982
1055,Main,SV-12,SV-12,2023,TSP,NYSY,36.3,I,6,1,NA,NA,NA,NA,NA,,#2907,0.103491131
1056,Main,SV-12,SV-12,2023,TSP,ACRU,71,C,6,2,NA,NA,NA,NA,NA,,#2910,0.395919214
1057,Main,SV-12,SV-12,2023,TSP,ACSA,18.6,S,6,1,NA,NA,NA,NA,NA,,#2906,0.027171635
1058,Main,SV-12,SV-12,2023,TSP,CAOV2,35.6,C,6,1,NA,NA,NA,NA,NA,,#2905,0.099538222
1059,Main,SV-12,SV-12,2023,TSP,ACSA,25.1,S,6,1,NA,NA,NA,NA,NA,,#2901,0.04948087
1060,Main,SV-12,SV-12,2023,TSP,SNAG,17.8,DEAD,1,8,NA,NA,NA,NA,NA,,#2888,0.024884555
1061,Main,SV-12,SV-12,2023,TSP,QUCO2,57.9,C,6,2,NA,NA,NA,NA,NA,,"#2887, probably scarlet not northern red",0.263297666
1062,Main,SV-12,SV-12,2023,TSP,QURU,65.1,C,5,2,NA,NA,NA,NA,NA,,#2889,0.332852527
1063,Main,SV-12,SV-12,2023,TSP,ACSA,17.8,S,6,1,NA,NA,NA,NA,NA,,,0.024884555
1064,Main,SV-12,SV-12,2023,TSP,ACSA,18.3,S,5,2,NA,NA,NA,NA,NA,,#2886,0.026302199
1065,Main,SV-12,SV-12,2023,TSP,ACRU,67.9,C,6,1,NA,NA,NA,NA,NA,,#2885,0.362100755
1066,Main,SV-12,SV-12,2023,TSP,PRSE2,59,C,5,2,NA,NA,NA,NA,NA,,#2881,0.273397101
1067,Main,SV-12,SV-12,2023,TSP,QURU,64.4,C,6,1,NA,NA,NA,NA,NA,,,0.325732893
1068,Main,SV-2,SV-02,2023,Lime,FAGR,12.5,S,2,4,3,3,3,3,2,3,#2468,0.012271846
1069,Main,SV-2,SV-02,2023,Lime,CAOV2,40.3,D,6,1,NA,NA,NA,NA,NA,,#2468,0.12755573
1070,Main,SV-2,SV-02,2023,Lime,FAGR,48.7,C,3,3,1,3,3,3,3,2,#2461,0.186272097
1071,Main,SV-2,SV-02,2023,Lime,SNAG,65.2,DEAD,NA,8,NA,NA,NA,NA,NA,,#2465,0.333875901
1072,Main,SV-2,SV-02,2023,Lime,FAGR,15.5,I,2,4,3,1,3,3,3,3,#2469,0.018869191
1073,Main,SV-2,SV-02,2023,Lime,FAGR,78.9,D,4,3,1,3,4,3,2,3,#2475,0.48892685
1074,Main,SV-2,SV-02,2023,Lime,SNAG,35.9,DEAD,NA,8,NA,NA,NA,NA,NA,,#2456,0.101222901
1075,Main,SV-2,SV-02,2023,Lime,FAGR,61.7,C,5,2,2,2,2,3,2,3,#2457,0.298992441
1076,Main,SV-2,SV-02,2023,Lime,FAGR,15.3,S,4,2,1,3,3,3,3,3,#2458,0.018385386
1077,Main,SV-2,SV-02,2023,Lime,FAGR,13.8,S,2,6,5,3,5,3,4,3,#2459,0.014957123
1078,Main,SV-2,SV-02,2023,Lime,ACSA,29,I,5,2,NA,NA,NA,NA,NA,,,0.066051986
1079,Main,SV-2,SV-02,2023,Lime,FAGR,19.7,I,5,2,2,2,2,3,3,3,#2462,0.030480517
1080,Main,SV-3,SV-03,2023,Control,FAGR,38.4,C,4,3,2,3,3,3,3,2,#2501,0.115811672
1081,Main,SV-3,SV-03,2023,Control,FAGR,30.4,C,3,3,2,1,2,3,3,2,#2527,0.072583357
1082,Main,SV-3,SV-03,2023,Control,FAGR,28.7,C,5,2,2,1,2,1,2,2,#2529,0.064692461
1083,Main,SV-3,SV-03,2023,Control,FAGR,23.4,C,4,2,2,3,2,3,3,3,"#2532, browning",0.043005262
1084,Main,SV-3,SV-03,2023,Control,FAGR,41,D,6,2,1,3,2,3,1,1,#2499,0.132025431
1085,Main,SV-3,SV-03,2023,Control,FAGR,15,S,3,2,2,1,2,3,3,3,#2498,0.017671459
1086,Main,SV-3,SV-03,2023,Control,FAGR,27.5,I,4,2,2,1,2,3,3,2,#2493,0.059395736
1087,Main,SV-3,SV-03,2023,Control,PRSE2,24.8,S,5,2,NA,NA,NA,NA,NA,,#2494,0.048305129
1088,Main,SV-3,SV-03,2023,Control,FAGR,12.8,S,3,4,3,3,2,3,3,3,"#2500, partial tip over",0.012867964
1089,Main,SV-3,SV-03,2023,Control,FAGR,36.1,C,5,3,3,1,2,1,1,0,#2497,0.102353874
1090,Main,SV-3,SV-03,2023,Control,ACSA,57.4,D,4,3,NA,NA,NA,NA,NA,,#2502,0.258769845
1091,Main,SV-3,SV-03,2023,Control,FAGR,93.4,C,5,2,1,3,2,3,2,2,,0.6851468
1092,Main,SV-3,SV-03,2023,Control,FAGR,32.7,I,5,2,2,3,2,3,3,3,"#2524, browning",0.08398184
1093,Main,SV-4,SV-04,2023,X-Trt,FAGR,31.8,C,5,2,2,1,2,3,3,2,#2579,0.079422604
1094,Main,SV-4,SV-04,2023,X-Trt,SNAG,19.9,DEAD,1,8,NA,NA,NA,NA,NA,,#2573,0.031102553
1095,Main,SV-4,SV-04,2023,X-Trt,ACSA,74.1,C,3,3,NA,NA,NA,NA,NA,,#2582,0.431247209
1096,Main,SV-4,SV-04,2023,X-Trt,FAGR,18.7,S,5,2,2,1,2,3,1,2,,0.027464588
1097,Main,SV-4,SV-04,2023,X-Trt,ACSA,14.4,I,6,1,NA,NA,NA,NA,NA,,#2583,0.016286016
1098,Main,SV-4,SV-04,2023,X-Trt,ACSA,13.3,S,6,1,NA,NA,NA,NA,NA,,#2885,0.013892908
1099,Main,SV-4,SV-04,2023,X-Trt,FAGR,25.7,S,4,2,2,1,1,1,2,2,#581,0.051874763
1100,Main,SV-4,SV-04,2023,X-Trt,ACSA,223,I,6,1,NA,NA,NA,NA,NA,,#2576,3.905706527
1101,Main,SV-4,SV-04,2023,X-Trt,ACSA,23.5,I,6,1,NA,NA,NA,NA,NA,,#2574,0.043373614
1102,Main,SV-4,SV-04,2023,X-Trt,SNAG,58.5,DEAD,1,8,NA,NA,NA,NA,NA,,#542,0.268782886
1103,Main,SV-4,SV-04,2023,X-Trt,ACSA,33.4,C,5,1,NA,NA,NA,NA,NA,,#542,0.087615878
1104,Main,SV-4,SV-04,2023,X-Trt,FAGR,14.4,I,2,5,4,3,4,3,4,3,"#1271, LOTS OF VITIS",0.016286016
1105,Main,SV-4,SV-04,2023,X-Trt,QURU,16.8,D,6,2,NA,NA,NA,NA,NA,,,0.022167078
1106,Main,SV-5,SV-05,2023,TSP,FAGR,55.4,C,5,2,2,3,3,1,2,2,2595,0.241051263
1107,Main,SV-5,SV-05,2023,TSP,ACSA,52,C,6,2,NA,NA,NA,NA,NA,,"2605, 9 leaflets - Pignut?",0.212371663
1108,Main,SV-5,SV-05,2023,TSP,CARYA,75.4,D,5,2,NA,NA,NA,NA,NA,,,0.446511422
1109,Main,SV-5,SV-05,2023,TSP,FAGR,12.8,S,2,4,3,3,3,3,3,3,2608,0.012867964
1110,Main,SV-5,SV-05,2023,TSP,FAGR,17.6,S,2,4,3,3,3,3,3,2,2613,0.024328494
1111,Main,SV-5,SV-05,2023,TSP,QURU,71.1,D,6,1,NA,NA,NA,NA,NA,,2611,0.397035265
1112,Main,SV-5,SV-05,2023,TSP,ACRU,21.5,S,6,1,NA,NA,NA,NA,NA,,2610,0.03630503
1113,Main,SV-5,SV-05,2023,TSP,FAGR,48.5,C,4,3,2,3,2,1,3,0,2625,0.184745283
1114,Main,SV-5,SV-05,2023,TSP,SNAG,18,DEAD,NA,8,NA,NA,NA,NA,NA,,,0.0254469
1115,Main,SV-6,SV-06,2023,Lime,FAGR,38.9,C,3,3,2,2,3,3,3,2,#2655,0.118847235
1116,Main,SV-6,SV-06,2023,Lime,SNAG,18.4,DEAD,NA,7,NA,NA,NA,NA,NA,,#2657,0.02659044
1117,Main,SV-6,SV-06,2023,Lime,ACSA,42,C,5,2,NA,NA,NA,NA,NA,,#2658,0.138544236
1118,Main,SV-6,SV-06,2023,Lime,FAGR,48.6,C,4,3,1,3,3,3,4,3,#2664,0.185507905
1119,Main,SV-6,SV-06,2023,Lime,CARYA,47.4,C,6,1,NA,NA,NA,NA,NA,,#2671,0.176460118
1120,Main,SV-6,SV-06,2023,Lime,ACRU,12.8,I,6,1,NA,NA,NA,NA,NA,,,0.012867964
1121,Main,SV-6,SV-06,2023,Lime,ACSA,17.9,I,3,3,NA,NA,NA,NA,NA,,#2672,0.025164943
1122,Main,SV-6,SV-06,2023,Lime,SNAG,73.8,DEAD,NA,8,NA,NA,NA,NA,NA,,#2651,0.427762397
1123,Main,SV-6,SV-06,2023,Lime,ACSA,53.4,C,6,2,NA,NA,NA,NA,NA,,,0.223960999
1124,Main,SV-6,SV-06,2023,Lime,FAGR,16.6,I,4,3,1,3,3,3,3,3,#2653,0.021642432
1125,Main,SV-7,SV-07,2023,Control,FAGR,12,S,3,3,2,1,3,3,3,3,#2749,0.011309734
1126,Main,SV-7,SV-07,2023,Control,QURU,37.8,C,6,2,NA,NA,NA,NA,NA,,could be black or scarlet oak,0.112220831
1127,Main,SV-7,SV-07,2023,Control,QURU,89.1,c,6,2,NA,NA,NA,NA,NA,,#2756,0.623512679
1128,Main,SV-7,SV-07,2023,Control,QURU,66.3,C,6,1,NA,NA,NA,NA,NA,,#752,0.345236685
1129,Main,SV-7,SV-07,2023,Control,QURU,92,C,5,3,NA,NA,NA,NA,NA,,#2747,0.664761005
1130,Main,SV-7,SV-07,2023,Control,QURU,43.2,I,6,2,NA,NA,NA,NA,NA,,#2727,0.146574147
1131,Main,SV-7,SV-07,2023,Control,ACRU,18.6,S,6,2,NA,NA,NA,NA,NA,,#2726,0.027171635
1132,Main,SV-7,SV-07,2023,Control,QURU,61.9,C,5,2,NA,NA,NA,NA,NA,,#2724,0.300933946
1133,Main,SV-7,SV-07,2023,Control,QURU,68.1,C,5,2,NA,NA,NA,NA,NA,,#2722,0.364237038
1134,Main,SV-7,SV-07,2023,Control,FAGR,12.8,S,4,2,1,3,2,3,2,0,#2723,0.012867964
1135,Main,SV-8,SV-08,2023,X-Trt,FAGR,4.7,S,3,3,3,3,3,3,4,4,,0.001734945
1136,Main,SV-8,SV-08,2023,X-Trt,ACRU,24.9,I,6,1,NA,NA,NA,NA,NA,,#695,0.048695472
1137,Main,SV-8,SV-08,2023,X-Trt,CAOV2,33.6,C,5,2,NA,NA,NA,NA,NA,,,0.088668311
1138,Main,SV-8,SV-08,2023,X-Trt,ACRU,32.6,C,4,2,NA,NA,NA,NA,NA,,,0.083468975
1139,Main,SV-8,SV-08,2023,X-Trt,SNAG,115.5,DEAD,NA,8,NA,NA,NA,NA,NA,,#2689,1.047740785
1140,Main,SV-8,SV-08,2023,X-Trt,ACRU,16.8,I,5,2,NA,NA,NA,NA,NA,,,0.022167078
1141,Main,SV-8,SV-08,2023,X-Trt,ACRU,18.2,I,6,1,NA,NA,NA,NA,NA,,#2692,0.026015529
1142,Main,SV-8,SV-08,2023,X-Trt,ACRU,16.5,I,4,2,NA,NA,NA,NA,NA,,#2698,0.021382465
1143,Main,SV-8,SV-08,2023,X-Trt,ACRU,23,C,6,1,NA,NA,NA,NA,NA,,#2696,0.041547563
1144,Main,SV-8,SV-08,2023,X-Trt,CARYA,20.2,C,6,1,NA,NA,NA,NA,NA,,#2699,0.032047387
1145,Main,SV-8,SV-08,2023,X-Trt,CARYA,33.1,C,6,1,NA,NA,NA,NA,NA,,#2700,0.086049008
1146,Main,SV-8,SV-08,2023,X-Trt,CARYA,22.1,S,6,1,NA,NA,NA,NA,NA,,,0.038359632
1147,Main,SV-8,SV-08,2023,X-Trt,ACRU,14.8,S,6,1,NA,NA,NA,NA,NA,,,0.017203361
1148,Main,SV-8,SV-08,2023,X-Trt,ACRU,51.1,C,5,2,NA,NA,NA,NA,NA,,,0.205083954
1149,Main,SV-9,SV-09,2023,X-Trt,FAGR,23.7,I,4,3,1,3,3,3,2,3,#2767,0.044115029
1150,Main,SV-9,SV-09,2023,X-Trt,LITU,55.7,C,5,2,NA,NA,NA,NA,NA,,#2791,0.243668995
1151,Main,SV-9,SV-09,2023,X-Trt,ACRU,34.6,I,6,1,NA,NA,NA,NA,NA,,#2790,0.094024727
1152,Main,SV-9,SV-09,2023,X-Trt,FAGR,29.7,I,5,2,2,1,2,3,2,0,#2770,0.069279187
1153,Main,SV-9,SV-09,2023,X-Trt,FAGR,18.5,S,4,2,2,1,2,3,3,3,,0.026880252
1154,Main,SV-9,SV-09,2023,X-Trt,QURU,79.9,C,6,2,NA,NA,NA,NA,NA,,#2768,0.501398973
1155,Main,SV-9,SV-09,2023,X-Trt,CARYA,26.8,S,6,1,NA,NA,NA,NA,NA,,,0.056410438
1156,Main,SV-9,SV-09,2023,X-Trt,CARYA,39.5,C,5,2,NA,NA,NA,NA,NA,,#2762,0.122541748
1157,Main,TSI-10,TSI-10,2023,,FAGR,45,C,4,3,2,2,3,1,3,2,#149,0.159043128
1158,Main,TSI-10,TSI-10,2023,,CARYA,23,S,6,2,NA,NA,NA,NA,NA,,,0.041547563
1159,Main,TSI-10,TSI-10,2023,,ACSA,36.4,C,5,2,NA,NA,NA,NA,NA,,,0.104062115
1160,Main,TSI-10,TSI-10,2023,,CARYA,68.1,D,6,2,NA,NA,NA,NA,NA,,,0.364237038
1161,Main,TSI-10,TSI-10,2023,,ACSA,21.9,S,6,1,NA,NA,NA,NA,NA,,,0.037668481
1162,Main,TSI-10,TSI-10,2023,,CAOV2,22.6,S,6,1,NA,NA,NA,NA,NA,,,0.040114997
1163,Main,TSI-11,TSI-11,2023,,FAGR,46.6,I,6,2,2,3,2,3,1,0,#295,0.170553924
1164,Main,TSI-11,TSI-11,2023,,ACRU,20.9,S,5,2,NA,NA,NA,NA,NA,,,0.034306977
1165,Main,TSI-11,TSI-11,2023,,ACRU,30.3,I,6,1,NA,NA,NA,NA,NA,,,0.07210662
1166,Main,TSI-11,TSI-11,2023,,PRSE2,31.3,C,5,2,NA,NA,NA,NA,NA,,,0.076944673
1167,Main,TSI-11,TSI-11,2023,,ACSA,33.7,C,6,2,NA,NA,NA,NA,NA,,#296,0.089196884
1168,Main,TSI-11,TSI-11,2023,,CARYA,44.1,C,6,1,NA,NA,NA,NA,NA,,,0.15274502
1169,Main,TSI-11,TSI-11,2023,,FAGR,26.3,S,4,3,2,1,2,3,3,3,,0.054325206
1170,Main,TSI-11,TSI-11,2023,,CARYA,41.2,C,6,1,NA,NA,NA,NA,NA,,,0.133316626
1171,Main,TSI-11,TSI-11,2023,,QURU,61.3,D,5,3,NA,NA,NA,NA,NA,,,0.295128282
1172,Main,TSI-11,TSI-11,2023,,CAOV2,25.4,S,6,1,NA,NA,NA,NA,NA,,,0.050670748
1173,Main,TSI-11,TSI-11,2023,,CAOV2,47,C,6,2,NA,NA,NA,NA,NA,,,0.173494454
1174,Main,TSI-12,TSI-12,2023,,FAGR,21.8,I,3,3,1,3,2,3,3,2,#162,0.037325262
1175,Main,TSI-12,TSI-12,2023,,FAGR,32.5,I,4,3,1,3,3,3,3,2,,0.082957681
1176,Main,TSI-12,TSI-12,2023,,LITU,72.5,D,6,1,NA,NA,NA,NA,NA,,,0.41282491
1177,Main,TSI-12,TSI-12,2023,,ACSA,21,S,6,1,NA,NA,NA,NA,NA,,,0.034636059
1178,Main,TSI-12,TSI-12,2023,,ACSA,19.9,S,5,2,NA,NA,NA,NA,NA,,,0.031102553
1179,Main,TSI-12,TSI-12,2023,,FAGR,60.2,C,6,2,2,1,1,3,2,1,,0.284631436
1180,Main,TSI-12,TSI-12,2023,,ACSA,22.3,S,6,1,NA,NA,NA,NA,NA,,,0.039057065
1181,Main,TSI-12,TSI-12,2023,,CARYA,25.2,I,6,1,NA,NA,NA,NA,NA,,,0.049875925
1182,Main,TSI-12,TSI-12,2023,,ACSA,29.1,I,6,2,NA,NA,NA,NA,NA,,,0.066508302
1183,Main,TSI-12,TSI-12,2023,,FAGR,51.2,D,5,2,2,2,2,1,2,0,no # but flagged,0.205887416
1184,Main,TSI-12,TSI-12,2023,,ACSA,58,C,6,2,NA,NA,NA,NA,NA,,,0.264207942
1185,Main,TSI-12,TSI-12,2023,,CARYA,29,C,6,1,NA,NA,NA,NA,NA,,,0.066051986
1186,Main,TSI-2,TSI-02,2023,,FAGR,20.9,S,3,3,2,2,3,3,3,3,#127,0.034306977
1187,Main,TSI-2,TSI-02,2023,,CAOV2,27.4,I,6,1,NA,NA,NA,NA,NA,,,0.058964553
1188,Main,TSI-2,TSI-02,2023,,QUAL,48,C,5,2,NA,NA,NA,NA,NA,,,0.180955737
1189,Main,TSI-2,TSI-02,2023,,ACSA,30.7,S,6,1,NA,NA,NA,NA,NA,,#228,0.074022992
1190,Main,TSI-2,TSI-02,2023,,ACSA,18.2,S,6,1,NA,NA,NA,NA,NA,,,0.026015529
1191,Main,TSI-2,TSI-02,2023,,ACSA,17.7,S,4,3,NA,NA,NA,NA,NA,,,0.024605739
1192,Main,TSI-2,TSI-02,2023,,ACSA,21.9,S,6,2,NA,NA,NA,NA,NA,,,0.037668481
1193,Main,TSI-2,TSI-02,2023,,ACSA,44.8,C,6,1,NA,NA,NA,NA,NA,,,0.157632553
1194,Main,TSI-2,TSI-02,2023,,ACSA,24,S,6,1,NA,NA,NA,NA,NA,,Conjoined,0.045238934
1195,Main,TSI-2,TSI-02,2023,,QURU,78.7,C,5,2,NA,NA,NA,NA,NA,,Conjoined,0.486451275
1196,Main,TSI-2,TSI-02,2023,,QURU,61.3,C,6,1,NA,NA,NA,NA,NA,,,0.295128282
1197,Main,TSI-2,TSI-02,2023,,QURU,55,C,4,3,NA,NA,NA,NA,NA,,,0.237582944
1198,Main,TSI-2,TSI-02,2023,,ACSA,22.2,I,6,1,NA,NA,NA,NA,NA,,,0.038707563
1199,Main,TSI-2,TSI-02,2023,,CAOV2,15.8,S,5,2,NA,NA,NA,NA,NA,,,0.01960668
1200,Main,TSI-2,TSI-02,2023,,CARYA,40.3,C,6,1,NA,NA,NA,NA,NA,,,0.12755573
1201,Main,TSI-2,TSI-02,2023,,SNAG,20.6,DEAD,1,8,NA,NA,NA,NA,NA,,,0.033329156
1202,Main,TSI-3,TSI-03,2023,,FAGR,20.3,S,4,2,1,3,2,3,3,2,#333,0.032365473
1203,Main,TSI-3,TSI-03,2023,,FAGR,33.2,S,4,3,2,1,3,3,3,2,,0.086569727
1204,Main,TSI-3,TSI-03,2023,,CARYA,32.4,I,5,2,NA,NA,NA,NA,NA,,,0.082447958
1205,Main,TSI-3,TSI-03,2023,,PRSE2,60.6,C,6,2,NA,NA,NA,NA,NA,,,0.28842648
1206,Main,TSI-3,TSI-03,2023,,CARYA,39.8,C,6,1,NA,NA,NA,NA,NA,,,0.124410211
1207,Main,TSI-3,TSI-03,2023,,CARYA,63,D,5,2,NA,NA,NA,NA,NA,,,0.311724531
1208,Main,TSI-3,TSI-03,2023,,CARYA,39.8,C,6,1,NA,NA,NA,NA,NA,,,0.124410211
1209,Main,TSI-3,TSI-03,2023,,SNAG,67,DEAD,1,8,NA,NA,NA,NA,NA,,,0.352565236
1210,Main,TSI-3,TSI-03,2023,,FAGR,22.5,I,5,3,2,1,3,3,2,2,Frost damage,0.039760782
1211,Main,TSI-3,TSI-03,2023,,FAGR,26.8,I,5,2,1,3,2,3,3,2,,0.056410438
1212,Main,TSI-3,TSI-03,2023,,SNAG,19.9,DEAD,1,7,NA,NA,NA,NA,NA,,,0.031102553
1213,Main,TSI-3,TSI-03,2023,,CARYA,44.5,C,6,1,NA,NA,NA,NA,NA,,,0.155528471
1214,Main,TSI-3,TSI-03,2023,,FAGR,48,C,5,2,2,1,1,3,2,0,,0.180955737
1215,Main,TSI-3,TSI-03,2023,,FAGR,48.6,C,3,3,3,3,3,3,2,2,,0.185507905
1216,Main,TSI-4,TSI-04,2023,,FAGR,21.8,I,4,3,2,3,3,3,3,2,#328,0.037325262
1217,Main,TSI-4,TSI-04,2023,,FAGR,17.8,I,4,2,2,1,2,3,3,2,,0.024884555
1218,Main,TSI-4,TSI-04,2023,,TSCA,32,I,5,2,NA,NA,NA,NA,NA,,,0.080424772
1219,Main,TSI-4,TSI-04,2023,,FAGR,15,I,4,2,2,1,2,1,2,1,,0.017671459
1220,Main,TSI-4,TSI-04,2023,,FAGR,28.2,C,3,3,2,3,3,3,1,1,,0.062458004
1221,Main,TSI-4,TSI-04,2023,,ACSA,18.4,S,6,1,NA,NA,NA,NA,NA,,,0.02659044
1222,Main,TSI-4,TSI-04,2023,,TIAM,59.8,D,6,1,NA,NA,NA,NA,NA,,,0.280861525
1223,Main,TSI-4,TSI-04,2023,,FAGR,16.8,S,3,3,2,1,3,3,3,3,,0.022167078
1224,Main,TSI-4,TSI-04,2023,,ACSA,15.2,I,6,1,NA,NA,NA,NA,NA,,,0.018145839
1225,Main,TSI-4,TSI-04,2023,,ACSA,18.5,I,6,2,NA,NA,NA,NA,NA,,,0.026880252
1226,Main,TSI-4,TSI-04,2023,,ACSA,16.7,I,6,2,NA,NA,NA,NA,NA,,Grape Growth,0.021903969
1227,Main,TSI-4,TSI-04,2023,,FAGR,28.2,C,1,5,3,3,5,3,4,4,Grape Growth,0.062458004
1228,Main,TSI-4,TSI-04,2023,,FAGR,57.5,C,5,2,2,1,2,1,2,2,Grape Growth,0.259672268
1229,Main,TSI-4,TSI-04,2023,,FAGR,55.9,C,5,2,2,1,2,3,2,2,Grape Growth,0.245422003
1230,Main,TSI-4,TSI-04,2023,,FAGR,49.2,C,6,2,2,1,2,3,2,2,Grape Growth,0.190116621
1231,Main,TSI-4,TSI-04,2023,,ACSA,13.4,S,6,1,NA,NA,NA,NA,NA,,,0.014102609
1232,Main,TSI-4,TSI-04,2023,,LITU,28.3,C,6,2,NA,NA,NA,NA,NA,,,0.062901754
1233,Main,TSI-4,TSI-04,2023,,LITU,27.3,C,6,2,NA,NA,NA,NA,NA,,,0.05853494
1234,Main,TSI-4,TSI-04,2023,,LITU,23.8,C,6,2,NA,NA,NA,NA,NA,,,0.044488094
1235,Main,TSI-4,TSI-04,2023,,ACSA,13.4,S,6,2,NA,NA,NA,NA,NA,,missing top on trunk,0.014102609
1236,Main,TSI-4,TSI-04,2023,,ACSA,27.2,C,5,2,NA,NA,NA,NA,NA,,,0.058106898
1237,Main,TSI-4,TSI-04,2023,,FAGR,20.8,I,4,3,2,1,3,3,4,2,,0.033979466
1238,Main,TSI-4,TSI-04,2023,,ACSA,35.2,C,6,2,NA,NA,NA,NA,NA,,,0.097313974
1239,Main,TSI-5,TSI-05,2023,,FAGR,25.4,I,4,3,1,3,3,3,4,3,"Center, #215",0.050670748
1240,Main,TSI-5,TSI-05,2023,,FAGR,53.9,C,5,2,1,3,2,3,3,2,,0.22817466
1241,Main,TSI-5,TSI-05,2023,,FAGR,46.1,D,3,3,2,3,3,3,3,2,only one main limb left,0.166913603
1242,Main,TSI-5,TSI-05,2023,,LITU,52.5,C,6,1,NA,NA,NA,NA,NA,,,0.216475369
1243,Main,TSI-5,TSI-05,2023,,FAGR,22.1,I,5,2,1,3,2,3,3,3,,0.038359632
1244,Main,TSI-5,TSI-05,2023,,FAGR,60.6,D,6,2,1,3,2,1,3,2,,0.28842648
1245,Main,TSI-5,TSI-05,2023,,FAGR,24.8,S,2,6,6,3,6,3,4,2,,0.048305129
1246,Main,TSI-5,TSI-05,2023,,ACSA,41.1,C,6,1,NA,NA,NA,NA,NA,,#310,0.132670243
1247,Main,TSI-5,TSI-05,2023,,PRSE2,73.9,D,5,2,NA,NA,NA,NA,NA,,,0.42892243
1248,Main,TSI-5,TSI-05,2023,,ACSA,56.7,C,6,1,NA,NA,NA,NA,NA,,,0.25249687
1249,Main,TSI-5,TSI-05,2023,,FAGR,15,S,2,5,2,3,5,3,3,2,,0.017671459
1250,Main,TSI-5,TSI-05,2023,,CARYA,31.2,C,6,1,NA,NA,NA,NA,NA,,#697,0.076453799
1251,Main,TSI-6,TSI-06,2023,,FAGR,37.6,C,5,2,2,1,2,3,2,0,"#117, center",0.111036451
1252,Main,TSI-6,TSI-06,2023,,FAGR,22.1,I,3,3,2,3,3,3,3,2,Broken top,0.038359632
1253,Main,TSI-6,TSI-06,2023,,CARYA,14.9,I,6,1,NA,NA,NA,NA,NA,,9 leaflets,0.017436625
1254,Main,TSI-6,TSI-06,2023,,ACSA,12.8,I,6,2,NA,NA,NA,NA,NA,,,0.012867964
1255,Main,TSI-6,TSI-06,2023,,LITU,45.2,C,5,2,NA,NA,NA,NA,NA,,,0.160459986
1256,Main,TSI-6,TSI-06,2023,,OSVI,14.4,S,6,2,NA,NA,NA,NA,NA,,,0.016286016
1257,Main,TSI-6,TSI-06,2023,,ACSA,79.6,C,3,4,NA,NA,NA,NA,NA,,,0.497640843
1258,Main,TSI-6,TSI-06,2023,,LITU,15,I,6,2,NA,NA,NA,NA,NA,,,0.017671459
1259,Main,TSI-6,TSI-06,2023,,FAGR,15.1,S,3,3,2,1,3,2,3,2,,0.017907864
1260,Main,TSI-6,TSI-06,2023,,FAGR,60.1,C,5,2,2,1,2,3,2,0,attached at root base,0.283686602
1261,Main,TSI-6,TSI-06,2023,,FAGR,53.9,C,5,2,2,1,2,3,2,0,attached at root base,0.22817466
1262,Main,TSI-6,TSI-06,2023,,FAGR,56.8,C,5,2,2,1,2,3,2,3,,0.253388297
1263,Main,TSI-6,TSI-06,2023,,LITU,32.9,C,6,1,NA,NA,NA,NA,NA,,#116,0.085012283
1264,Main,TSI-6,TSI-06,2023,,SNAG,38.1,DEAD,NA,8,NA,NA,NA,NA,NA,,,0.114009183
1265,Main,TSI-7,TSI-07,2023,,FAGR,20.7,S,4,3,2,3,3,3,4,2,"#203, bark damage",0.033653526
1266,Main,TSI-7,TSI-07,2023,,LITU,45.3,C,5,1,NA,NA,NA,NA,NA,,,0.161170772
1267,Main,TSI-7,TSI-07,2023,,LITU,58.7,C,5,1,NA,NA,NA,NA,NA,,,0.27062386
1268,Main,TSI-7,TSI-07,2023,,LITU,46.9,C,6,1,NA,NA,NA,NA,NA,,,0.172756965
1269,Main,TSI-7,TSI-07,2023,,LITU,39.6,C,6,1,NA,NA,NA,NA,NA,,,0.123162998
1270,Main,TSI-7,TSI-07,2023,,LITU,47.3,C,6,1,NA,NA,NA,NA,NA,,,0.175716346
1271,Main,TSI-7,TSI-07,2023,,ACSA,25.5,I,6,2,NA,NA,NA,NA,NA,,#206,0.051070516
1272,Main,TSI-7,TSI-07,2023,,LITU,66.4,D,6,1,NA,NA,NA,NA,NA,,,0.346278909
1273,Main,TSI-7,TSI-07,2023,,LITU,55.2,C,6,1,NA,NA,NA,NA,NA,,,0.239313962
1274,Main,TSI-7,TSI-07,2023,,ACRU,32.3,S,6,1,NA,NA,NA,NA,NA,,,0.081939805
1275,Main,TSI-7,TSI-07,2023,,ACRU,45.5,C,5,2,NA,NA,NA,NA,NA,,#202,0.162597055
1276,Main,TSI-7,TSI-07,2023,,LITU,47.4,C,5,2,NA,NA,NA,NA,NA,,,0.176460118
1277,Main,TSI-7,TSI-07,2023,,LITU,33.7,I,5,2,NA,NA,NA,NA,NA,,,0.089196884
1278,Main,TSI-7,TSI-07,2023,,LITU,31,S,6,2,NA,NA,NA,NA,NA,,,0.075476764
1279,Main,TSI-8,TSI-08,2023,,FAGR,65.1,C,4,2,1,3,2,3,3,2,#301,0.332852527
1280,Main,TSI-8,TSI-08,2023,,FAGR,14.6,S,3,4,2,3,3,3,2,2,,0.016741547
1281,Main,TSI-8,TSI-08,2023,,ACSA,34.8,I,6,1,NA,NA,NA,NA,NA,,Conjoined,0.095114859
1282,Main,TSI-8,TSI-08,2023,,LITU,86.1,D,5,2,NA,NA,NA,NA,NA,,Conjoined,0.582232152
1283,Main,TSI-8,TSI-08,2023,,LITU,53.6,C,5,2,NA,NA,NA,NA,NA,,,0.225641751
1284,Main,TSI-8,TSI-08,2023,,LITU,53.2,C,4,3,NA,NA,NA,NA,NA,,,0.22228653
1285,Main,TSI-8,TSI-08,2023,,LITU,51.4,C,5,2,NA,NA,NA,NA,NA,,,0.207499053
1286,Main,TSI-8,TSI-08,2023,,QURU,23.1,S,6,1,NA,NA,NA,NA,NA,,,0.041909631
1287,Main,TSI-9,TSI-09,2023,,FAGR,23.9,S,4,4,2,3,2,3,3,2,#281,0.044862728
1288,Main,TSI-9,TSI-09,2023,,FAGR,19.5,S,4,4,1,3,3,3,2,0,,0.029864765
1289,Main,TSI-9,TSI-09,2023,,CARYA,53.1,C,5,5,NA,NA,NA,NA,NA,,,0.221451652
1290,Main,TSI-9,TSI-09,2023,,FAGR,14.5,S,3,3,2,3,3,3,2,2,,0.016512996
1291,Main,TSI-9,TSI-09,2023,,ACSA,15.8,S,5,5,NA,NA,NA,NA,NA,,,0.01960668
1292,Main,TSI-9,TSI-09,2023,,ACSA,19.9,S,5,5,NA,NA,NA,NA,NA,,,0.031102553
1293,Main,TSI-9,TSI-09,2023,,CAOV2,28.7,I,6,6,NA,NA,NA,NA,NA,,,0.064692461
1294,Main,TSI-9,TSI-09,2023,,CAOV2,36.9,C,6,6,NA,NA,NA,NA,NA,,,0.106940599
1295,Main,TSI-9,TSI-09,2023,,ACRU,13.2,S,4,4,NA,NA,NA,NA,NA,,TRUNK BENT IN HALF,0.013684778
1296,Main,TSI-9,TSI-09,2023,,FAGR,19.2,S,3,3,1,3,3,3,3,2,,0.028952918
1297,Main,TSI-9,TSI-09,2023,,CARYA,36.7,C,6,6,NA,NA,NA,NA,NA,,,0.105784493
1298,Main,TSI-9,TSI-09,2023,,SNAG,14.4,DEAD,1,1,NA,NA,NA,NA,NA,,,0.016286016
1299,Main,WVHA-01,WVHA-01,2023,,FAGR,13.9,I,6,2,1,3,2,3,2,0,1584,0.015174678
1300,Main,WVHA-01,WVHA-01,2023,,TSCA,34.2,I,6,2,NA,NA,NA,NA,NA,,1582,0.091863311
1301,Main,WVHA-01,WVHA-01,2023,,ACRU,31.7,C,6,2,NA,NA,NA,NA,NA,,1684,0.078923876
1302,Main,WVHA-01,WVHA-01,2023,,SAAL,15.7,I,6,2,NA,NA,NA,NA,NA,,1685,0.019359279
1303,Main,WVHA-01,WVHA-01,2023,,SAAL,50.3,D,6,2,NA,NA,NA,NA,NA,,1686,0.198712804
1304,Main,WVHA-01,WVHA-01,2023,,FAGR,21.6,I,6,2,1,3,2,3,2,0,1687,0.036643537
1305,Main,WVHA-01,WVHA-01,2023,,SAAL,22.4,I,6,2,NA,NA,NA,NA,NA,,1690,0.039408138
1306,Main,WVHA-01,WVHA-01,2023,,ACRU,47,D,6,2,NA,NA,NA,NA,NA,,1691,0.173494454
1307,Main,WVHA-01,WVHA-01,2023,,QURU,17.3,I,6,2,NA,NA,NA,NA,NA,,1692,0.023506182
1308,Main,WVHA-01,WVHA-01,2023,,FAGR,19.1,I,6,2,1,3,3,3,3,2,1682,0.02865211
1309,Main,WVHA-01,WVHA-01,2023,,FAGR,15,I,5,3,1,3,3,1,2,0,1680,0.017671459
1310,Main,WVHA-01,WVHA-01,2023,,QURU,17.3,I,6,2,NA,NA,NA,NA,NA,,1681,0.023506182
1311,Main,WVHA-01,WVHA-01,2023,,SAAL,16.5,I,6,2,NA,NA,NA,NA,NA,,1583,0.021382465
1312,Main,WVHA-01,WVHA-01,2023,,SNAG,40.9,DEAD,1,7,NA,NA,NA,NA,NA,,,0.13138219
1313,Main,WVHA-02,WVHA-02,2023,,FAGR,81,D,6,2,2,1,2,1,2,0,1007,0.515299735
1314,Main,WVHA-02,WVHA-02,2023,,FAGR,19.3,S,4,4,2,3,4,3,3,2,1006,0.029255296
1315,Main,WVHA-02,WVHA-02,2023,,ACSA,36.3,C,6,2,NA,NA,NA,NA,NA,,1003,0.103491131
1316,Main,WVHA-02,WVHA-02,2023,,FAGR,25.4,I,6,2,2,3,3,3,3,2,1009,0.050670748
1317,Main,WVHA-02,WVHA-02,2023,,FAGR,76.2,D,6,2,2,3,2,3,3,0,1001,0.456036731
1318,Main,WVHA-02,WVHA-02,2023,,BELE,40.9,I,6,2,NA,NA,NA,NA,NA,,735,0.13138219
1319,Main,WVHA-02,WVHA-02,2023,,FAGR,15.7,S,6,3,2,3,3,3,3,3,734,0.019359279
1320,Main,WVMO-01,WVMO-01,2023,,LITU,63.5,D,6,2,NA,NA,NA,NA,NA,,#1652,0.316692174
1321,Main,WVMO-01,WVMO-01,2023,,FAGR,13.7,S,6,2,1,3,2,3,0,0,#1654,0.014741138
1322,Main,WVMO-01,WVMO-01,2023,,FAGR,19.1,S,6,2,1,3,2,3,0,0,#1655,0.02865211
1323,Main,WVMO-01,WVMO-01,2023,,BETULA,25.7,I,6,2,NA,NA,NA,NA,NA,,#1653,0.051874763
1324,Main,WVMO-01,WVMO-01,2023,,FAGR,53.6,C,6,2,1,3,2,3,0,0,#1636,0.225641751
1325,Main,WVMO-01,WVMO-01,2023,,FAGR,51.6,C,6,2,1,3,2,3,0,0,#1657,0.209116973
1326,Main,WVMO-01,WVMO-01,2023,,FAGR,45.7,C,6,2,1,3,2,3,0,0,#1658,0.164029621
1327,Main,WVMO-01,WVMO-01,2023,,LITU,38.4,D,6,2,NA,NA,NA,NA,NA,,#1649,0.115811672
1328,Main,WVMO-01,WVMO-01,2023,,PRSE2,32,I,6,2,NA,NA,NA,NA,NA,,#1647,0.080424772
1329,Main,WVMO-01,WVMO-01,2023,,FAGR,20.3,I,6,2,1,3,2,3,0,0,#1646,0.032365473
1330,Main,WVMO-01,WVMO-01,2023,,FAGR,20.6,I,6,2,1,3,2,3,0,0,#1650,0.033329156
1331,Main,WVMO-01,WVMO-01,2023,,FAGR,51.6,D,6,2,1,3,2,3,0,0,#1651,0.209116973
1332,Main,WVMO-02,WVMO-02,2023,,QUAL,54.1,D,5,3,NA,NA,NA,NA,NA,,#1669,0.22987112
1333,Main,WVMO-02,WVMO-02,2023,,FAGR,48.8,C,6,2,NA,NA,NA,NA,NA,,#1670,0.18703786
1334,Main,WVMO-02,WVMO-02,2023,,FAGR,26.9,I,6,2,1,3,2,3,0,0,#1672,0.056832197
1335,Main,WVMO-02,WVMO-02,2023,,NYSY,35.1,C,6,2,1,3,2,3,0,0,#1659,0.096761839
1336,Main,WVMO-02,WVMO-02,2023,,TSCA,42.2,S,2,6,NA,NA,NA,NA,NA,,#1660,0.139866847
1337,Main,WVMO-02,WVMO-02,2023,,TSCA,28.2,S,2,6,NA,NA,NA,NA,NA,,#1661,0.062458004
1338,Main,WVMO-02,WVMO-02,2023,,TSCA,25.9,S,2,6,NA,NA,NA,NA,NA,,#1662,0.052685294
1339,Main,WVMO-02,WVMO-02,2023,,FAGR,53.3,C,6,2,1,3,2,3,0,0,#1663,0.223122979
1340,Main,WVMO-02,WVMO-02,2023,,TSCA,20.8,S,2,6,NA,NA,NA,NA,NA,,#1664,0.033979466
1341,Main,WVMO-02,WVMO-02,2023,,TSCA,17.8,S,3,5,NA,NA,NA,NA,NA,,#1665,0.024884555
1342,Main,WVMO-02,WVMO-02,2023,,FAGR,68.3,D,6,2,1,3,2,3,0,0,#1667,0.366379604
1343,Main,WVMO-02,WVMO-02,2023,,TSCA,15.2,S,5,3,NA,NA,NA,NA,NA,,#1666,0.018145839
1344,Main,WVMO-02,WVMO-02,2023,,FAGR,24.6,I,6,2,1,3,2,3,0,0,#1668,0.047529155
1345,Main,WVRA-01,WVRA-01,2023,,FAGR,14.2,I,6,2,2,3,1,3,0,0,#706,0.015836769
1346,Main,WVRA-01,WVRA-01,2023,,FAGR,17.8,I,6,2,1,3,2,3,0,0,#740,0.024884555
1347,Main,WVRA-01,WVRA-01,2023,,FAGR,25.1,D,5,3,1,3,3,3,0,0,#739,0.04948087
1348,Main,WVRA-01,WVRA-01,2023,,FAGR,14.7,I,5,3,3,1,4,1,0,0,#738,0.016971669
1349,Main,WVRA-01,WVRA-01,2023,,SNAG,21.6,,NA,7,NA,NA,NA,NA,NA,,#743,0.036643537
1350,Main,WVRA-01,WVRA-01,2023,,MACU,21.8,C,5,2,NA,NA,NA,NA,NA,,#2079,0.037325262
1351,Main,WVRA-01,WVRA-01,2023,,SNAG,54.1,,NA,7,NA,NA,NA,NA,NA,,#744,0.22987112
1352,Main,WVRA-01,WVRA-01,2023,,MACU,33,S,NA,NA,NA,NA,NA,NA,NA,,#745,0.08552986
1353,Main,WVRA-01,WVRA-01,2023,,FAGR,19.6,I,6,2,1,3,2,3,0,0,#746,0.030171856
1354,Main,WVRA-01,WVRA-01,2023,,PRSE2,31.8,D,5,3,NA,NA,NA,NA,NA,,#747,0.079422604
1355,Main,WVRA-01,WVRA-01,2023,,FAGR,16.3,I,6,2,1,3,2,3,0,0,#752,0.020867244
1356,Main,WVRA-01,WVRA-01,2023,,FAGR,22.6,I,6,2,1,2,NA,3,0,0,#753,0.040114997
1357,Main,WVRA-01,WVRA-01,2023,,MACU,38.1,D,5,3,NA,NA,NA,NA,NA,,#7489,0.114009183
1358,Main,WVRA-01,WVRA-01,2023,,FAGR,30.7,C,6,2,2,2,2,3,0,0,#756,0.074022992
1359,Main,WVRA-01,WVRA-01,2023,,FAGR,23.9,S,6,2,1,2,2,3,0,0,#755,0.044862728
1360,Main,WVRA-01,WVRA-01,2023,,FAGR,14,S,6,2,1,2,2,3,0,0,#754,0.015393804
1361,Main,WVRA-01,WVRA-01,2023,,FAGR,16.3,S,5,3,3,1,3,1,0,0,#758,0.020867244
1362,Main,WVRA-01,WVRA-01,2023,,FAGR,29.2,C,6,2,1,3,2,3,0,0,#759,0.066966189
1363,Main,WVRA-01,WVRA-01,2023,,FAGR,22.1,,NA,8,NA,NA,NA,NA,NA,,#737,0.038359632
1364,Main,WVRA-01,WVRA-01,2023,,ACPE,19.6,I,2,6,NA,NA,NA,NA,NA,,#741,0.030171856
1365,Main,WVRA-01,WVRA-01,2023,,FAGR,30,I,2,6,6,3,6,3,0,0,#742,0.070685835
1366,Main,WVRA-01,WVRA-01,2023,,ACRU,42.2,D,6,2,NA,NA,NA,NA,NA,,#750,0.139866847
1367,Main,WVRA-01,WVRA-01,2023,,FAGR,16,S,5,3,2,3,4,3,0,0,#751,0.020106193
1368,Main,WVRA-01,WVRA-01,2023,,BEAL,39.6,D,6,2,NA,NA,NA,NA,NA,,#757,0.123162998
1369,Main,WVRA-02,WVRA-02,2023,,FAGR,14.8,I,6,3,2,1,3,1,0,0,#771,0.017203361
1370,Main,WVRA-02,WVRA-02,2023,,FAGR,19.6,I,4,4,4,1,4,1,0,0,#768,0.030171856
1371,Main,WVRA-02,WVRA-02,2023,,ACSA,20.8,I,6,3,NA,NA,NA,NA,NA,,#767,0.033979466
1372,Main,WVRA-02,WVRA-02,2023,,ACSA,20.8,I,6,2,NA,NA,NA,NA,NA,,#769,0.033979466
1373,Main,WVRA-02,WVRA-02,2023,,FAGR,13.5,S,3,5,5,1,5,3,NA,,#770,0.014313882
1374,Main,WVRA-02,WVRA-02,2023,,SNAG,75.4,,NA,NA,NA,NA,NA,NA,NA,,#772,0.446511422
1375,Main,WVRA-02,WVRA-02,2023,,ACSA,13.7,I,6,2,NA,NA,NA,NA,NA,,#2198,0.014741138
1376,Main,WVRA-02,WVRA-02,2023,,ACSA,17.5,C,6,2,NA,NA,NA,NA,NA,,#761,0.024052819
1377,Main,WVRA-02,WVRA-02,2023,,ACSA,17.8,I,6,2,NA,NA,NA,NA,NA,,#764,0.024884555
1378,Main,WVRA-02,WVRA-02,2023,,FAGR,37.6,D,5,3,2,3,3,3,0,0,#763,0.111036451
1379,Main,WVRA-02,WVRA-02,2023,,ACSA,25.4,C,6,2,NA,NA,NA,NA,NA,,#766,0.050670748
1380,Main,WVRA-02,WVRA-02,2023,,OSVI,14.7,I,4,4,NA,NA,NA,NA,NA,,#762,0.016971669
1381,Main,WVTU-01,WVTU-01,2023,,FAGR,32.8,C,6,2,1,3,2,3,0,0,#1732,0.084496276
1382,Main,WVTU-01,WVTU-01,2023,,PRSE2,81.3,D,4,4,NA,NA,NA,NA,NA,,#1731,0.519123839
1383,Main,WVTU-01,WVTU-01,2023,,FAGR,28.7,C,6,2,1,3,2,3,0,0,#1774,0.064692461
1384,Main,WVTU-01,WVTU-01,2023,,FAGR,20.3,C,6,2,1,3,2,3,0,0,#1775,0.032365473
1385,Main,WVTU-01,WVTU-01,2023,,FAGR,19.3,C,6,2,1,3,2,3,0,0,#1734,0.029255296
1386,Main,WVTU-01,WVTU-01,2023,,FAGR,18,C,6,2,1,3,2,3,0,0,#1735,0.0254469
1387,Main,WVTU-01,WVTU-01,2023,,FAGR,22.9,C,6,2,1,3,2,3,0,0,#2100,0.041187065
1388,Main,WVTU-01,WVTU-01,2023,,FAGR,19.6,I,6,2,1,3,2,3,0,0,#1777,0.030171856
1389,Main,WVTU-01,WVTU-01,2023,,FAGR,22.6,C,6,2,1,3,2,3,0,0,#1772,0.040114997
1390,Main,WVTU-01,WVTU-01,2023,,FAGR,17.5,I,6,2,1,3,2,3,0,0,#1773,0.024052819
1391,Main,WVTU-01,WVTU-01,2023,,FAGR,28.2,C,6,2,1,3,2,3,0,0,#1771,0.062458004
1392,Main,WVTU-01,WVTU-01,2023,,FAGR,19.3,C,6,2,1,3,2,3,0,0,#1770,0.029255296
1393,Main,WVTU-01,WVTU-01,2023,,FAGR,18,C,6,2,1,3,2,3,0,0,#1776,0.0254469
1394,Main,WVTU-01,WVTU-01,2023,,FAGR,27.7,C,6,2,1,3,2,3,0,0,#1769,0.060262816
1395,Main,WVTU-01,WVTU-01,2023,,SNAG,13.9,C,6,2,1,3,2,3,0,0,"#1767, Dani's team filled out all the info for some reason.",0.015174678
1396,Main,WVTU-01,WVTU-01,2023,,FAGR,26.2,C,6,2,1,3,2,3,0,0,#1768,0.053912872
1397,Main,WVTU-01,WVTU-01,2023,,FAGR,25.4,C,6,2,1,3,2,3,0,0,#1766,0.050670748
1398,Main,WVTU-01,WVTU-01,2023,,SNAG,27.7,DEAD,NA,NA,NA,NA,NA,NA,NA,,,0.060262816
1399,Main,WVTU-01,WVTU-01,2023,,FAGR,29.2,C,4,4,4,3,4,3,0,0,#1765,0.066966189
1400,Main,WVTU-01,WVTU-01,2023,,FAGR,25.4,C,4,4,4,3,3,3,0,0,#1764,0.050670748
1401,Main,WVTU-01,WVTU-01,2023,,FAGR,22.4,C,2,6,1,3,2,3,0,0,#1763,0.039408138
1402,Main,WVTU-01,WVTU-01,2023,,FAGR,13.9,I,2,6,1,3,2,3,0,0,#1761,0.015174678
1403,Main,WVTU-01,WVTU-01,2023,,FAGR,17.3,I,2,6,1,3,2,3,0,0,#1762,0.023506182
1404,Main,WVTU-01,WVTU-01,2023,,FAGR,17.8,I,2,6,1,3,2,3,0,0,#1756,0.024884555
1405,Main,WVTU-01,WVTU-01,2023,,FAGR,16.5,I,2,6,1,3,2,3,0,0,#1757,0.021382465
1406,Main,WVTU-01,WVTU-01,2023,,FAGR,19.1,C,6,2,1,3,2,3,0,0,#1759,0.02865211
1407,Main,WVTU-01,WVTU-01,2023,,FAGR,16.8,I,6,2,1,3,2,3,0,0,#1758,0.022167078
1408,Main,WVTU-01,WVTU-01,2023,,FAGR,15.2,I,6,2,1,3,2,3,0,0,#1760,0.018145839
1409,Main,WVTU-01,WVTU-01,2023,,FAGR,16.8,C,6,2,1,3,2,3,0,0,#1754,0.022167078
1410,Main,WVTU-01,WVTU-01,2023,,FAGR,13.2,S,6,2,1,3,2,3,0,0,#1755,0.013684778
1411,Main,WVTU-01,WVTU-01,2023,,FAGR,15.7,I,5,3,1,3,3,1,0,0,#1753,0.019359279
1412,Main,WVTU-01,WVTU-01,2023,,FAGR,19.6,C,6,2,1,3,1,3,0,0,#1752,0.030171856
1413,Main,WVTU-01,WVTU-01,2023,,FAGR,21.6,C,6,2,1,3,2,3,0,0,#1750,0.036643537
1414,Main,WVTU-01,WVTU-01,2023,,LITU,66,D,3,5,NA,NA,NA,NA,NA,,#1751,0.34211944
1415,Main,WVTU-01,WVTU-01,2023,,FAGR,25.7,C,6,2,1,3,2,3,0,0,#1749,0.051874763
1416,Main,WVTU-01,WVTU-01,2023,,FAGR,14.7,S,4,4,4,3,2,3,0,0,#1747,0.016971669
1417,Main,WVTU-01,WVTU-01,2023,,FAGR,18.3,I,6,2,1,3,2,3,0,0,#1748,0.026302199
1418,Main,WVTU-01,WVTU-01,2023,,FAGR,23.9,C,6,3,3,3,2,3,0,0,#1746,0.044862728
1419,Main,WVTU-01,WVTU-01,2023,,FAGR,26.4,C,6,2,1,3,2,3,0,0,#1741,0.05473911
1420,Main,WVTU-01,WVTU-01,2023,,FAGR,20.1,I,6,2,2,3,1,3,0,0,#1742,0.031730871
1421,Main,WVTU-01,WVTU-01,2023,,FAGR,22.9,C,6,2,2,3,1,3,0,0,#1745,0.041187065
1422,Main,WVTU-01,WVTU-01,2023,,FAGR,17.5,C,6,2,2,3,1,3,0,0,#1744,0.024052819
1423,Main,WVTU-01,WVTU-01,2023,,FAGR,19.8,C,6,2,1,3,2,3,0,0,#1740,0.03079075
1424,Main,WVTU-01,WVTU-01,2023,,FAGR,21.1,I,6,2,1,3,3,1,0,0,#1739,0.034966712
1425,Main,WVTU-01,WVTU-01,2023,,SNAG,18.3,DEAD,NA,NA,NA,NA,NA,NA,NA,,#1416,0.026302199
1426,Main,WVTU-01,WVTU-01,2023,,FAGR,12.7,S,5,3,3,2,3,3,0,0,#1738,0.012667687
1427,Main,WVTU-01,WVTU-01,2023,,FAGR,26.2,C,6,2,1,3,2,3,0,0,#1737,0.053912872
1428,Main,WVTU-01,WVTU-01,2023,,SNAG,20.6,DEAD,NA,NA,NA,NA,NA,NA,NA,,,0.033329156
1429,Main,WVTU-01,WVTU-01,2023,,FAGR,16,I,6,2,1,3,3,3,0,0,#1736,0.020106193
1430,Main,WVTU-01,WVTU-01,2023,,FAGR,16.3,I,6,2,1,3,3,3,0,0,#1733,0.020867244
1431,Main,WVTU-02,WVTU-02,2023,,PRSE2,42.7,D,4,4,NA,NA,NA,NA,NA,,#1642,0.143200862
1432,Main,WVTU-02,WVTU-02,2023,,PRSE2,41.9,D,4,4,NA,NA,NA,NA,NA,,#1640,0.137885287
1433,Main,WVTU-02,WVTU-02,2023,,FAGR,14.5,I,3,5,2,1,3,1,0,0,#1641,0.016512996
1434,Main,WVTU-02,WVTU-02,2023,,FAGR,16.5,I,2,6,2,3,2,3,0,0,#1643,0.021382465
1435,Main,WVTU-02,WVTU-02,2023,,FAGR,15.7,I,2,6,2,3,1,3,0,0,#1644,0.019359279
1436,Main,WVTU-02,WVTU-02,2023,,BEAL2,13.9,I,NA,NA,NA,NA,NA,NA,NA,,#1645,0.015174678
1437,Main,WVTU-02,WVTU-02,2023,,QURU,64.3,D,2,6,NA,NA,NA,NA,NA,,#1631,0.324722085
1438,Main,WVTU-02,WVTU-02,2023,,BELE,23.4,I,2,6,NA,NA,NA,NA,NA,,#1633,0.043005262
1439,Main,WVTU-02,WVTU-02,2023,,QURU,49.8,D,2,6,NA,NA,NA,NA,NA,,#1634,0.194781886
1440,Main,WVTU-02,WVTU-02,2023,,TSCA,21.1,I,3,5,NA,NA,NA,NA,NA,,#1535?,0.034966712
1441,Main,WVTU-02,WVTU-02,2023,,ACRU,29.5,I,2,6,NA,NA,NA,NA,NA,,#1639,0.068349275
1442,Main,WVTU-02,WVTU-02,2023,,FAGR,14.5,I,2,6,NA,NA,NA,NA,NA,,#1638,0.016512996
1443,Main,WVTU-02,WVTU-02,2023,,BELE,39.1,C,2,6,NA,NA,NA,NA,NA,,#1637,0.120072457
1444,Main,WVTU-02,WVTU-02,2023,,ACRU,19.8,I,2,6,NA,NA,NA,NA,NA,,#1636,0.03079075
1445,Main,BP-1,BP-01,2024,,ACSA3,21.2,S,5,3,NA,NA,NA,NA,NA,NA,,0.035298935
1446,Main,BP-1,BP-01,2024,,ACSA3,18.3,S,5,4,NA,NA,NA,NA,NA,NA,,0.026302199
1447,Main,BP-1,BP-01,2024,,ACSA3,32.1,S,5,4,NA,NA,NA,NA,NA,NA,,0.080928212
1448,Main,BP-1,BP-01,2024,,ACSA3,22.3,S,5,3,NA,NA,NA,NA,NA,NA,,0.039057065
1449,Main,BP-1,BP-01,2024,,ACSA3,14,S,5,3,NA,NA,NA,NA,NA,NA,,0.015393804
1450,Main,BP-1,BP-01,2024,,ACSA3,44.2,I,6,2,NA,NA,NA,NA,NA,NA,,0.153438527
1451,Main,BP-1,BP-01,2024,,FAGR,37.9,C,6,3,2,2,3,2,0,0,epicormic branching,0.112815378
1452,Main,BP-1,BP-01,2024,,FAGR,13.8,S,6,2,1,3,2,3,0,0,,0.014957123
1453,Main,BP-1,BP-01,2024,,FAGR,19.9,S,6,2,1,3,2,3,0,0,,0.031102553
1454,Main,BP-1,BP-01,2024,,FAGR,27.3,I,6,2,1,3,2,3,0,0,,0.05853494
1455,Main,BP-1,BP-01,2024,,LITU,85.5,D,6,3,NA,NA,NA,NA,NA,NA,,0.574145692
1456,Main,BP-1,BP-01,2024,,QURU,63.2,C,5,4,NA,NA,NA,NA,NA,NA,,0.313706876
1457,Main,BP-1,BP-01,2024,,QURU,59.8,C,5,3,NA,NA,NA,NA,NA,NA,,0.280861525
1458,Main,BP-1,BP-01,2024,,QURU,46.2,C,6,3,NA,NA,NA,NA,NA,NA,,0.167638526
1459,Main,BP-1,BP-01,2024,,QURU,69,D,6,3,NA,NA,NA,NA,NA,NA,,0.373928066
1460,Main,BP-1,BP-01,2024,,SNAG,23.8,,,7,NA,NA,NA,NA,NA,NA,,0.044488094
1461,Main,BP-2,BP-02,2024,,ACRU,15.9,S,4,4,NA,NA,NA,NA,NA,NA,,0.019855651
1462,Main,BP-2,BP-02,2024,,ACSA3,18.9,S,6,3,NA,NA,NA,NA,NA,NA,,0.028055208
1463,Main,BP-2,BP-02,2024,,ACSA3,46.5,C,5,3,NA,NA,NA,NA,NA,NA,,0.169822718
1464,Main,BP-2,BP-02,2024,,ACSA3,29.7,I,5,4,NA,NA,NA,NA,NA,NA,,0.069279187
1465,Main,BP-2,BP-02,2024,,ACSA3,41.9,I,6,2,NA,NA,NA,NA,NA,NA,,0.137885287
1466,Main,BP-2,BP-02,2024,,FAGR,50.9,I,6,2,1,3,2,3,0,0,,0.203481742
1467,Main,BP-2,BP-02,2024,,FAGR,49.3,C,6,2,1,3,2,3,0,0,lots of carvings,0.190890238
1468,Main,BP-2,BP-02,2024,,LITU,61.3,D,6,2,NA,NA,NA,NA,NA,NA,,0.295128282
1469,Main,BP-2,BP-02,2024,,PRSE2,44,C,5,3,NA,NA,NA,NA,NA,NA,,0.152053084
1470,Main,BP-2,BP-02,2024,,PRSE2,38.7,C,6,2,NA,NA,NA,NA,NA,NA,,0.117628298
1471,Main,BW-1,BW-01,2024,,ACSA3,66.8,D,5,3,NA,NA,NA,NA,NA,NA,,0.35046351
1472,Main,BW-1,BW-01,2024,,ACSA3,16.8,S,6,1,NA,NA,NA,NA,NA,NA,,0.022167078
1473,Main,BW-1,BW-01,2024,,ACSA3,22.8,I,6,2,NA,NA,NA,NA,NA,NA,,0.040828138
1474,Main,BW-1,BW-01,2024,,ACSA3,32.1,C,6,2,NA,NA,NA,NA,NA,NA,,0.080928212
1475,Main,BW-1,BW-01,2024,,ACSA3,26.4,C,6,1,NA,NA,NA,NA,NA,NA,,0.05473911
1476,Main,BW-1,BW-01,2024,,ACSA3,20.3,I,5,2,NA,NA,NA,NA,NA,NA,,0.032365473
1477,Main,BW-1,BW-01,2024,,ACSA3,29,C,6,1,NA,NA,NA,NA,NA,NA,,0.066051986
1478,Main,BW-1,BW-01,2024,,ACSA3,42.9,C,5,2,NA,NA,NA,NA,NA,NA,,0.144545463
1479,Main,BW-1,BW-01,2024,,ACSA3,23.4,I,6,1,NA,NA,NA,NA,NA,NA,,0.043005262
1480,Main,BW-1,BW-01,2024,,ACSA3,21.7,S,5,2,NA,NA,NA,NA,NA,NA,,0.036983614
1481,Main,BW-1,BW-01,2024,,FAGR,28.4,C,5,3,3,1,3,1,3,3,,0.063347074
1482,Main,BW-1,BW-01,2024,,FAGR,14.9,S,3,6,4,2,5,3,3,4,Aphids and Mites,0.017436625
1483,Main,BW-1,BW-01,2024,,MAAL5,22.2,C,6,2,NA,NA,NA,NA,NA,NA,,0.038707563
1484,Main,BW-2,BW-02,2024,,ACSA3,30.9,C,6,2,NA,NA,NA,NA,NA,NA,,0.074990602
1485,Main,BW-2,BW-02,2024,,ACSA3,25.8,C,6,2,NA,NA,NA,NA,NA,NA,,0.052279243
1486,Main,BW-2,BW-02,2024,,ACSA3,20.7,C,6,2,NA,NA,NA,NA,NA,NA,,0.033653526
1487,Main,BW-2,BW-02,2024,,ACSA3,25,C,6,2,NA,NA,NA,NA,NA,NA,,0.049087385
1488,Main,BW-2,BW-02,2024,,ACSA3,17.7,C,6,1,NA,NA,NA,NA,NA,NA,,0.024605739
1489,Main,BW-2,BW-02,2024,,ACSA3,17,C,5,3,NA,NA,NA,NA,NA,NA,,0.022698007
1490,Main,BW-2,BW-02,2024,,ACSA3,18.8,I,6,2,NA,NA,NA,NA,NA,NA,,0.027759113
1491,Main,BW-2,BW-02,2024,,ACSA3,15,S,6,2,NA,NA,NA,NA,NA,NA,,0.017671459
1492,Main,BW-2,BW-02,2024,,ACSA3,25.2,C,5,3,NA,NA,NA,NA,NA,NA,,0.049875925
1493,Main,BW-2,BW-02,2024,,ACSA3,22.8,C,6,2,NA,NA,NA,NA,NA,NA,,0.040828138
1494,Main,BW-2,BW-02,2024,,FAGR,16,I,6,3,2,2,2,3,3,3,Center Tree,0.020106193
1495,Main,BW-2,BW-02,2024,,FAGR,13.6,I,5,3,2,1,6,3,3,4,,0.014526724
1496,Main,BW-2,BW-02,2024,,FAGR,20.8,I,4,4,4,1,4,3,3,2,,0.033979466
1497,Main,BW-2,BW-02,2024,,FAGR,13.3,I,4,5,4,2,4,3,4,3,,0.013892908
1498,Main,BW-2,BW-02,2024,,FAGR,14.4,S,4,5,5,2,3,3,3,3,,0.016286016
1499,Main,C-1,C-01,2024,,ACSA3,13.3,S,6,2,NA,NA,NA,NA,NA,NA,lots of vitis,0.013892908
1500,Main,C-1,C-01,2024,,ACSA3,14.7,S,6,3,NA,NA,NA,NA,NA,NA,lots of vitis,0.016971669
1501,Main,C-1,C-01,2024,,FAGR,36.9,I,5,3,3,3,4,3,3,4,#965,0.106940599
1502,Main,C-1,C-01,2024,,FAGR,15.3,S,4,4,2,1,4,3,3,4,Smothered by grape,0.018385386
1503,Main,C-1,C-01,2024,,FAGR,23.9,I,4,4,4,3,4,3,4,4,,0.044862728
1504,Main,C-1,C-01,2024,,FAGR,66.8,C,5,3,2,1,3,3,3,4,,0.35046351
1505,Main,C-1,C-01,2024,,FAGR,25.7,C,4,5,5,1,5,3,4,4,,0.051874763
1506,Main,C-1,C-01,2024,,FAGR,15.1,S,5,3,2,1,3,3,3,2,,0.017907864
1507,Main,C-1,C-01,2024,,FAGR,33.8,C,6,3,1,3,3,3,2,2,,0.089727028
1508,Main,C-1,C-01,2024,,LITU,87.6,D,6,3,NA,NA,NA,NA,NA,NA,lots of vitis,0.602695701
1509,Main,C-1,C-01,2024,,QURU,27.2,I,6,2,NA,NA,NA,NA,NA,NA,lots of vitis,0.058106898
1510,Main,C-1,C-01,2024,,SNAG,15.2,,,7,NA,NA,NA,NA,NA,NA,,0.018145839
1511,Main,C-1,C-01,2024,,TSCA,35.6,I,6,3,NA,NA,NA,NA,NA,NA,lots of vitis,0.099538222
1512,Main,C-1,C-01,2024,,TSCA,17,S,5,3,NA,NA,NA,NA,NA,NA,,0.022698007
1513,Main,C-10,C-10,2024,,ACRU,23.5,S,6,2,NA,NA,NA,NA,NA,NA,,0.043373614
1514,Main,C-10,C-10,2024,,ACSA3,13.3,S,6,2,NA,NA,NA,NA,NA,NA,,0.013892908
1515,Main,C-10,C-10,2024,,ACSA3,14.2,I,6,2,NA,NA,NA,NA,NA,NA,,0.015836769
1516,Main,C-10,C-10,2024,,ACSA3,21.4,S,6,2,NA,NA,NA,NA,NA,NA,,0.035968094
1517,Main,C-10,C-10,2024,,ACSA3,14.4,S,4,4,NA,NA,NA,NA,NA,NA,,0.016286016
1518,Main,C-10,C-10,2024,,CARYA,63.8,C,6,2,NA,NA,NA,NA,NA,NA,,0.31969161
1519,Main,C-10,C-10,2024,,CARYA,47.5,C,6,2,NA,NA,NA,NA,NA,NA,,0.177205461
1520,Main,C-10,C-10,2024,,FAGR,55.4,C,6,2,2,1,2,3,3,2,#666,0.241051263
1521,Main,C-10,C-10,2024,,OSVI,17.9,S,6,2,NA,NA,NA,NA,NA,NA,,0.025164943
1522,Main,C-10,C-10,2024,,PLOC,58.3,C,6,2,NA,NA,NA,NA,NA,NA,,0.266948196
1523,Main,C-10,C-10,2024,,SNAG,18.6,,,8,NA,NA,NA,NA,NA,NA,,0.027171635
1524,Main,C-11,C-11,2024,,ACSA3,65.9,C,6,2,NA,NA,NA,NA,NA,NA,,0.3410835
1525,Main,C-11,C-11,2024,,ACSA3,13.6,S,6,2,NA,NA,NA,NA,NA,NA,,0.014526724
1526,Main,C-11,C-11,2024,,ACSA3,27.3,I,6,2,NA,NA,NA,NA,NA,NA,,0.05853494
1527,Main,C-11,C-11,2024,,ACSA3,76.1,C,6,2,NA,NA,NA,NA,NA,NA,,0.45484057
1528,Main,C-11,C-11,2024,,FAGR,22.1,S,6,2,2,1,2,3,1,1,#407,0.038359632
1529,Main,C-11,C-11,2024,,FAGR,81.6,C,6,3,3,1,2,3,1,1,,0.522962079
1530,Main,C-11,C-11,2024,,FAGR,23.1,I,6,3,1,3,3,3,1,2,,0.041909631
1531,Main,C-11,C-11,2024,,FAGR,44.5,C,5,3,1,3,3,3,2,2,,0.155528471
1532,Main,C-11,C-11,2024,,LITU,34.7,S,6,2,NA,NA,NA,NA,NA,NA,"TOP MISSING, SPROUTING AT BOTTOM",0.094569007
1533,Main,C-11,C-11,2024,,LITU,20.6,S,6,3,NA,NA,NA,NA,NA,NA,,0.033329156
1534,Main,C-11,C-11,2024,,SNAG,49.4,,,8,NA,NA,NA,NA,NA,NA,,0.191665426
1535,Main,C-12,C-12,2024,,ACSA3,17.2,S,6,2,NA,NA,NA,NA,NA,NA,Covered in Vitis,0.023235219
1536,Main,C-12,C-12,2024,,CARYA,38.7,C,6,2,NA,NA,NA,NA,NA,NA,,0.117628298
1537,Main,C-12,C-12,2024,,FAGR,34.9,I,5,3,2,1,3,3,2,3,#579,0.095662282
1538,Main,C-12,C-12,2024,,FAGR,19.1,S,5,3,2,3,3,3,2,2,Has Vitis,0.02865211
1539,Main,C-12,C-12,2024,,PRSE2,36,C,6,2,NA,NA,NA,NA,NA,NA,Covered in Vitis,0.101787602
1540,Main,C-12,C-12,2024,,PRSE2,25.5,S,6,3,NA,NA,NA,NA,NA,NA,Covered in Vitis,0.051070516
1541,Main,C-12,C-12,2024,,PRSE2,43.7,C,6,3,NA,NA,NA,NA,NA,NA,Has Vitis,0.149986702
1542,Main,C-12,C-12,2024,,PRSE2,36.2,C,5,3,NA,NA,NA,NA,NA,NA,,0.102921717
1543,Main,C-12,C-12,2024,,PRSE2,37.3,C,5,3,NA,NA,NA,NA,NA,NA,,0.109271661
1544,Main,C-12,C-12,2024,,PRSE2,44.8,C,6,3,NA,NA,NA,NA,NA,NA,Covered in Vitis,0.157632553
1545,Main,C-12,C-12,2024,,PRSE2,31.9,C,5,3,NA,NA,NA,NA,NA,NA,Covered in Vitis,0.079922903
1546,Main,C-12,C-12,2024,,PRSE2,48.5,C,6,3,NA,NA,NA,NA,NA,NA,,0.184745283
1547,Main,C-12,C-12,2024,,PRSE2,26.6,S,5,3,NA,NA,NA,NA,NA,NA,,0.055571632
1548,Main,C-12,C-12,2024,,PRSE2,48.9,C,6,2,NA,NA,NA,NA,NA,NA,,0.187805194
1549,Main,C-12,C-12,2024,,PRSE2,44.1,C,5,3,NA,NA,NA,NA,NA,NA,,0.15274502
1550,Main,C-12,C-12,2024,,SNAG,26.9,,,8,NA,NA,NA,NA,NA,NA,,0.056832197
1551,Main,C-12,C-12,2024,,SNAG,12.8,,,8,NA,NA,NA,NA,NA,NA,,0.012867964
1552,Main,C-12,C-12,2024,,SNAG,19,,,7,NA,NA,NA,NA,NA,NA,,0.028352874
1553,Main,C-12,C-12,2024,,SNAG,23.8,,,8,NA,NA,NA,NA,NA,NA,Covered in Vitis,0.044488094
1554,Main,C-12,C-12,2024,,SNAG,20.7,,,8,NA,NA,NA,NA,NA,NA,,0.033653526
1555,Main,C-13,C-13,2024,,ACRU,22.8,I,5,3,NA,NA,NA,NA,NA,NA,,0.040828138
1556,Main,C-13,C-13,2024,,ACSA3,52.8,C,6,2,NA,NA,NA,NA,NA,NA,,0.218956442
1557,Main,C-13,C-13,2024,,CARYA,59,D,6,3,NA,NA,NA,NA,NA,NA,,0.273397101
1558,Main,C-13,C-13,2024,,FAGR,35,C,5,4,3,3,4,3,4,3,#595,0.096211275
1559,Main,C-13,C-13,2024,,FAGR,40.1,C,5,3,2,1,3,3,3,3,,0.12629281
1560,Main,C-13,C-13,2024,,FAGR,16,I,5,3,3,3,4,3,2,2,,0.020106193
1561,Main,C-13,C-13,2024,,FAGR,14.4,S,6,2,1,3,2,3,4,4,,0.016286016
1562,Main,C-13,C-13,2024,,FAGR,17,S,4,4,2,3,4,3,4,4,Vitis throughout tree,0.022698007
1563,Main,C-13,C-13,2024,,FAGR,26.6,C,6,3,2,1,2,3,4,3,,0.055571632
1564,Main,C-13,C-13,2024,,FAGR,39.4,C,5,4,3,1,4,3,4,4,,0.121922069
1565,Main,C-13,C-13,2024,,OSVI,19.6,I,6,2,NA,NA,NA,NA,NA,NA,,0.030171856
1566,Main,C-13,C-13,2024,,OSVI,18.8,I,6,2,NA,NA,NA,NA,NA,NA,,0.027759113
1567,Main,C-13,C-13,2024,,SNAG,19.2,,,7,NA,NA,NA,NA,NA,NA,,0.028952918
1568,Main,C-13,C-13,2024,,SNAG,15.9,,,8,NA,NA,NA,NA,NA,NA,,0.019855651
1569,Main,C-14,C-14,2024,,ACSA3,45.1,C,6,2,NA,NA,NA,NA,NA,NA,,0.159750772
1570,Main,C-14,C-14,2024,,ACSA3,14.3,S,6,3,NA,NA,NA,NA,NA,NA,,0.016060607
1571,Main,C-14,C-14,2024,,ACSA3,13.1,S,6,2,NA,NA,NA,NA,NA,NA,,0.013478218
1572,Main,C-14,C-14,2024,,CARYA,13.6,S,6,2,NA,NA,NA,NA,NA,NA,,0.014526724
1573,Main,C-14,C-14,2024,,CARYA,40.5,D,6,2,NA,NA,NA,NA,NA,NA,,0.128824934
1574,Main,C-14,C-14,2024,,FAGR,24.9,S,5,3,2,3,3,3,3,2,"#451, Vitis throughout tree",0.048695472
1575,Main,C-14,C-14,2024,,FAGR,30.5,C,5,3,2,1,3,3,2,1,,0.073061664
1576,Main,C-14,C-14,2024,,FAGR,37.5,C,6,2,2,3,2,3,2,2,,0.110446617
1577,Main,C-14,C-14,2024,,FAGR,22.4,S,5,4,1,3,4,3,3,3,,0.039408138
1578,Main,C-14,C-14,2024,,FAGR,23.5,S,3,5,4,1,5,1,2,2,,0.043373614
1579,Main,C-14,C-14,2024,,FAGR,28.5,C,5,4,3,3,4,3,3,3,,0.063793966
1580,Main,C-14,C-14,2024,,FAGR,25.6,C,5,4,2,3,4,3,4,2,,0.051471854
1581,Main,C-14,C-14,2024,,FAGR,32.4,C,5,3,2,3,3,3,3,2,,0.082447958
1582,Main,C-14,C-14,2024,,FAGR,38,C,6,3,2,1,3,3,3,2,,0.113411495
1583,Main,C-14,C-14,2024,,FAGR,29.3,C,5,3,2,1,3,3,3,2,,0.067425647
1584,Main,C-14,C-14,2024,,FAGR,33.8,C,5,3,2,3,3,3,4,3,,0.089727028
1585,Main,C-14,C-14,2024,,QUAL,71.4,D,6,3,NA,NA,NA,NA,NA,NA,,0.400392842
1586,Main,C-14,C-14,2024,,QUAL,24.2,S,6,2,NA,NA,NA,NA,NA,NA,,0.045996058
1587,Main,C-14,C-14,2024,,QURU,21.5,I,6,3,NA,NA,NA,NA,NA,NA,,0.03630503
1588,Main,C-14,C-14,2024,,QURU,31.9,C,6,2,NA,NA,NA,NA,NA,NA,,0.079922903
1589,Main,C-14,C-14,2024,,SNAG,31.7,,,8,NA,NA,NA,NA,NA,NA,,0.078923876
1590,Main,C-14,C-14,2024,,TIAM,36,I,6,2,NA,NA,NA,NA,NA,NA,,0.101787602
1591,Main,C-15,C-15,2024,,ACSA3,35.4,S,6,2,NA,NA,NA,NA,NA,NA,,0.098422956
1592,Main,C-15,C-15,2024,,FAGR,21.9,S,3,5,4,3,5,3,4,3,#639. TREE LOOKS BAD,0.037668481
1593,Main,C-15,C-15,2024,,FAGR,16.7,S,3,6,4,3,6,3,4,4,,0.021903969
1594,Main,C-15,C-15,2024,,FAGR,27.4,S,4,4,3,3,4,3,3,3,,0.058964553
1595,Main,C-15,C-15,2024,,FAGR,23.5,S,3,5,4,3,5,3,4,2,,0.043373614
1596,Main,C-15,C-15,2024,,FAGR,50.4,S,4,4,3,1,4,3,3,4,,0.1995037
1597,Main,C-15,C-15,2024,,LITU,77.6,C,5,3,NA,NA,NA,NA,NA,NA,,0.472947924
1598,Main,C-15,C-15,2024,,QURU,106.4,D,5,4,NA,NA,NA,NA,NA,NA,,0.889146119
1599,Main,C-15,C-15,2024,,QURU,40.9,C,6,2,NA,NA,NA,NA,NA,NA,,0.13138219
1600,Main,C-15,C-15,2024,,QURU,50.7,C,6,3,NA,NA,NA,NA,NA,NA,,0.201885813
1601,Main,C-15,C-15,2024,,QURU,55.8,C,6,3,NA,NA,NA,NA,NA,NA,,0.244544714
1602,Main,C-15,C-15,2024,,QURU,16.8,S,6,2,NA,NA,NA,NA,NA,NA,,0.022167078
1603,Main,C-15,C-15,2024,,QURU,62.9,D,6,3,NA,NA,NA,NA,NA,NA,,0.310735715
1604,Main,C-15,C-15,2024,,QURU,61.2,C,6,2,NA,NA,NA,NA,NA,NA,,0.29416617
1605,Main,C-15,C-15,2024,,SNAG,13.2,,,7,NA,NA,NA,NA,NA,NA,,0.013684778
1606,Main,C-16,C-16,2024,,ACRU,23.8,I,5,3,NA,NA,NA,NA,NA,NA,,0.044488094
1607,Main,C-16,C-16,2024,,ACSA3,15.6,S,6,2,NA,NA,NA,NA,NA,NA,,0.01911345
1608,Main,C-16,C-16,2024,,ACSA3,13.8,S,5,4,NA,NA,NA,NA,NA,NA,,0.014957123
1609,Main,C-16,C-16,2024,,ACSA3,19.4,S,6,2,NA,NA,NA,NA,NA,NA,,0.029559245
1610,Main,C-16,C-16,2024,,FAGR,26.9,I,6,2,1,3,2,3,1,2,#616,0.056832197
1611,Main,C-16,C-16,2024,,FAGR,31.8,I,5,3,2,1,3,3,2,2,,0.079422604
1612,Main,C-16,C-16,2024,,FAGR,17.8,S,5,4,3,3,4,3,3,4,,0.024884555
1613,Main,C-16,C-16,2024,,PRSE2,44.4,I,4,4,NA,NA,NA,NA,NA,NA,,0.154830252
1614,Main,C-16,C-16,2024,,QURU,18.5,S,5,3,NA,NA,NA,NA,NA,NA,,0.026880252
1615,Main,C-16,C-16,2024,,QURU,42.8,C,6,3,NA,NA,NA,NA,NA,NA,,0.143872377
1616,Main,C-16,C-16,2024,,QURU,39,C,6,2,NA,NA,NA,NA,NA,NA,,0.119459061
1617,Main,C-16,C-16,2024,,QURU,59.6,C,6,2,NA,NA,NA,NA,NA,NA,,0.278985994
1618,Main,C-16,C-16,2024,,QURU,21.3,S,5,3,NA,NA,NA,NA,NA,NA,,0.035632729
1619,Main,C-16,C-16,2024,,QURU,56.8,D,5,3,NA,NA,NA,NA,NA,NA,,0.253388297
1620,Main,C-16,C-16,2024,,QURU,29.6,I,6,2,NA,NA,NA,NA,NA,NA,,0.068813445
1621,Main,C-16,C-16,2024,,QURU,49.5,C,5,3,NA,NA,NA,NA,NA,NA,,0.192442185
1622,Main,C-16,C-16,2024,,QURU,47,C,6,3,NA,NA,NA,NA,NA,NA,,0.173494454
1623,Main,C-16,C-16,2024,,QURU,67.1,D,6,2,NA,NA,NA,NA,NA,NA,,0.353618454
1624,Main,C-17,C-17,2024,,ACSA3,28.1,S,6,2,NA,NA,NA,NA,NA,NA,,0.062015824
1625,Main,C-17,C-17,2024,,ACSA3,16,S,6,2,NA,NA,NA,NA,NA,NA,,0.020106193
1626,Main,C-17,C-17,2024,,ACSA3,37.9,C,6,2,NA,NA,NA,NA,NA,NA,,0.112815378
1627,Main,C-17,C-17,2024,,FAGR,31.1,C,5,4,3,1,3,3,3,3,#606,0.075964496
1628,Main,C-17,C-17,2024,,FAGR,48.7,C,5,3,2,1,3,3,2,3,LOTS OF WHITE SPECKS. TOP VERY HEALTHY,0.186272097
1629,Main,C-17,C-17,2024,,FAGR,53.3,C,6,3,2,1,3,3,2,2,,0.223122979
1630,Main,C-17,C-17,2024,,FAGR,41.3,C,6,2,1,3,2,3,2,2,BOTTOM OF TRUNK ROTTING ,0.133964579
1631,Main,C-17,C-17,2024,,FAGR,15.9,S,5,4,2,1,4,3,3,2,,0.019855651
1632,Main,C-17,C-17,2024,,FAGR,16.2,I,6,3,2,1,3,3,3,3,,0.020611989
1633,Main,C-17,C-17,2024,,FAGR,15.2,S,5,3,3,3,3,3,4,4,,0.018145839
1634,Main,C-17,C-17,2024,,OSVI,22.9,C,6,2,NA,NA,NA,NA,NA,NA,,0.041187065
1635,Main,C-17,C-17,2024,,QURU,13,S,6,3,NA,NA,NA,NA,NA,NA,,0.013273229
1636,Main,C-17,C-17,2024,,QURU,94.1,D,5,3,NA,NA,NA,NA,NA,NA,,0.695455151
1637,Main,C-17,C-17,2024,,SAAL5,44.3,C,6,2,NA,NA,NA,NA,NA,NA,,0.154133604
1638,Main,C-17,C-17,2024,,TIAM,16.6,S,6,2,NA,NA,NA,NA,NA,NA,,0.021642432
1639,Main,C-2,C-02,2024,,ACSA3,35.3,I,6,2,NA,NA,NA,NA,NA,NA,,0.09786768
1640,Main,C-2,C-02,2024,,ACSA3,29.9,I,6,3,NA,NA,NA,NA,NA,NA,,0.070215381
1641,Main,C-2,C-02,2024,,ACSA3,24.3,I,6,3,NA,NA,NA,NA,NA,NA,,0.046376976
1642,Main,C-2,C-02,2024,,ACSA3,21.4,I,5,3,NA,NA,NA,NA,NA,NA,,0.035968094
1643,Main,C-2,C-02,2024,,ACSA3,20.6,I,6,1,NA,NA,NA,NA,NA,NA,,0.033329156
1644,Main,C-2,C-02,2024,,ACSA3,26.8,S,6,3,NA,NA,NA,NA,NA,NA,,0.056410438
1645,Main,C-2,C-02,2024,,ACSA3,22.1,S,6,2,NA,NA,NA,NA,NA,NA,,0.038359632
1646,Main,C-2,C-02,2024,,FAGR,24.2,S,4,4,4,3,5,3,3,4,#659,0.045996058
1647,Main,C-2,C-02,2024,,FAGR,23.5,I,5,4,3,2,5,3,2,4,,0.043373614
1648,Main,C-2,C-02,2024,,FAGR,22.2,S,2,6,6,3,6,3,1,2,Almost dead,0.038707563
1649,Main,C-2,C-02,2024,,FAGR,64.3,C,6,2,2,1,2,3,1,3,Very healthy,0.324722085
1650,Main,C-3,C-03,2024,,ACRU,25.8,C,6,2,NA,NA,NA,NA,NA,NA,,0.052279243
1651,Main,C-3,C-03,2024,,ACSA3,20.9,S,6,1,NA,NA,NA,NA,NA,NA,,0.034306977
1652,Main,C-3,C-03,2024,,ACSA3,19.8,S,6,1,NA,NA,NA,NA,NA,NA,,0.03079075
1653,Main,C-3,C-03,2024,,ACSA3,12.9,S,6,1,NA,NA,NA,NA,NA,NA,,0.013069811
1654,Main,C-3,C-03,2024,,ACSA3,13.7,S,6,1,NA,NA,NA,NA,NA,NA,,0.014741138
1655,Main,C-3,C-03,2024,,ACSA3,17.2,S,6,2,NA,NA,NA,NA,NA,NA,,0.023235219
1656,Main,C-3,C-03,2024,,FAGR,49.7,C,3,5,4,3,3,3,4,4,"#826, TAG MISSING",0.194000415
1657,Main,C-3,C-03,2024,,FAGR,14,I,3,5,5,3,3,3,3,3,,0.015393804
1658,Main,C-3,C-03,2024,,FAGR,33.1,C,5,3,3,3,5,3,3,3,,0.086049008
1659,Main,C-3,C-03,2024,,LITU,107.7,D,6,2,NA,NA,NA,NA,NA,NA,,0.911006106
1660,Main,C-3,C-03,2024,,SNAG,16,,,8,NA,NA,NA,NA,NA,NA,,0.020106193
1661,Main,C-3,C-03,2024,,TSCA,17.8,S,4,4,NA,NA,NA,NA,NA,NA,,0.024884555
1662,Main,C-3,C-03,2024,,TSCA,25.1,S,4,4,NA,NA,NA,NA,NA,NA,,0.04948087
1663,Main,C-3,C-03,2024,,TSCA,13.7,S,5,3,NA,NA,NA,NA,NA,NA,,0.014741138
1664,Main,C-3,C-03,2024,,TSCA,41.4,C,5,3,NA,NA,NA,NA,NA,NA,,0.134614104
1665,Main,C-3,C-03,2024,,TSCA,16.3,S,5,3,NA,NA,NA,NA,NA,NA,,0.020867244
1666,Main,C-3,C-03,2024,,TSCA,14.8,S,5,3,NA,NA,NA,NA,NA,NA,,0.017203361
1667,Main,C-4,C-04,2024,,ACSA3,41,C,6,2,NA,NA,NA,NA,NA,NA,#523,0.132025431
1668,Main,C-4,C-04,2024,,ACSA3,56.3,C,6,2,NA,NA,NA,NA,NA,NA,#833,0.24894687
1669,Main,C-4,C-04,2024,,FAGR,38.4,C,5,3,3,1,3,3,2,4,#522,0.115811672
1670,Main,C-4,C-04,2024,,FAGR,23.9,S,5,3,1,3,3,3,3,3,,0.044862728
1671,Main,C-4,C-04,2024,,FAGR,16.4,S,4,4,2,1,4,3,4,3,top broken off,0.021124069
1672,Main,C-4,C-04,2024,,FAGR,20,S,3,5,5,3,5,3,3,2,,0.031415927
1673,Main,C-4,C-04,2024,,FAGR,21.6,I,4,4,3,1,4,3,2,4,,0.036643537
1674,Main,C-4,C-04,2024,,SNAG,12.9,,,8,NA,NA,NA,NA,NA,NA,,0.013069811
1675,Main,C-4,C-04,2024,,TSCA,15.7,S,5,3,NA,NA,NA,NA,NA,NA,,0.019359279
1676,Main,C-5,C-05,2024,,ACSA3,72,C,5,4,NA,NA,NA,NA,NA,NA,,0.407150408
1677,Main,C-5,C-05,2024,,ACSA3,18.7,I,6,2,NA,NA,NA,NA,NA,NA,,0.027464588
1678,Main,C-5,C-05,2024,,ACSA3,21.4,S,6,3,NA,NA,NA,NA,NA,NA,Measured below hole,0.035968094
1679,Main,C-5,C-05,2024,,FAGR,35.5,C,4,4,3,1,3,3,3,2,#697,0.098979804
1680,Main,C-5,C-05,2024,,FAGR,52.3,C,6,3,2,1,3,3,3,1,,0.214829174
1681,Main,C-5,C-05,2024,,TSCA,33.8,S,5,4,NA,NA,NA,NA,NA,NA,,0.089727028
1682,Main,C-5,C-05,2024,,TSCA,77.1,C,4,4,NA,NA,NA,NA,NA,NA,,0.46687287
1683,Main,C-5,C-05,2024,,ULRU,17.1,S,6,2,NA,NA,NA,NA,NA,NA,Weird bark - Fungal disease?,0.022965828
1684,Main,CC-1,CC-01,2024,,ACSA3,15.1,S,6,2,NA,NA,NA,NA,NA,NA,,0.017907864
1685,Main,CC-1,CC-01,2024,,ACSA3,25,I,6,2,NA,NA,NA,NA,NA,NA,,0.049087385
1686,Main,CC-1,CC-01,2024,,FAGR,50.7,C,6,2,2,1,2,3,0,0,Vitis on the tree,0.201885813
1687,Main,CC-1,CC-01,2024,,FAGR,43.1,I,6,2,1,3,2,3,0,0,leaf curling aphid,0.145896348
1688,Main,CC-1,CC-01,2024,,FAGR,16.9,S,5,4,3,3,3,3,0,0,,0.022431757
1689,Main,CC-1,CC-01,2024,,FAGR,28.7,I,6,2,2,1,2,3,0,0,,0.064692461
1690,Main,CC-1,CC-01,2024,,FAGR,37.2,I,6,3,2,2,2,3,0,0,Vitis on the tree,0.108686539
1691,Main,CC-1,CC-01,2024,,QUAL,52.9,C,6,3,NA,NA,NA,NA,NA,NA,,0.219786607
1692,Main,CC-1,CC-01,2024,,QURU,79.3,C,5,4,NA,NA,NA,NA,NA,NA,,0.49389685
1693,Main,CC-1,CC-01,2024,,SNAG,48.9,,0,8,NA,NA,NA,NA,NA,NA,,0.187805194
1694,Main,CC-1,CC-01,2024,,SNAG,14.1,,0,8,NA,NA,NA,NA,NA,NA,,0.015614501
1695,Main,CC-2,CC-02,2024,,ACRU,72.9,C,6,2,NA,NA,NA,NA,NA,NA,,0.417392785
1696,Main,CC-2,CC-02,2024,,FAGR,36.1,S,6,2,2,1,2,3,1,1,beech blight aphid,0.102353874
1697,Main,CC-2,CC-02,2024,,LITU,76,D,6,2,NA,NA,NA,NA,NA,NA,Tag #5-445,0.453645979
1698,Main,CC-2,CC-02,2024,,QURU,83.2,D,6,3,NA,NA,NA,NA,NA,NA,,0.543671458
1699,Main,CC-2,CC-02,2024,,SAAL5,48,I,6,3,NA,NA,NA,NA,NA,NA,Tag #528,0.180955737
1700,Main,DL-1,DL-01,2024,,ACRU,21.3,I,6,2,NA,NA,NA,NA,NA,NA,slightly above breast height,0.035632729
1701,Main,DL-1,DL-01,2024,,ACRU,28.5,I,6,2,NA,NA,NA,NA,NA,NA,,0.063793966
1702,Main,DL-1,DL-01,2024,,ACRU,37.7,C,6,2,NA,NA,NA,NA,NA,NA,,0.111627856
1703,Main,DL-1,DL-01,2024,,FAGR,40.6,C,5,3,2,3,2,3,0,0,,0.129461892
1704,Main,DL-1,DL-01,2024,,OSVI,18.8,S,6,3,NA,NA,NA,NA,NA,NA,,0.027759113
1705,Main,DL-1,DL-01,2024,,OSVI,14.1,S,6,2,NA,NA,NA,NA,NA,NA,,0.015614501
1706,Main,DL-1,DL-01,2024,,PRSE2,39.2,C,5,4,NA,NA,NA,NA,NA,NA,,0.120687423
1707,Main,DL-1,DL-01,2024,,PRSE2,30.9,I,5,4,NA,NA,NA,NA,NA,NA,,0.074990602
1708,Main,DL-1,DL-01,2024,,PRSE2,37.1,C,3,5,NA,NA,NA,NA,NA,NA,,0.108102989
1709,Main,DL-1,DL-01,2024,,QUAL,52.5,C,6,2,NA,NA,NA,NA,NA,NA,,0.216475369
1710,Main,DL-1,DL-01,2024,,QUAL,30.2,S,6,2,NA,NA,NA,NA,NA,NA,,0.071631454
1711,Main,DL-1,DL-01,2024,,QURU,61.2,C,6,3,NA,NA,NA,NA,NA,NA,,0.29416617
1712,Main,DL-1,DL-01,2024,,SNAG,27,,,8,NA,NA,NA,NA,NA,NA,,0.057255526
1713,Main,DL-1,DL-01,2024,,SNAG,24.7,,,8,NA,NA,NA,NA,NA,NA,,0.047916357
1714,Main,DL-2,DL-02,2024,,ACRU,31,I,6,3,NA,NA,NA,NA,NA,NA,,0.075476764
1715,Main,DL-2,DL-02,2024,,ACRU,23.8,S,6,2,NA,NA,NA,NA,NA,NA,broken top,0.044488094
1716,Main,DL-2,DL-02,2024,,ACRU,17.9,I,5,3,NA,NA,NA,NA,NA,NA,epicormic branching,0.025164943
1717,Main,DL-2,DL-02,2024,,ACSA3,18,S,6,2,NA,NA,NA,NA,NA,NA,,0.0254469
1718,Main,DL-2,DL-02,2024,,ACSA3,26.1,S,6,2,NA,NA,NA,NA,NA,NA,,0.053502108
1719,Main,DL-2,DL-02,2024,,FAGR,30.9,I,6,2,1,3,2,3,0,0,Leaf curling aphids,0.074990602
1720,Main,DL-2,DL-02,2024,,FAGR,16.8,S,6,2,2,1,2,3,0,0,,0.022167078
1721,Main,DL-2,DL-02,2024,,PRSE2,26.9,S,3,5,NA,NA,NA,NA,NA,NA,,0.056832197
1722,Main,DL-2,DL-02,2024,,QUCO2,68.4,C,6,3,NA,NA,NA,NA,NA,NA,,0.367453243
1723,Main,DL-2,DL-02,2024,,QURU,62.2,C,6,2,NA,NA,NA,NA,NA,NA,,0.303857983
1724,Main,DL-2,DL-02,2024,,QURU,67.8,C,6,2,NA,NA,NA,NA,NA,NA,,0.361034969
1725,Main,DL-2,DL-02,2024,,QURU,73.4,C,6,2,NA,NA,NA,NA,NA,NA,,0.423137973
1726,Main,DL-2,DL-02,2024,,QURU,44,I,6,2,NA,NA,NA,NA,NA,NA,,0.152053084
1727,Main,DL-2,DL-02,2024,,SNAG,13.3,,,7,NA,NA,NA,NA,NA,NA,attached to ACRU 23.8,0.013892908
1728,Main,GW-1,GW-01,2024,,FAGR,33.2,C,6,3,2,1,3,3,2,4,,0.086569727
1729,Main,GW-1,GW-01,2024,,FAGR,23.5,I,5,3,1,2,4,3,2,4,,0.043373614
1730,Main,GW-1,GW-01,2024,,FAGR,34.3,C,5,3,4,3,4,3,1,2,,0.092401309
1731,Main,GW-1,GW-01,2024,,FAGR,40.8,C,6,2,2,3,2,3,1,2,,0.13074052
1732,Main,GW-1,GW-01,2024,,FAGR,20.7,I,6,2,2,1,2,3,2,2,#1520,0.033653526
1733,Main,GW-1,GW-01,2024,,FAGR,23.3,C,4,4,3,1,4,3,2,1,,0.042638481
1734,Main,GW-1,GW-01,2024,,FAGR,22.7,I,5,3,3,2,2,3,1,1,,0.040470782
1735,Main,GW-1,GW-01,2024,,TIAM,44.7,C,5,3,NA,NA,NA,NA,NA,NA,#1518,0.156929622
1736,Main,GW-1,GW-01,2024,,TIAM,39.5,C,5,3,NA,NA,NA,NA,NA,NA,,0.122541748
1737,Main,GW-1,GW-01,2024,,TIAM,25.1,I,5,4,NA,NA,NA,NA,NA,NA,,0.04948087
1738,Main,GW-1,GW-01,2024,,ULRU,14.3,I,5,3,NA,NA,NA,NA,NA,NA,,0.016060607
1739,Main,HA-1,HA-01,2024,,ACRU,29.7,S,6,3,NA,NA,NA,NA,NA,NA,#470,0.069279187
1740,Main,HA-1,HA-01,2024,,FAGR,42.5,C,6,2,1,3,2,3,0,0,Leaf curling aphids,0.141862543
1741,Main,HA-1,HA-01,2024,,FAGR,28.8,I,6,2,2,1,2,3,0,0,Leaf curling aphids,0.065144065
1742,Main,HA-1,HA-01,2024,,FAGR,13.8,S,6,2,1,3,2,3,0,0,,0.014957123
1743,Main,HA-1,HA-01,2024,,PRSE2,13.4,S,6,3,NA,NA,NA,NA,NA,NA,,0.014102609
1744,Main,HA-1,HA-01,2024,,QUAL,65.5,C,6,3,NA,NA,NA,NA,NA,NA,,0.336955447
1745,Main,HA-1,HA-01,2024,,QUVE,65.2,C,5,3,NA,NA,NA,NA,NA,NA,,0.333875901
1746,Main,HA-2,HA-02,2024,,ACRU,23.5,S,6,3,NA,NA,NA,NA,NA,NA,,0.043373614
1747,Main,HA-2,HA-02,2024,,ACRU,16.5,S,6,2,NA,NA,NA,NA,NA,NA,,0.021382465
1748,Main,HA-2,HA-02,2024,,ACRU,20.2,S,6,2,NA,NA,NA,NA,NA,NA,,0.032047387
1749,Main,HA-2,HA-02,2024,,FAGR,35.6,I,6,2,1,3,2,3,0,0,,0.099538222
1750,Main,HA-2,HA-02,2024,,PRSE2,42.1,C,6,3,NA,NA,NA,NA,NA,NA,,0.139204756
1751,Main,HA-2,HA-02,2024,,QUAL,74.2,D,6,3,NA,NA,NA,NA,NA,NA,,0.432411954
1752,Main,HA-2,HA-02,2024,,QUAL,61.7,C,6,2,NA,NA,NA,NA,NA,NA,,0.298992441
1753,Main,HA-2,HA-02,2024,,SNAG,57.5,,,7,NA,NA,NA,NA,NA,NA,,0.259672268
1754,Main,HA-2,HA-02,2024,,SNAG,28.7,,,8,NA,NA,NA,NA,NA,NA,,0.064692461
1755,Main,HA-3,HA-03,2024,,ACRU,23.2,I,6,2,NA,NA,NA,NA,NA,NA,,0.042273271
1756,Main,HA-3,HA-03,2024,,ACRU,32.3,C,6,3,NA,NA,NA,NA,NA,NA,,0.081939805
1757,Main,HA-3,HA-03,2024,,ACRU,37.4,C,6,3,NA,NA,NA,NA,NA,NA,Frost Rib,0.109858354
1758,Main,HA-3,HA-03,2024,,ACRU,20.9,S,5,4,NA,NA,NA,NA,NA,NA,,0.034306977
1759,Main,HA-3,HA-03,2024,,FAGR,63.4,D,6,2,1,3,2,3,0,0,,0.315695504
1760,Main,HA-3,HA-03,2024,,NYSY,26.8,I,6,3,NA,NA,NA,NA,NA,NA,,0.056410438
1761,Main,HA-3,HA-03,2024,,NYSY,26.8,S,6,2,NA,NA,NA,NA,NA,NA,,0.056410438
1762,Main,HA-3,HA-03,2024,,NYSY,45.9,C,6,2,NA,NA,NA,NA,NA,NA,,0.16546847
1763,Main,HA-3,HA-03,2024,,NYSY,20.7,S,6,2,NA,NA,NA,NA,NA,NA,,0.033653526
1764,Main,HA-3,HA-03,2024,,NYSY,23,S,6,3,NA,NA,NA,NA,NA,NA,,0.041547563
1765,Main,HA-3,HA-03,2024,,NYSY,20.9,S,6,2,NA,NA,NA,NA,NA,NA,,0.034306977
1766,Main,HA-3,HA-03,2024,,PRSE2,13.9,S,6,2,NA,NA,NA,NA,NA,NA,,0.015174678
1767,Main,HH-1,HH-01,2024,,ACSA3,25.5,S,6,2,NA,NA,NA,NA,NA,NA,,0.051070516
1768,Main,HH-1,HH-01,2024,,ACSA3,44.6,C,6,2,NA,NA,NA,NA,NA,NA,,0.156228261
1769,Main,HH-1,HH-01,2024,,ACSA3,20.3,S,6,2,NA,NA,NA,NA,NA,NA,,0.032365473
1770,Main,HH-1,HH-01,2024,,ACSA3,41.5,C,6,2,NA,NA,NA,NA,NA,NA,,0.135265199
1771,Main,HH-1,HH-01,2024,,FAGR,55.8,C,6,2,1,3,2,3,1,4,,0.244544714
1772,Main,HH-1,HH-01,2024,,FAGR,57.1,C,6,2,1,3,2,2,1,2,many bark carvings,0.256072003
1773,Main,HH-1,HH-01,2024,,QURU,49.5,C,6,2,NA,NA,NA,NA,NA,NA,attached to QURU 48.7,0.192442185
1774,Main,HH-1,HH-01,2024,,QURU,48.7,C,6,2,NA,NA,NA,NA,NA,NA,,0.186272097
1775,Main,HR-1,HR-01,2024,,ACSA3,37.7,C,6,2,NA,NA,NA,NA,NA,NA,,0.111627856
1776,Main,HR-1,HR-01,2024,,ACSA3,57.6,D,6,2,NA,NA,NA,NA,NA,NA,,0.260576261
1777,Main,HR-1,HR-01,2024,,ACSA3,20.1,S,6,3,NA,NA,NA,NA,NA,NA,,0.031730871
1778,Main,HR-1,HR-01,2024,,ACSA3,47.6,C,6,2,NA,NA,NA,NA,NA,NA,,0.177952374
1779,Main,HR-1,HR-01,2024,,ACSA3,41.7,C,6,2,NA,NA,NA,NA,NA,NA,,0.136572101
1780,Main,HR-1,HR-01,2024,,FAGR,60.2,C,6,3,2,1,3,3,1,1,,0.284631436
1781,Main,HR-1,HR-01,2024,,FAGR,44.4,I,6,3,1,1,3,3,1,2,,0.154830252
1782,Main,HR-1,HR-01,2024,,FAGR,57.9,C,6,3,1,1,3,3,2,2,,0.263297666
1783,Main,HR-2,HR-02,2024,,ACSA3,13,I,6,3,NA,NA,NA,NA,NA,NA,,0.013273229
1784,Main,HR-2,HR-02,2024,,ACSA3,71.7,D,6,2,NA,NA,NA,NA,NA,NA,,0.403764556
1785,Main,HR-2,HR-02,2024,,ACSA3,19.2,I,6,2,NA,NA,NA,NA,NA,NA,,0.028952918
1786,Main,HR-2,HR-02,2024,,ACSA3,51.3,C,6,2,NA,NA,NA,NA,NA,NA,,0.206692449
1787,Main,HR-2,HR-02,2024,,ACSA3,67.9,C,6,2,NA,NA,NA,NA,NA,NA,,0.362100755
1788,Main,HR-2,HR-02,2024,,ACSA3,12.8,S,6,3,NA,NA,NA,NA,NA,NA,,0.012867964
1789,Main,HR-2,HR-02,2024,,FAGR,50.2,C,6,3,2,2,2,3,2,2,,0.197923479
1790,Main,HR-2,HR-02,2024,,FAGR,58.5,C,6,3,1,3,3,3,3,3,,0.268782886
1791,Main,HR-2,HR-02,2024,,FAGR,47,C,5,4,1,3,4,3,4,3,,0.173494454
1792,Main,HR-2,HR-02,2024,,SNAG,29.5,,,8,NA,NA,NA,NA,NA,NA,,0.068349275
1793,Main,NP-1,NP-01,2024,,BELE,31,I,6,2,NA,NA,NA,NA,NA,NA,,0.075476764
1794,Main,NP-1,NP-01,2024,,BELE,36.2,I,6,2,NA,NA,NA,NA,NA,NA,,0.102921717
1795,Main,NP-1,NP-01,2024,,BELE,26.8,I,6,2,NA,NA,NA,NA,NA,NA,,0.056410438
1796,Main,NP-1,NP-01,2024,,FAGR,30.2,I,6,2,1,3,2,3,0,0,Beech blight aphids,0.071631454
1797,Main,NP-1,NP-01,2024,,Norway Maple,32.5,I,6,2,NA,NA,NA,NA,NA,NA,,0.082957681
1798,Main,NP-1,NP-01,2024,,QUCO2,87.9,D,6,3,NA,NA,NA,NA,NA,NA,,0.606830822
1799,Main,NP-1,NP-01,2024,,SNAG,53,,,8,NA,NA,NA,NA,NA,NA,,0.220618344
1800,Main,NP-1,NP-01,2024,,TSCA,27,S,3,5,NA,NA,NA,NA,NA,NA,,0.057255526
1801,Main,NP-1,NP-01,2024,,TSCA,36.6,S,3,5,NA,NA,NA,NA,NA,NA,,0.105208796
1802,Main,NP-1,NP-01,2024,,TSCA,38.7,S,4,4,NA,NA,NA,NA,NA,NA,,0.117628298
1803,Main,NP-1,NP-01,2024,,ULRU,28.6,I,6,3,NA,NA,NA,NA,NA,NA,,0.064242428
1804,Main,NP-1,NP-01,2024,,ULRU,23,S,4,4,NA,NA,NA,NA,NA,NA,Herbivory,0.041547563
1805,Main,NP-2,NP-02,2024,,ACSA3,16.5,S,6,2,NA,NA,NA,NA,NA,NA,,0.021382465
1806,Main,NP-2,NP-02,2024,,FAGR,41.2,I,6,2,2,1,2,3,2,4,,0.133316626
1807,Main,NP-2,NP-02,2024,,QUAL,63.5,C,5,4,NA,NA,NA,NA,NA,NA,,0.316692174
1808,Main,NP-2,NP-02,2024,,QUAL,61.4,C,5,3,NA,NA,NA,NA,NA,NA,,0.296091966
1809,Main,NP-2,NP-02,2024,,QUAL,50.3,I,5,3,NA,NA,NA,NA,NA,NA,,0.198712804
1810,Main,NP-2,NP-02,2024,,QUAL,55.4,C,6,3,NA,NA,NA,NA,NA,NA,,0.241051263
1811,Main,NP-2,NP-02,2024,,QUAL,40.7,C,5,3,NA,NA,NA,NA,NA,NA,,0.13010042
1812,Main,NP-2,NP-02,2024,,QURU,67.2,C,5,3,NA,NA,NA,NA,NA,NA,,0.354673244
1813,Main,NP-2,NP-02,2024,,QURU,24.4,S,4,4,NA,NA,NA,NA,NA,NA,,0.046759465
1814,Main,NP-2,NP-02,2024,,QURU,70.9,D,5,3,NA,NA,NA,NA,NA,NA,,0.394804734
1815,Main,NP-2,NP-02,2024,,QURU,47.1,I,6,3,NA,NA,NA,NA,NA,NA,,0.174233514
1816,Main,NP-3,NP-03,2024,,ACRU,22,S,6,3,NA,NA,NA,NA,NA,NA,,0.038013271
1817,Main,NP-3,NP-03,2024,,FAGR,35.6,I,5,4,2,3,3,3,3,4,,0.099538222
1818,Main,NP-3,NP-03,2024,,FAGR,47.9,C,5,4,2,3,3,3,2,3,,0.18020254
1819,Main,NP-3,NP-03,2024,,FAGR,55.2,C,5,4,2,3,4,1,2,2,,0.239313962
1820,Main,NP-3,NP-03,2024,,FAGR,29.7,S,4,4,3,3,4,3,3,4,,0.069279187
1821,Main,NP-3,NP-03,2024,,QUAL,57.7,C,6,3,NA,NA,NA,NA,NA,NA,,0.261481825
1822,Main,NP-3,NP-03,2024,,QUAL,98.3,D,5,3,NA,NA,NA,NA,NA,NA,,0.758921606
1823,Main,NP-3,NP-03,2024,,QURU,73.5,C,5,3,NA,NA,NA,NA,NA,NA,,0.424291723
1824,Main,NP-3,NP-03,2024,,SNAG,25.5,,,7,NA,NA,NA,NA,NA,NA,,0.051070516
1825,Main,PB-1,PB-01,2024,,ACSA3,15.9,S,6,2,NA,NA,NA,NA,NA,NA,,0.019855651
1826,Main,PB-1,PB-01,2024,,ACSA3,31.6,I,6,2,NA,NA,NA,NA,NA,NA,,0.078426719
1827,Main,PB-1,PB-01,2024,,ACSA3,13,S,6,2,NA,NA,NA,NA,NA,NA,,0.013273229
1828,Main,PB-1,PB-01,2024,,ACSA3,23,S,6,2,NA,NA,NA,NA,NA,NA,,0.041547563
1829,Main,PB-1,PB-01,2024,,FAGR,44.1,I,4,4,3,1,4,3,3,2,,0.15274502
1830,Main,PB-1,PB-01,2024,,FAGR,88.1,C,5,3,2,1,4,1,3,3,PB-41 Almost has lenticils,0.609595424
1831,Main,PB-1,PB-01,2024,,FAGR,14.8,S,2,6,6,3,6,3,2,4,"Barely Alive, second bud break?",0.017203361
1832,Main,PB-1,PB-01,2024,,FAGR,18.4,I,3,5,2,3,5,3,3,3,,0.02659044
1833,Main,PB-1,PB-01,2024,,FAGR,24.1,I,4,4,3,1,4,3,3,2,,0.045616711
1834,Main,PC-1,PC-01,2024,Control,ACSA3,26,I,6,2,NA,NA,NA,NA,NA,NA,#468,0.053092916
1835,Main,PC-1,PC-01,2024,Control,ACSA3,29.8,I,6,2,NA,NA,NA,NA,NA,NA,#464,0.069746499
1836,Main,PC-1,PC-01,2024,Control,ACSA3,26,I,6,2,NA,NA,NA,NA,NA,NA,#462,0.053092916
1837,Main,PC-1,PC-01,2024,Control,ACSA3,24.5,I,6,3,NA,NA,NA,NA,NA,NA,,0.047143525
1838,Main,PC-1,PC-01,2024,Control,ACSA3,29.9,I,6,3,NA,NA,NA,NA,NA,NA,#483,0.070215381
1839,Main,PC-1,PC-01,2024,Control,FAGR,5.6,S,5,3,1,3,3,3,2,2,,0.002463009
1840,Main,PC-1,PC-01,2024,Control,QURU,89.7,C,5,3,NA,NA,NA,NA,NA,NA,#469,0.631938431
1841,Main,PC-1,PC-01,2024,Control,QURU,90.3,D,5,3,NA,NA,NA,NA,NA,NA,#467,0.640420731
1842,Main,PC-1,PC-01,2024,Control,QURU,90.4,C,5,3,NA,NA,NA,NA,NA,NA,#484,0.641839945
1843,Main,PC-10,PC-10,2024,X-Trt,ACRU,28.4,I,6,2,NA,NA,NA,NA,NA,NA,#771,0.063347074
1844,Main,PC-10,PC-10,2024,X-Trt,ACRU,28.9,I,6,2,NA,NA,NA,NA,NA,NA,,0.06559724
1845,Main,PC-10,PC-10,2024,X-Trt,ACRU,41.5,I,6,2,NA,NA,NA,NA,NA,NA,#768,0.135265199
1846,Main,PC-10,PC-10,2024,X-Trt,FAGR,3.3,S,2,6,4,3,5,3,3,2,,0.000855299
1847,Main,PC-10,PC-10,2024,X-Trt,QUAL,65.5,C,5,3,NA,NA,NA,NA,NA,NA,in deer fence,0.336955447
1848,Main,PC-10,PC-10,2024,X-Trt,QURU,79,C,5,3,NA,NA,NA,NA,NA,NA,#772,0.490166994
1849,Main,PC-10,PC-10,2024,X-Trt,SNAG,20.7,,,8,NA,NA,NA,NA,NA,NA,#770,0.033653526
1850,Main,PC-10,PC-10,2024,X-Trt,TSCA,19.5,S,6,3,NA,NA,NA,NA,NA,NA,#769,0.029864765
1851,Main,PC-11,PC-11,2024,Lime,ACSA3,13.2,S,6,2,NA,NA,NA,NA,NA,NA,#803,0.013684778
1852,Main,PC-11,PC-11,2024,Lime,ACSA3,13.8,S,6,3,NA,NA,NA,NA,NA,NA,#794,0.014957123
1853,Main,PC-11,PC-11,2024,Lime,FAGR,2,S,3,6,2,3,5,3,3,3,,0.000314159
1854,Main,PC-11,PC-11,2024,Lime,FAGR,12.9,S,4,4,3,3,4,3,2,1,#806,0.013069811
1855,Main,PC-11,PC-11,2024,Lime,QUAL,82.2,C,5,3,NA,NA,NA,NA,NA,NA,#791,0.530680973
1856,Main,PC-11,PC-11,2024,Lime,QUAL,27.9,I,5,3,NA,NA,NA,NA,NA,NA,,0.061136178
1857,Main,PC-11,PC-11,2024,Lime,QUPR2,13.9,S,6,2,NA,NA,NA,NA,NA,NA,#812,0.015174678
1858,Main,PC-11,PC-11,2024,Lime,QURU,44.6,C,5,3,NA,NA,NA,NA,NA,NA,#804,0.156228261
1859,Main,PC-11,PC-11,2024,Lime,QURU,48.6,C,6,2,NA,NA,NA,NA,NA,NA,#805,0.185507905
1860,Main,PC-11,PC-11,2024,Lime,QURU,52,C,5,4,NA,NA,NA,NA,NA,NA,#815,0.212371663
1861,Main,PC-11,PC-11,2024,Lime,QURU,42.4,C,6,2,NA,NA,NA,NA,NA,NA,#816,0.14119574
1862,Main,PC-11,PC-11,2024,Lime,QURU,31.8,I,4,4,NA,NA,NA,NA,NA,NA,#817,0.079422604
1863,Main,PC-11,PC-11,2024,Lime,QURU,14.8,S,6,3,NA,NA,NA,NA,NA,NA,#795,0.017203361
1864,Main,PC-12,PC-12,2024,Control,ACRU,33.4,I,6,3,NA,NA,NA,NA,NA,NA,#8x0 (scratched),0.087615878
1865,Main,PC-12,PC-12,2024,Control,ACSA3,23.9,I,6,2,NA,NA,NA,NA,NA,NA,#846,0.044862728
1866,Main,PC-12,PC-12,2024,Control,ACSA3,12.8,I,6,2,NA,NA,NA,NA,NA,NA,#860,0.012867964
1867,Main,PC-12,PC-12,2024,Control,ACSA3,19.9,S,6,2,NA,NA,NA,NA,NA,NA,#859,0.031102553
1868,Main,PC-12,PC-12,2024,Control,ACSA3,14.7,S,6,2,NA,NA,NA,NA,NA,NA,#844,0.016971669
1869,Main,PC-12,PC-12,2024,Control,CAOV2,58.7,C,6,2,NA,NA,NA,NA,NA,NA,#842,0.27062386
1870,Main,PC-12,PC-12,2024,Control,CARYA,20.4,SS,6,2,NA,NA,NA,NA,NA,NA,#853,0.03268513
1871,Main,PC-12,PC-12,2024,Control,FAGR,9.6,S,5,3,2,1,4,3,2,2,#854,0.007238229
1872,Main,PC-12,PC-12,2024,Control,LITU,57.1,C,6,2,NA,NA,NA,NA,NA,NA,#849/840? (SCRATCHED OUT),0.256072003
1873,Main,PC-12,PC-12,2024,Control,LITU,57.1,C,6,2,NA,NA,NA,NA,NA,NA,,0.256072003
1874,Main,PC-12,PC-12,2024,Control,LITU,44.7,C,6,2,NA,NA,NA,NA,NA,NA,#856,0.156929622
1875,Main,PC-12,PC-12,2024,Control,LITU,57.8,C,5,3,NA,NA,NA,NA,NA,NA,,0.26238896
1876,Main,PC-12,PC-12,2024,Control,LITU,69.6,D,6,3,NA,NA,NA,NA,NA,NA,Scratched,0.380459437
1877,Main,PC-12,PC-12,2024,Control,QURU,52.1,C,5,3,NA,NA,NA,NA,NA,NA,#848,0.213189263
1878,Main,PC-12,PC-12,2024,Control,QURU,59.6,C,6,3,NA,NA,NA,NA,NA,NA,#843? (SCRATCHED),0.278985994
1879,Main,PC-2,PC-02,2024,X-Trt,ACRU,24.2,S,5,3,NA,NA,NA,NA,NA,NA,#520,0.045996058
1880,Main,PC-2,PC-02,2024,X-Trt,ACSA3,23.3,S,6,2,NA,NA,NA,NA,NA,NA,#490,0.042638481
1881,Main,PC-2,PC-02,2024,X-Trt,ACSA3,51.7,I,6,2,NA,NA,NA,NA,NA,NA,,0.20992829
1882,Main,PC-2,PC-02,2024,X-Trt,ACSA3,30.5,S,6,2,NA,NA,NA,NA,NA,NA,,0.073061664
1883,Main,PC-2,PC-02,2024,X-Trt,FAGR,12.3,S,3,6,5,2,5,3,4,4,#525,0.011882289
1884,Main,PC-2,PC-02,2024,X-Trt,FAGR,12.7,S,4,4,2,1,3,3,3,3,,0.012667687
1885,Main,PC-2,PC-02,2024,X-Trt,FAGR,16.5,S,5,3,3,1,3,3,2,2,,0.021382465
1886,Main,PC-2,PC-02,2024,X-Trt,LITU,24.6,I,6,2,NA,NA,NA,NA,NA,NA,,0.047529155
1887,Main,PC-2,PC-02,2024,X-Trt,OSVI,13.3,S,6,2,NA,NA,NA,NA,NA,NA,#523,0.013892908
1888,Main,PC-2,PC-02,2024,X-Trt,QURU,74.1,C,6,2,NA,NA,NA,NA,NA,NA,,0.431247209
1889,Main,PC-2,PC-02,2024,X-Trt,QURU,36,I,6,3,NA,NA,NA,NA,NA,NA,,0.101787602
1890,Main,PC-2,PC-02,2024,X-Trt,QURU,72,C,5,3,NA,NA,NA,NA,NA,NA,,0.407150408
1891,Main,PC-2,PC-02,2024,X-Trt,TSCA,21.3,S,5,3,NA,NA,NA,NA,NA,NA,,0.035632729
1892,Main,PC-3,PC-03,2024,TSP,ACSA3,35.6,I,6,2,NA,NA,NA,NA,NA,NA,#579,0.099538222
1893,Main,PC-3,PC-03,2024,TSP,ACSA3,30.8,I,6,1,NA,NA,NA,NA,NA,NA,#566,0.074506011
1894,Main,PC-3,PC-03,2024,TSP,ACSA3,31.8,S,6,2,NA,NA,NA,NA,NA,NA,,0.079422604
1895,Main,PC-3,PC-03,2024,TSP,ACSA3,32.8,I,6,2,NA,NA,NA,NA,NA,NA,,0.084496276
1896,Main,PC-3,PC-03,2024,TSP,FAGR,7.1,S,5,2,1,NA,2,3,2,2,#981,0.003959192
1897,Main,PC-3,PC-03,2024,TSP,QURU,78.9,C,6,2,NA,NA,NA,NA,NA,NA,#,0.48892685
1898,Main,PC-3,PC-03,2024,TSP,QURU,94,C,6,2,NA,NA,NA,NA,NA,NA,#580,0.693977817
1899,Main,PC-3,PC-03,2024,TSP,QURU,67.1,C,6,1,NA,NA,NA,NA,NA,NA,#565,0.353618454
1900,Main,PC-3,PC-03,2024,TSP,QURU,63.6,C,6,2,NA,NA,NA,NA,NA,NA,,0.317690416
1901,Main,PC-3,PC-03,2024,TSP,QURU,73.2,C,6,2,NA,NA,NA,NA,NA,NA,#563,0.420835186
1902,Main,PC-4,PC-04,2024,Lime,ACSA3,21.9,I,6,2,NA,NA,NA,NA,NA,NA,,0.037668481
1903,Main,PC-4,PC-04,2024,Lime,ACSA3,43.2,C,6,2,NA,NA,NA,NA,NA,NA,#538,0.146574147
1904,Main,PC-4,PC-04,2024,Lime,ACSA3,25.6,I,6,2,NA,NA,NA,NA,NA,NA,#535,0.051471854
1905,Main,PC-4,PC-04,2024,Lime,ACSA3,47.5,C,6,2,NA,NA,NA,NA,NA,NA,#574? (Scratched),0.177205461
1906,Main,PC-4,PC-04,2024,Lime,ACSA3,23,I,6,2,NA,NA,NA,NA,NA,NA,#5XX (Scratched),0.041547563
1907,Main,PC-4,PC-04,2024,Lime,ACSA3,30.7,C,6,2,NA,NA,NA,NA,NA,NA,,0.074022992
1908,Main,PC-4,PC-04,2024,Lime,ACSA3,25.5,I,6,2,NA,NA,NA,NA,NA,NA,#553,0.051070516
1909,Main,PC-4,PC-04,2024,Lime,FAGR,11.5,S,4,4,2,3,3,3,4,3,#533,0.010386891
1910,Main,PC-4,PC-04,2024,Lime,QURU,101.1,C,6,2,NA,NA,NA,NA,NA,NA,,0.802771956
1911,Main,PC-4,PC-04,2024,Lime,QURU,107.2,C,5,3,NA,NA,NA,NA,NA,NA,,0.902567003
1912,Main,PC-4,PC-04,2024,Lime,SNAG,13.6,,,8,NA,NA,NA,NA,NA,NA,,0.014526724
1913,Main,PC-4,PC-04,2024,Lime,SNAG,21.9,,,7,NA,NA,NA,NA,NA,NA,#551,0.037668481
1914,Main,PC-5,PC-05,2024,Lime,ACSA3,49.4,C,6,3,NA,NA,NA,NA,NA,NA,#599,0.191665426
1915,Main,PC-5,PC-05,2024,Lime,ACSA3,26.7,S,6,3,NA,NA,NA,NA,NA,NA,#597,0.05599025
1916,Main,PC-5,PC-05,2024,Lime,ACSA3,18.5,S,6,2,NA,NA,NA,NA,NA,NA,,0.026880252
1917,Main,PC-5,PC-05,2024,Lime,ACSA3,34.2,I,6,2,NA,NA,NA,NA,NA,NA,,0.091863311
1918,Main,PC-5,PC-05,2024,Lime,ACSA3,34,I,6,3,NA,NA,NA,NA,NA,NA,,0.090792028
1919,Main,PC-5,PC-05,2024,Lime,ACSA3,55.3,C,5,3,NA,NA,NA,NA,NA,NA,#608,0.240181827
1920,Main,PC-5,PC-05,2024,Lime,ACSA3,21.8,S,6,2,NA,NA,NA,NA,NA,NA,#606,0.037325262
1921,Main,PC-5,PC-05,2024,Lime,ACSA3,21.7,S,6,2,NA,NA,NA,NA,NA,NA,#607,0.036983614
1922,Main,PC-5,PC-05,2024,Lime,CARYA,46.1,C,6,2,NA,NA,NA,NA,NA,NA,,0.166913603
1923,Main,PC-5,PC-05,2024,Lime,FAGR,6.2,S,3,5,3,2,4,3,1,1,,0.003019071
1924,Main,PC-5,PC-05,2024,Lime,QURU,91.4,C,6,3,NA,NA,NA,NA,NA,NA,,0.656118484
1925,Main,PC-5,PC-05,2024,Lime,QURU,70.3,C,6,2,NA,NA,NA,NA,NA,NA,#636,0.388150841
1926,Main,PC-6,PC-06,2024,Control,ACRU,41.6,C,6,2,NA,NA,NA,NA,NA,NA,#621,0.135917865
1927,Main,PC-6,PC-06,2024,Control,ACSA3,18.8,S,6,2,NA,NA,NA,NA,NA,NA,,0.027759113
1928,Main,PC-6,PC-06,2024,Control,ACSA3,48.4,C,5,3,NA,NA,NA,NA,NA,NA,,0.183984232
1929,Main,PC-6,PC-06,2024,Control,ACSA3,23.7,I,6,2,NA,NA,NA,NA,NA,NA,#644,0.044115029
1930,Main,PC-6,PC-06,2024,Control,ACSA3,20.2,S,6,2,NA,NA,NA,NA,NA,NA,#626,0.032047387
1931,Main,PC-6,PC-06,2024,Control,ACSA3,21.9,I,6,2,NA,NA,NA,NA,NA,NA,#639,0.037668481
1932,Main,PC-6,PC-06,2024,Control,CARYA,38.8,C,6,2,NA,NA,NA,NA,NA,NA,#640,0.118236981
1933,Main,PC-6,PC-06,2024,Control,FAGR,3.7,S,2,6,6,3,6,3,3,2,,0.00107521
1934,Main,PC-6,PC-06,2024,Control,QURU,90.3,D,5,3,NA,NA,NA,NA,NA,NA,,0.640420731
1935,Main,PC-6,PC-06,2024,Control,QURU,93.4,D,5,3,NA,NA,NA,NA,NA,NA,#623,0.6851468
1936,Main,PC-6,PC-06,2024,Control,QURU,66.4,C,6,3,NA,NA,NA,NA,NA,NA,#624,0.346278909
1937,Main,PC-6,PC-06,2024,Control,QURU,70.6,C,6,2,NA,NA,NA,NA,NA,NA,#636,0.391470719
1938,Main,PC-8,PC-08,2024,X-Trt,ACRU,39.8,C,6,2,NA,NA,NA,NA,NA,NA,#707,0.124410211
1939,Main,PC-8,PC-08,2024,X-Trt,ACSA3,17,S,6,2,NA,NA,NA,NA,NA,NA,#703,0.022698007
1940,Main,PC-8,PC-08,2024,X-Trt,ACSA3,56.4,C,6,3,NA,NA,NA,NA,NA,NA,,0.249832014
1941,Main,PC-8,PC-08,2024,X-Trt,ACSA3,18.7,S,6,2,NA,NA,NA,NA,NA,NA,#689,0.027464588
1942,Main,PC-8,PC-08,2024,X-Trt,ACSA3,49.1,C,6,3,NA,NA,NA,NA,NA,NA,#691,0.189344575
1943,Main,PC-8,PC-08,2024,X-Trt,ACSA3,30.2,I,6,2,NA,NA,NA,NA,NA,NA,#704,0.071631454
1944,Main,PC-8,PC-08,2024,X-Trt,FAGR,6,S,4,4,1,3,4,3,3,2,,0.002827433
1945,Main,PC-8,PC-08,2024,X-Trt,SNAG,44.5,,,8,NA,NA,NA,NA,NA,NA,#693,0.155528471
1946,Main,PC-8,PC-08,2024,X-Trt,SNAG,52,,,8,NA,NA,NA,NA,NA,NA,,0.212371663
1947,Main,PC-9,PC-09,2024,TSP,ACRU,23.1,S,6,2,NA,NA,NA,NA,NA,NA,,0.041909631
1948,Main,PC-9,PC-09,2024,TSP,ACSA3,63.9,C,6,2,NA,NA,NA,NA,NA,NA,#744,0.320694563
1949,Main,PC-9,PC-09,2024,TSP,ACSA3,21.4,S,6,2,NA,NA,NA,NA,NA,NA,#745,0.035968094
1950,Main,PC-9,PC-09,2024,TSP,ACSA3,15.2,S,6,2,NA,NA,NA,NA,NA,NA,#733,0.018145839
1951,Main,PC-9,PC-09,2024,TSP,ACSA3,41,C,6,3,NA,NA,NA,NA,NA,NA,#725,0.132025431
1952,Main,PC-9,PC-09,2024,TSP,ACSA3,31.5,C,6,2,NA,NA,NA,NA,NA,NA,#726,0.077931133
1953,Main,PC-9,PC-09,2024,TSP,FAGR,9.4,S,5,4,3,1,4,3,2,4,#743,0.006939778
1954,Main,PC-9,PC-09,2024,TSP,FAGR,13.1,S,5,3,2,2,3,3,2,3,"#728, missing top of trunk",0.013478218
1955,Main,PC-9,PC-09,2024,TSP,QUAL,56,C,5,3,NA,NA,NA,NA,NA,NA,,0.246300864
1956,Main,PC-9,PC-09,2024,TSP,QURU,18,S,6,2,NA,NA,NA,NA,NA,NA,,0.0254469
1957,Main,PC-9,PC-09,2024,TSP,QURU,23.8,I,5,3,NA,NA,NA,NA,NA,NA,,0.044488094
1958,Main,PC-9,PC-09,2024,TSP,QURU,14.9,S,6,2,NA,NA,NA,NA,NA,NA,#738,0.017436625
1959,Main,PC-9,PC-09,2024,TSP,SNAG,34.7,,,7,NA,NA,NA,NA,NA,NA,#747,0.094569007
1960,Main,RH-1,RH-01,2024,,ACSA3,54.8,C,5,3,NA,NA,NA,NA,NA,NA,,0.23585821
1961,Main,RH-1,RH-01,2024,,CARYA,38.1,C,4,4,NA,NA,NA,NA,NA,NA,,0.114009183
1962,Main,RH-1,RH-01,2024,,FAGR,59.5,C,6,3,2,2,2,3,0,0,,0.278050585
1963,Main,RH-1,RH-01,2024,,FAGR,43.6,C,6,2,1,3,2,3,0,0,,0.149301049
1964,Main,RH-1,RH-01,2024,,FAGR,48.7,C,6,2,2,1,2,3,0,0,,0.186272097
1965,Main,RH-1,RH-01,2024,,FAGR,31.3,I,6,2,1,3,2,3,1,1,,0.076944673
1966,Main,RH-1,RH-01,2024,,FAGR,41,C,5,3,2,3,3,3,0,0,,0.132025431
1967,Main,RH-1,RH-01,2024,,FAGR,41.1,C,6,2,2,3,2,3,0,0,,0.132670243
1968,Main,RH-1,RH-01,2024,,FAGR,23.6,S,6,2,1,3,2,3,0,0,,0.043743536
1969,Main,RH-1,RH-01,2024,,FAGR,47.4,C,5,4,2,1,3,3,0,0,,0.176460118
1970,Main,RH-1,RH-01,2024,,ULRU,23.5,S,5,3,NA,NA,NA,NA,NA,NA,,0.043373614
1971,Main,SB-1,SB-01,2024,,ACSA3,20.5,S,6,2,NA,NA,NA,NA,NA,NA,,0.033006358
1972,Main,SB-1,SB-01,2024,,ACSA3,24.2,I,6,2,NA,NA,NA,NA,NA,NA,,0.045996058
1973,Main,SB-1,SB-01,2024,,FAGR,64.9,C,6,2,1,3,2,3,2,2,"SC1-41. leaning, big split.",0.330810492
1974,Main,SB-1,SB-01,2024,,FAGR,60.1,C,5,4,3,3,4,3,1,2,Missing tag,0.283686602
1975,Main,SB-1,SB-01,2024,,FAGR,51.1,C,6,2,2,2,2,3,2,1,,0.205083954
1976,Main,SB-1,SB-01,2024,,FAGR,16.3,S,6,2,1,3,2,3,3,3,,0.020867244
1977,Main,SB-1,SB-01,2024,,FAGR,13,I,6,3,2,2,3,3,4,3,"bent over, in a canopy gap",0.013273229
1978,Main,SB-1,SB-01,2024,,FAGR,27.1,I,6,2,2,3,2,3,2,2,,0.057680427
1979,Main,SB-1,SB-01,2024,,FAGR,17.3,S,5,4,3,1,4,3,3,3,bent over,0.023506182
1980,Main,SB-1,SB-01,2024,,FAGR,17.3,I,6,2,2,3,2,3,3,3,in canopy gap,0.023506182
1981,Main,SB-1,SB-01,2024,,SNAG,51.7,,,8,NA,NA,NA,NA,NA,NA,"beech, tag SC1-45",0.20992829
1982,Main,SB-1A,SB-01A,2024,,ACSA3,86,D,6,3,NA,NA,NA,NA,NA,NA,#926,0.580880482
1983,Main,SB-1A,SB-01A,2024,,ACSA3,14.2,S,6,2,NA,NA,NA,NA,NA,NA,,0.015836769
1984,Main,SB-1A,SB-01A,2024,,ACSA3,17.2,I,5,3,NA,NA,NA,NA,NA,NA,LEAVES DON'T LOOK HEALTHY,0.023235219
1985,Main,SB-1A,SB-01A,2024,,ACSA3,12.7,I,6,3,NA,NA,NA,NA,NA,NA,,0.012667687
1986,Main,SB-1A,SB-01A,2024,,FAGR,95.1,C,6,2,1,3,2,3,1,1,#922,0.710314884
1987,Main,SB-1A,SB-01A,2024,,FAGR,15,S,6,3,2,3,2,3,2,2,,0.017671459
1988,Main,SB-1A,SB-01A,2024,,FAGR,48,C,5,4,3,3,3,3,3,1,"#921, POSSIBLE BBD",0.180955737
1989,Main,SB-1B,SB-01B,2024,,ACSA3,24.2,I,5,4,NA,NA,NA,NA,NA,NA,,0.045996058
1990,Main,SB-1B,SB-01B,2024,,ACSA3,21.6,S,6,2,NA,NA,NA,NA,NA,NA,,0.036643537
1991,Main,SB-1B,SB-01B,2024,,ACSA3,31.7,I,6,2,NA,NA,NA,NA,NA,NA,#932,0.078923876
1992,Main,SB-1B,SB-01B,2024,,ACSA3,17.5,I,5,3,NA,NA,NA,NA,NA,NA,,0.024052819
1993,Main,SB-1B,SB-01B,2024,,ACSA3,45.6,C,6,2,NA,NA,NA,NA,NA,NA,,0.163312553
1994,Main,SB-1B,SB-01B,2024,,ACSA3,15.4,S,6,2,NA,NA,NA,NA,NA,NA,#930,0.018626503
1995,Main,SB-1B,SB-01B,2024,,FAGR,89.9,D,4,4,4,1,3,3,2,1,#931,0.634759581
1996,Main,SB-1B,SB-01B,2024,,FAGR,113.5,C,6,3,2,1,2,3,1,1,"really healthy, alomst no BLD, decayed bottom",1.011769549
1997,Main,SB-1B,SB-01B,2024,,FAGR,33.8,I,5,4,3,1,3,3,2,2,#933,0.089727028
1998,Main,SB-1B,SB-01B,2024,,FAGR,13.1,S,6,3,2,1,3,3,2,2,,0.013478218
1999,Main,SB-1B,SB-01B,2024,,SNAG,20.4,,,7,NA,NA,NA,NA,NA,NA,,0.03268513
2000,Main,SB-2,SB-02,2024,,ACSA3,82.3,D,6,3,NA,NA,NA,NA,NA,NA,,0.531972953
2001,Main,SB-2,SB-02,2024,,ACSA3,45.6,I,6,2,NA,NA,NA,NA,NA,NA,,0.163312553
2002,Main,SB-2,SB-02,2024,,ACSA3,19.5,S,5,3,NA,NA,NA,NA,NA,NA,,0.029864765
2003,Main,SB-2,SB-02,2024,,ACSA3,60.7,C,6,3,NA,NA,NA,NA,NA,NA,,0.289379168
2004,Main,SB-2,SB-02,2024,,ACSA3,16.8,S,6,2,NA,NA,NA,NA,NA,NA,,0.022167078
2005,Main,SB-2,SB-02,2024,,ACSA3,33.7,I,6,2,NA,NA,NA,NA,NA,NA,,0.089196884
2006,Main,SB-2,SB-02,2024,,ACSA3,56.2,C,6,2,NA,NA,NA,NA,NA,NA,,0.248063298
2007,Main,SB-2,SB-02,2024,,FAGR,56.3,C,5,3,3,1,3,3,2,2,SB1-41 #511,0.24894687
2008,Main,SB-2,SB-02,2024,,FAGR,45.4,C,5,3,2,3,3,3,2,3,BBD? Lumpy Bark,0.161883128
2009,Main,SB-2,SB-02,2024,,FAGR,19.3,S,5,4,2,1,3,3,3,2,,0.029255296
2010,Main,SB-2,SB-02,2024,,SNAG,14.8,,,7,NA,NA,NA,NA,NA,NA,,0.017203361
2011,Main,SB-2A,SB-02A,2024,,ACSA3,14,S,6,2,NA,NA,NA,NA,NA,NA,#896,0.015393804
2012,Main,SB-2A,SB-02A,2024,,ACSA3,18.5,S,6,2,NA,NA,NA,NA,NA,NA,#895,0.026880252
2013,Main,SB-2A,SB-02A,2024,,ACSA3,14.9,S,6,2,NA,NA,NA,NA,NA,NA,#898,0.017436625
2014,Main,SB-2A,SB-02A,2024,,ACSA3,14.6,S,6,2,NA,NA,NA,NA,NA,NA,missing top of trunk,0.016741547
2015,Main,SB-2A,SB-02A,2024,,ACSA3,15.1,S,6,2,NA,NA,NA,NA,NA,NA,bark doesn't look like ACSA3,0.017907864
2016,Main,SB-2A,SB-02A,2024,,ACSA3,71.8,D,6,2,NA,NA,NA,NA,NA,NA,,0.404891603
2017,Main,SB-2A,SB-02A,2024,,ACSA3,18,I,6,2,NA,NA,NA,NA,NA,NA,,0.0254469
2018,Main,SB-2A,SB-02A,2024,,FAGR,92.6,C,5,4,3,1,4,3,3,2,lower trunk rotting,0.673460076
2019,Main,SB-2A,SB-02A,2024,,FAGR,16.7,S,5,4,2,3,3,3,4,3,,0.021903969
2020,Main,SB-2A,SB-02A,2024,,FAGR,79.2,C,6,3,1,3,3,3,3,3,#912,0.492651994
2021,Main,SB-2B,SB-02B,2024,,FAGR,28.5,C,5,3,2,3,3,3,4,4,#910,0.063793966
2022,Main,SB-2B,SB-02B,2024,,FAGR,16.2,S,5,3,1,3,3,3,4,4,,0.020611989
2023,Main,SB-2B,SB-02B,2024,,FAGR,67,D,6,2,2,2,2,3,1,2,,0.352565236
2024,Main,SB-2B,SB-02B,2024,,FAGR,63.8,C,6,2,2,3,2,3,4,4,#911,0.31969161
2025,Main,SB-2B,SB-02B,2024,,FAGR,32.7,C,4,4,3,1,3,3,4,2,,0.08398184
2026,Main,SB-3A,SB-03A,2024,,ACSA3,21.9,S,6,2,NA,NA,NA,NA,NA,NA,,0.037668481
2027,Main,SB-3A,SB-03A,2024,,ACSA3,15.1,I,5,3,NA,NA,NA,NA,NA,NA,,0.017907864
2028,Main,SB-3A,SB-03A,2024,,ACSA3,17.9,I,6,2,NA,NA,NA,NA,NA,NA,,0.025164943
2029,Main,SB-3A,SB-03A,2024,,FAGR,63.6,C,6,2,2,3,2,3,3,4,,0.317690416
2030,Main,SB-3A,SB-03A,2024,,FAGR,18.6,S,6,2,2,3,2,3,2,1,"possible BBD, black horizontal spots on bark",0.027171635
2031,Main,SB-3A,SB-03A,2024,,FAGR,18.8,S,6,3,1,3,3,3,2,2,,0.027759113
2032,Main,SB-3A,SB-03A,2024,,FAGR,83,C,6,2,1,3,2,3,1,2,,0.541060795
2033,Main,SB-3A,SB-03A,2024,,LITU,114.4,D,5,3,NA,NA,NA,NA,NA,NA,,1.027878851
2034,Main,SB-3A,SB-03A,2024,,SNAG,75.3,,,8,NA,NA,NA,NA,NA,NA,#881,0.445327827
2035,Main,SB-3A,SB-03A,2024,,SNAG,13.9,,,7,NA,NA,NA,NA,NA,NA,,0.015174678
2036,Main,SB-3B,SB-03B,2024,,ACSA3,14.8,S,6,3,NA,NA,NA,NA,NA,NA,,0.017203361
2037,Main,SB-3B,SB-03B,2024,,ACSA3,14.4,S,6,2,NA,NA,NA,NA,NA,NA,,0.016286016
2038,Main,SB-3B,SB-03B,2024,,ACSA3,31.5,C,5,3,NA,NA,NA,NA,NA,NA,,0.077931133
2039,Main,SB-3B,SB-03B,2024,,FAGR,52.3,C,5,4,4,1,4,3,2,1,#889,0.214829174
2040,Main,SB-3B,SB-03B,2024,,FAGR,62.6,C,6,3,3,1,2,2,1,1,,0.307778691
2041,Main,SB-3B,SB-03B,2024,,FAGR,37.5,I,6,3,2,1,3,3,2,3,#890,0.110446617
2042,Main,SC-1,SC-01,2024,Lime,ACRU,68.6,C,6,2,NA,NA,NA,NA,NA,NA,,0.369605234
2043,Main,SC-1,SC-01,2024,Lime,ACRU,46.8,C,5,3,NA,NA,NA,NA,NA,NA,#1,0.172021047
2044,Main,SC-1,SC-01,2024,Lime,ACSA3,33.6,I,4,4,NA,NA,NA,NA,NA,NA,#17,0.088668311
2045,Main,SC-1,SC-01,2024,Lime,FAGR,33.9,I,5,4,3,1,3,3,2,1,#2,0.090258742
2046,Main,SC-1,SC-01,2024,Lime,QURU,76.2,C,6,2,NA,NA,NA,NA,NA,NA,,0.456036731
2047,Main,SC-1,SC-01,2024,Lime,QURU,78.1,C,6,2,NA,NA,NA,NA,NA,NA,,0.479062249
2048,Main,SC-1,SC-01,2024,Lime,QURU,62.8,C,6,3,NA,NA,NA,NA,NA,NA,#3,0.309748469
2049,Main,SC-1,SC-01,2024,Lime,SNAG,44.6,,,8,NA,NA,NA,NA,NA,NA,#14,0.156228261
2050,Main,SC-10,SC-10,2024,,ACRU,78.5,D,6,2,NA,NA,NA,NA,NA,NA,#419,0.483981983
2051,Main,SC-10,SC-10,2024,,ACRU,79.9,D,6,3,NA,NA,NA,NA,NA,NA,#440,0.501398973
2052,Main,SC-10,SC-10,2024,,ACSA3,12.7,S,6,2,NA,NA,NA,NA,NA,NA,#413,0.012667687
2053,Main,SC-10,SC-10,2024,,ACSA3,44,C,6,2,NA,NA,NA,NA,NA,NA,#444,0.152053084
2054,Main,SC-10,SC-10,2024,,ACSA3,39.2,C,5,3,NA,NA,NA,NA,NA,NA,,0.120687423
2055,Main,SC-10,SC-10,2024,,ACSA3,14.9,S,6,2,NA,NA,NA,NA,NA,NA,,0.017436625
2056,Main,SC-10,SC-10,2024,,FAGR,4.8,S,3,5,3,3,4,3,3,2,,0.001809557
2057,Main,SC-3,SC-03,2024,TSP,ACRU,74,D,6,2,NA,NA,NA,NA,NA,NA,,0.430084034
2058,Main,SC-3,SC-03,2024,TSP,ACRU,97.2,D,6,2,NA,NA,NA,NA,NA,NA,,0.742031618
2059,Main,SC-3,SC-03,2024,TSP,ACRU,56.2,C,6,3,NA,NA,NA,NA,NA,NA,#152,0.248063298
2060,Main,SC-3,SC-03,2024,TSP,ACRU,79.9,C,6,2,NA,NA,NA,NA,NA,NA,#153,0.501398973
2061,Main,SC-3,SC-03,2024,TSP,ACSA3,43.5,I,6,2,NA,NA,NA,NA,NA,NA,,0.148616967
2062,Main,SC-3,SC-03,2024,TSP,ACSA3,35,I,6,2,NA,NA,NA,NA,NA,NA,,0.096211275
2063,Main,SC-3,SC-03,2024,TSP,FAGR,4.9,S,6,2,2,1,2,3,2,1,Tree is very healthy,0.001885741
2064,Main,SC-3,SC-03,2024,TSP,FAGR,15.9,S,6,2,1,3,2,3,2,3,,0.019855651
2065,Main,SC-5,SC-05,2024,Control,ACRU,21.8,I,5,3,NA,NA,NA,NA,NA,NA,,0.037325262
2066,Main,SC-5,SC-05,2024,Control,ACRU,62.2,C,6,3,NA,NA,NA,NA,NA,NA,,0.303857983
2067,Main,SC-5,SC-05,2024,Control,ACRU,18.5,S,6,2,NA,NA,NA,NA,NA,NA,,0.026880252
2068,Main,SC-5,SC-05,2024,Control,ACRU,35.8,I,6,3,NA,NA,NA,NA,NA,NA,,0.10065977
2069,Main,SC-5,SC-05,2024,Control,ACRU,17.5,S,6,3,NA,NA,NA,NA,NA,NA,#252,0.024052819
2070,Main,SC-5,SC-05,2024,Control,ACRU,17.7,S,6,2,NA,NA,NA,NA,NA,NA,#251,0.024605739
2071,Main,SC-5,SC-05,2024,Control,ACRU,19.2,S,6,2,NA,NA,NA,NA,NA,NA,#248,0.028952918
2072,Main,SC-5,SC-05,2024,Control,ACRU,12.8,S,6,2,NA,NA,NA,NA,NA,NA,#250,0.012867964
2073,Main,SC-5,SC-05,2024,Control,ACSA3,28.3,I,6,3,NA,NA,NA,NA,NA,NA,,0.062901754
2074,Main,SC-5,SC-05,2024,Control,ACSA3,28.2,I,4,4,NA,NA,NA,NA,NA,NA,,0.062458004
2075,Main,SC-5,SC-05,2024,Control,CARYA,18.7,I,6,2,NA,NA,NA,NA,NA,NA,,0.027464588
2076,Main,SC-5,SC-05,2024,Control,FAGR,11.2,S,6,2,1,3,2,3,1,2,#243,0.009852035
2077,Main,SC-5,SC-05,2024,Control,QURU,65,C,6,3,NA,NA,NA,NA,NA,NA,#239,0.331830724
2078,Main,SC-5,SC-05,2024,Control,QURU,56.4,C,6,3,NA,NA,NA,NA,NA,NA,,0.249832014
2079,Main,SC-5,SC-05,2024,Control,QURU,78.5,C,6,2,NA,NA,NA,NA,NA,NA,,0.483981983
2080,Main,SC-5,SC-05,2024,Control,SNAG,31.1,,,7,NA,NA,NA,NA,NA,NA,#242,0.075964496
2081,Main,SC-7,SC-07,2024,Lime,ACRU,45.1,C,6,2,NA,NA,NA,NA,NA,NA,,0.159750772
2082,Main,SC-7,SC-07,2024,Lime,ACRU,42.7,C,6,3,NA,NA,NA,NA,NA,NA,,0.143200862
2083,Main,SC-7,SC-07,2024,Lime,ACSA3,40.6,C,6,3,NA,NA,NA,NA,NA,NA,#331,0.129461892
2084,Main,SC-7,SC-07,2024,Lime,ACSA3,53,C,6,2,NA,NA,NA,NA,NA,NA,#523,0.220618344
2085,Main,SC-7,SC-07,2024,Lime,FAGR,7,S,5,4,1,NA,4,3,3,3,#335,0.003848451
2086,Main,SC-7,SC-07,2024,Lime,FAGR,20.1,I,5,4,3,1,4,3,5,3,#298,0.031730871
2087,Main,SC-7,SC-07,2024,Lime,FAGR,72.5,D,5,3,2,2,3,3,4,2,#294,0.41282491
2088,Main,SC-7,SC-07,2024,Lime,FAGR,37.3,C,5,4,3,1,4,3,4,4,#296,0.109271661
2089,Main,SC-7,SC-07,2024,Lime,FAGR,15.9,S,4,4,3,3,4,3,1,2,#297,0.019855651
2090,Main,SC-7,SC-07,2024,Lime,PRSE2,13.7,I,6,2,NA,NA,NA,NA,NA,NA,#332,0.014741138
2091,Main,SC-7,SC-07,2024,Lime,SNAG,28.2,,,8,NA,NA,NA,NA,NA,NA,,0.062458004
2092,Main,SC-8,SC-08,2024,,ACRU,45,C,6,2,NA,NA,NA,NA,NA,NA,#364,0.159043128
2093,Main,SC-8,SC-08,2024,,ACSA3,41.3,C,3,5,NA,NA,NA,NA,NA,NA,#360,0.133964579
2094,Main,SC-8,SC-08,2024,,FAGR,57.3,C,5,3,2,2,3,3,1,2,#363,0.257868994
2095,Main,SC-8,SC-08,2024,,FAGR,48.5,C,5,3,2,3,3,3,0,NA,"#362, can't confirm BLD.",0.184745283
2096,Main,SC-8,SC-08,2024,,FAGR,16.4,I,6,3,2,2,3,3,1,2,#368,0.021124069
2097,Main,SC-8,SC-08,2024,,FAGR,38.7,C,6,3,1,3,3,3,2,1,#365,0.117628298
2098,Main,SC-8,SC-08,2024,,FAGR,54.6,C,6,2,1,3,2,3,1,2,Barely any BLD symptomes,0.234139759
2099,Main,SC-8,SC-08,2024,,PRSE2,67.1,D,4,4,NA,NA,NA,NA,NA,NA,,0.353618454
2100,Main,SC-8,SC-08,2024,,SNAG,21.9,,,7,NA,NA,NA,NA,NA,NA,#343,0.037668481
2101,Main,SC-8,SC-08,2024,,SNAG,52.5,,,7,NA,NA,NA,NA,NA,NA,#342,0.216475369
2102,Main,SC-8,SC-08,2024,,SNAG,37.6,,,7,NA,NA,NA,NA,NA,NA,#366,0.111036451
2103,Main,SC-9,SC-09,2024,Control,ACRU,24.5,I,6,2,NA,NA,NA,NA,NA,NA,#572,0.047143525
2104,Main,SC-9,SC-09,2024,Control,ACRU,76,D,6,2,NA,NA,NA,NA,NA,NA,#378,0.453645979
2105,Main,SC-9,SC-09,2024,Control,ACRU,17.5,I,6,2,NA,NA,NA,NA,NA,NA,,0.024052819
2106,Main,SC-9,SC-09,2024,Control,ACSA3,36,I,5,3,NA,NA,NA,NA,NA,NA,,0.101787602
2107,Main,SC-9,SC-09,2024,Control,ACSA3,19.8,I,6,2,NA,NA,NA,NA,NA,NA,#374,0.03079075
2108,Main,SC-9,SC-09,2024,Control,FAGR,12.4,S,5,3,1,3,3,3,3,3,"#935, trunk broken/conjoined at center, total 19.2 DBH with below. Measured larger in 2023 only. ",0.012076282
2109,Main,SC-9,SC-09,2024,Control,LITU,69.8,C,6,2,NA,NA,NA,NA,NA,NA,#370,0.382649127
2110,Main,SC-9,SC-09,2024,Control,LITU,18.2,I,6,2,NA,NA,NA,NA,NA,NA,,0.026015529
2111,Main,SC-9,SC-09,2024,Control,SNAG,43.5,,,8,NA,NA,NA,NA,NA,NA,#399,0.148616967
2112,Main,SC-9,SC-09,2024,Control,SNAG,43.9,,,7,NA,NA,NA,NA,NA,NA,"Covered in vitis, #401",0.151362719
2113,Main,SC-9,SC-09,2024,Control,SNAG,28.6,,,8,NA,NA,NA,NA,NA,NA,#377,0.064242428
2114,Main,SC-9,SC-09,2024,Control,SNAG,21.2,,,8,NA,NA,NA,NA,NA,NA,#393,0.035298935
2115,Main,SC-9,SC-09,2024,Control,SNAG,32.7,,,8,NA,NA,NA,NA,NA,NA,#392,0.08398184
2116,Main,SC-9,SC-09,2024,Control,SNAG,45.4,,,8,NA,NA,NA,NA,NA,NA,#396,0.161883128
2117,Main,SP-1,SP-01,2024,,ACRU,24.9,I,6,3,NA,NA,NA,NA,NA,NA,,0.048695472
2118,Main,SP-1,SP-01,2024,,ACRU,19.9,S,4,4,NA,NA,NA,NA,NA,NA,,0.031102553
2119,Main,SP-1,SP-01,2024,,ACRU,18.9,S,5,3,NA,NA,NA,NA,NA,NA,,0.028055208
2120,Main,SP-1,SP-01,2024,,FAGR,35.7,I,6,2,2,2,2,3,0,0,,0.100098211
2121,Main,SP-1,SP-01,2024,,FAGR,63.7,C,6,2,1,3,2,3,0,0,many trunk carvings,0.318690227
2122,Main,SP-1,SP-01,2024,,FAGR,26.8,S,6,3,1,3,3,3,0,0,,0.056410438
2123,Main,SP-1,SP-01,2024,,PRSE2,65.5,C,4,4,NA,NA,NA,NA,NA,NA,,0.336955447
2124,Main,SP-1,SP-01,2024,,PRSE2,43.8,C,6,3,NA,NA,NA,NA,NA,NA,,0.150673925
2125,Main,SP-1,SP-01,2024,,QUCO2,59.3,C,5,3,NA,NA,NA,NA,NA,NA,,0.276184479
2126,Main,SP-1,SP-01,2024,,QURU,56.7,C,6,2,NA,NA,NA,NA,NA,NA,,0.25249687
2127,Main,SP-2,SP-02,2024,,ACRU,14.8,S,6,3,NA,NA,NA,NA,NA,NA,,0.017203361
2128,Main,SP-2,SP-02,2024,,ACRU,20.3,S,6,3,NA,NA,NA,NA,NA,NA,,0.032365473
2129,Main,SP-2,SP-02,2024,,ACRU,18.7,S,6,2,NA,NA,NA,NA,NA,NA,,0.027464588
2130,Main,SP-2,SP-02,2024,,ACRU,14.7,I,6,2,NA,NA,NA,NA,NA,NA,,0.016971669
2131,Main,SP-2,SP-02,2024,,FAGR,43.5,C,6,2,1,3,2,3,0,0, ,0.148616967
2132,Main,SP-2,SP-02,2024,,OSVI,15.4,S,6,2,NA,NA,NA,NA,NA,NA,,0.018626503
2133,Main,SP-2,SP-02,2024,,PRSE2,31.8,I,4,4,NA,NA,NA,NA,NA,NA,,0.079422604
2134,Main,SP-2,SP-02,2024,,QURU,27.2,S,5,3,NA,NA,NA,NA,NA,NA,,0.058106898
2135,Main,SP-2,SP-02,2024,,QURU,59.2,C,6,3,NA,NA,NA,NA,NA,NA,,0.275253782
2136,Main,SP-3,SP-03,2024,,ACRU,49.8,C,6,3,NA,NA,NA,NA,NA,NA,,0.194781886
2137,Main,SP-3,SP-03,2024,,ACRU,24.2,I,5,3,NA,NA,NA,NA,NA,NA,,0.045996058
2138,Main,SP-3,SP-03,2024,,ACSA3,28.1,I,6,2,NA,NA,NA,NA,NA,NA,,0.062015824
2139,Main,SP-3,SP-03,2024,,FAGR,45.8,C,6,2,1,3,2,3,0,0,,0.16474826
2140,Main,SP-3,SP-03,2024,,FAGR,16.5,S,6,3,1,3,2,3,0,0,,0.021382465
2141,Main,SP-3,SP-03,2024,,SNAG,30.4,,,8,NA,NA,NA,NA,NA,NA,,0.072583357
2142,Main,SP-3,SP-03,2024,,SNAG,20.9,,,8,NA,NA,NA,NA,NA,NA,,0.034306977
2143,Main,SP-3,SP-03,2024,,SNAG,65.9,,,8,NA,NA,NA,NA,NA,NA,,0.3410835
2144,Main,SV-1,SV-01,2024,,ACRU,12.8,S,6,2,NA,NA,NA,NA,NA,NA,#2411,0.012867964
2145,Main,SV-1,SV-01,2024,,ACSA3,46.8,C,6,3,NA,NA,NA,NA,NA,NA,,0.172021047
2146,Main,SV-1,SV-01,2024,,FAGR,58.7,C,6,3,2,3,2,3,2,2,#2425,0.27062386
2147,Main,SV-1,SV-01,2024,,FAGR,14,S,4,4,3,1,4,3,3,4,,0.015393804
2148,Main,SV-1,SV-01,2024,,QURU,51.5,C,5,3,NA,NA,NA,NA,NA,NA,#2406,0.208307228
2149,Main,SV-1,SV-01,2024,,QURU,74.5,C,5,3,NA,NA,NA,NA,NA,NA,#2409,0.435915616
2150,Main,SV-1,SV-01,2024,,QURU,58,C,5,3,NA,NA,NA,NA,NA,NA,#2412,0.264207942
2151,Main,SV-1,SV-01,2024,,QURU,65.1,C,6,2,NA,NA,NA,NA,NA,NA,#2421,0.332852527
2152,Main,SV-10,SV-10,2024,,ACSA3,22.6,S,6,2,NA,NA,NA,NA,NA,NA,#2801,0.040114997
2153,Main,SV-10,SV-10,2024,,ACSA3,23,S,6,2,NA,NA,NA,NA,NA,NA,#2821,0.041547563
2154,Main,SV-10,SV-10,2024,,ACSA3,29,I,6,2,NA,NA,NA,NA,NA,NA,#2803,0.066051986
2155,Main,SV-10,SV-10,2024,,ACSA3,25,S,4,4,NA,NA,NA,NA,NA,NA,#2802,0.049087385
2156,Main,SV-10,SV-10,2024,,ACSA3,28.8,S,6,3,NA,NA,NA,NA,NA,NA,,0.065144065
2157,Main,SV-10,SV-10,2024,,CARYA,25.2,S,6,2,NA,NA,NA,NA,NA,NA,#2800,0.049875925
2158,Main,SV-10,SV-10,2024,,CARYA,48.7,C,6,2,NA,NA,NA,NA,NA,NA,#2798,0.186272097
2159,Main,SV-10,SV-10,2024,,CARYA,64.9,D,6,2,NA,NA,NA,NA,NA,NA,Connected to #2798 below DBH.,0.330810492
2160,Main,SV-10,SV-10,2024,,CARYA,45.8,C,6,2,NA,NA,NA,NA,NA,NA,,0.16474826
2161,Main,SV-10,SV-10,2024,,CARYA,24.4,S,5,3,NA,NA,NA,NA,NA,NA,measured above fallen tree,0.046759465
2162,Main,SV-10,SV-10,2024,,CARYA,23.9,I,6,2,NA,NA,NA,NA,NA,NA,measured above fallen tree,0.044862728
2163,Main,SV-10,SV-10,2024,,FAGR,3.6,S,4,4,3,3,4,3,3,2,,0.001017876
2164,Main,SV-10,SV-10,2024,,LITU,71.7,C,5,4,NA,NA,NA,NA,NA,NA,#2817,0.403764556
2165,Main,SV-10,SV-10,2024,,LITU,68.1,D,5,3,NA,NA,NA,NA,NA,NA,#2816,0.364237038
2166,Main,SV-10,SV-10,2024,,QURU,81.2,C,6,3,NA,NA,NA,NA,NA,NA,#2797,0.517847567
2167,Main,SV-11,SV-11,2024,,ACRU,20.7,S,6,3,NA,NA,NA,NA,NA,NA,,0.033653526
2168,Main,SV-11,SV-11,2024,,ACRU,29.6,S,6,2,NA,NA,NA,NA,NA,NA,#2865,0.068813445
2169,Main,SV-11,SV-11,2024,,ACRU,47.5,C,6,3,NA,NA,NA,NA,NA,NA,missing tag,0.177205461
2170,Main,SV-11,SV-11,2024,,ACSA3,22.4,S,6,2,NA,NA,NA,NA,NA,NA,#2871,0.039408138
2171,Main,SV-11,SV-11,2024,,ACSA3,39.8,C,6,2,NA,NA,NA,NA,NA,NA,#2835,0.124410211
2172,Main,SV-11,SV-11,2024,,BELE,43.4,C,6,2,NA,NA,NA,NA,NA,NA,#2861,0.147934456
2173,Main,SV-11,SV-11,2024,,FAGR,8.1,S,3,5,4,3,4,3,4,2,#2867,0.005152997
2174,Main,SV-11,SV-11,2024,,LITU,69.5,C,5,3,NA,NA,NA,NA,NA,NA,,0.379366948
2175,Main,SV-11,SV-11,2024,,PRSE2,51.5,D,5,3,NA,NA,NA,NA,NA,NA,#2868,0.208307228
2176,Main,SV-11,SV-11,2024,,PRSE2,53.6,C,5,4,NA,NA,NA,NA,NA,NA,#2863,0.225641751
2177,Main,SV-11,SV-11,2024,,PRSE2,29.4,I,5,3,NA,NA,NA,NA,NA,NA,#2832,0.067886676
2178,Main,SV-11,SV-11,2024,,QURU,70.3,C,5,3,NA,NA,NA,NA,NA,NA,,0.388150841
2179,Main,SV-11,SV-11,2024,,SNAG,24.9,,,8,NA,NA,NA,NA,NA,NA,#2872,0.048695472
2180,Main,SV-11,SV-11,2024,,SNAG,21.9,,,8,NA,NA,NA,NA,NA,NA,#2864,0.037668481
2181,Main,SV-11,SV-11,2024,,SNAG,38.1,,,8,NA,NA,NA,NA,NA,NA,#2838,0.114009183
2182,Main,SV-11,SV-11,2024,,TSCA,14.4,S,2,6,NA,NA,NA,NA,NA,NA,"#2860, top broken",0.016286016
2183,Main,SV-12,SV-12,2024,,ACRU,71.8,C,6,3,NA,NA,NA,NA,NA,NA,#2910,0.404891603
2184,Main,SV-12,SV-12,2024,,ACRU,67.1,C,6,2,NA,NA,NA,NA,NA,NA,#2885,0.353618454
2185,Main,SV-12,SV-12,2024,,ACSA3,19.4,S,6,2,NA,NA,NA,NA,NA,NA,#2906,0.029559245
2186,Main,SV-12,SV-12,2024,,ACSA3,24.9,S,6,2,NA,NA,NA,NA,NA,NA,#2901,0.048695472
2187,Main,SV-12,SV-12,2024,,ACSA3,17.8,S,6,2,NA,NA,NA,NA,NA,NA,,0.024884555
2188,Main,SV-12,SV-12,2024,,ACSA3,18.9,S,5,3,NA,NA,NA,NA,NA,NA,#2886; leaves turning brown,0.028055208
2189,Main,SV-12,SV-12,2024,,NYSY,35.1,S,6,2,NA,NA,NA,NA,NA,NA,#2907,0.096761839
2190,Main,SV-12,SV-12,2024,,CARYA,34.7,S,6,2,NA,NA,NA,NA,NA,NA,#2905,0.094569007
2191,Main,SV-12,SV-12,2024,,FAGR,10.1,S,4,4,4,3,4,3,3,4,,0.008011847
2192,Main,SV-12,SV-12,2024,,PRSE2,58.6,C,5,3,NA,NA,NA,NA,NA,NA,#2881,0.269702588
2193,Main,SV-12,SV-12,2024,,QURU,57.6,C,6,2,NA,NA,NA,NA,NA,NA,#2887,0.260576261
2194,Main,SV-12,SV-12,2024,,QURU,64.4,C,5,3,NA,NA,NA,NA,NA,NA,#2889,0.325732893
2195,Main,SV-12,SV-12,2024,,QURU,63.9,C,6,3,NA,NA,NA,NA,NA,NA,,0.320694563
2196,Main,SV-12,SV-12,2024,,SNAG,17.8,,,8,NA,NA,NA,NA,NA,NA,#2888,0.024884555
2197,Main,SV-2,SV-02,2024,,ACSA3,29.1,I,6,2,NA,NA,NA,NA,NA,NA,,0.066508302
2198,Main,SV-2,SV-02,2024,,CARYA,40.7,C,6,2,NA,NA,NA,NA,NA,NA,#2466,0.13010042
2199,Main,SV-2,SV-02,2024,,FAGR,12.6,S,4,5,4,3,4,3,4,4,#2468,0.012468981
2200,Main,SV-2,SV-02,2024,,FAGR,48.7,C,5,4,3,3,3,3,3,3,#2461,0.186272097
2201,Main,SV-2,SV-02,2024,,FAGR,15.5,I,3,6,4,1,5,3,2,4,#2469,0.018869191
2202,Main,SV-2,SV-02,2024,,FAGR,78.6,D,6,3,2,1,2,3,3,4,#2475,0.485215844
2203,Main,SV-2,SV-02,2024,,FAGR,62.1,D,6,3,3,1,2,3,2,1,#2457,0.302881733
2204,Main,SV-2,SV-02,2024,,FAGR,15.5,S,5,4,1,3,4,3,3,4,#2458,0.018869191
2205,Main,SV-2,SV-02,2024,,FAGR,14.1,S,2,6,6,3,6,3,2,3,"#2459, almost dead",0.015614501
2206,Main,SV-2,SV-02,2024,,FAGR,19.9,S,6,2,2,1,2,3,3,3,#2462,0.031102553
2207,Main,SV-2,SV-02,2024,,SNAG,63.2,,,8,NA,NA,NA,NA,NA,NA,"#2465, broken off at 5 ft height",0.313706876
2208,Main,SV-2,SV-02,2024,,SNAG,36.1,,,8,NA,NA,NA,NA,NA,NA,#2456,0.102353874
2209,Main,SV-3,SV-03,2024,,ACSA3,56.7,C,4,4,NA,NA,NA,NA,NA,NA,#2502,0.25249687
2210,Main,SV-3,SV-03,2024,,FAGR,38.6,C,5,4,3,1,3,3,3,3,#2501,0.117021185
2211,Main,SV-3,SV-03,2024,,FAGR,30.6,I,5,4,4,3,4,3,4,4,#2527,0.073541542
2212,Main,SV-3,SV-03,2024,,FAGR,29.4,C,5,4,3,1,4,3,3,4,#2529,0.067886676
2213,Main,SV-3,SV-03,2024,,FAGR,23.6,I,5,4,3,2,3,3,4,4,#2532,0.043743536
2214,Main,SV-3,SV-03,2024,,FAGR,41.7,C,6,2,2,3,2,3,2,2,#2499,0.136572101
2215,Main,SV-3,SV-03,2024,,FAGR,15.6,S,5,4,2,1,4,3,2,2,#2498,0.01911345
2216,Main,SV-3,SV-03,2024,,FAGR,28.2,I,6,2,2,3,2,3,3,3,#2493,0.062458004
2217,Main,SV-3,SV-03,2024,,FAGR,92.5,C,6,2,1,3,2,3,3,3,,0.672006304
2218,Main,SV-3,SV-03,2024,,FAGR,33.5,I,6,3,2,1,3,3,2,4,#2524,0.088141309
2219,Main,SV-3,SV-03,2024,,PRSE2,24.9,S,4,5,NA,NA,NA,NA,NA,NA,#2494,0.048695472
2220,Main,SV-4,SV-04,2024,,ACSA3,73.8,C,4,4,NA,NA,NA,NA,NA,NA,#2582,0.427762397
2221,Main,SV-4,SV-04,2024,,ACSA3,13.5,S,6,2,NA,NA,NA,NA,NA,NA,#2585,0.014313882
2222,Main,SV-4,SV-04,2024,,ACSA3,14.9,I,6,2,NA,NA,NA,NA,NA,NA,#2583,0.017436625
2223,Main,SV-4,SV-04,2024,,ACSA3,24.7,I,6,2,NA,NA,NA,NA,NA,NA,#581,0.047916357
2224,Main,SV-4,SV-04,2024,,ACSA3,24.1,I,6,2,NA,NA,NA,NA,NA,NA,#2576,0.045616711
2225,Main,SV-4,SV-04,2024,,ACSA3,24.3,C,6,2,NA,NA,NA,NA,NA,NA,#542,0.046376976
2226,Main,SV-4,SV-04,2024,,FAGR,32.3,I,5,4,2,1,3,3,2,4,#2579,0.081939805
2227,Main,SV-4,SV-04,2024,,FAGR,18.3,S,5,4,3,1,3,3,1,4,Covered in Vitis,0.026302199
2228,Main,SV-4,SV-04,2024,,FAGR,19.2,S,6,3,1,3,3,3,1,1,,0.028952918
2229,Main,SV-4,SV-04,2024,,FAGR,25.8,I,4,4,2,1,4,3,2,1,#2586,0.052279243
2230,Main,SV-4,SV-04,2024,,FAGR,14.4,S,3,5,3,3,4,3,3,4,#2571 covered in vitis,0.016286016
2231,Main,SV-4,SV-04,2024,,QURU,63.1,D,6,2,NA,NA,NA,NA,NA,NA,missing tag,0.312714918
2232,Main,SV-4,SV-04,2024,,SNAG,19.9,,,8,NA,NA,NA,NA,NA,NA,#2573,0.031102553
2233,Main,SV-5,SV-05,2024,,ACRU,13.2,S,6,2,NA,NA,NA,NA,NA,NA,#2616,0.013684778
2234,Main,SV-5,SV-05,2024,,ACRU,20.1,I,6,2,NA,NA,NA,NA,NA,NA,#2615,0.031730871
2235,Main,SV-5,SV-05,2024,,ACRU,22,S,6,2,NA,NA,NA,NA,NA,NA,#2610,0.038013271
2236,Main,SV-5,SV-05,2024,,ACSA3,49.8,C,6,3,NA,NA,NA,NA,NA,NA,#2605,0.194781886
2237,Main,SV-5,SV-05,2024,,CARYA,75.2,D,6,2,NA,NA,NA,NA,NA,NA,,0.444145803
2238,Main,SV-5,SV-05,2024,,FAGR,55.5,C,6,3,2,1,2,3,2,2,#2595,0.241922269
2239,Main,SV-5,SV-05,2024,,FAGR,17.2,S,5,4,3,3,4,3,3,3,#2613,0.023235219
2240,Main,SV-5,SV-05,2024,,FAGR,48.7,C,5,3,3,3,2,3,1,2,#2625,0.186272097
2241,Main,SV-5,SV-05,2024,,QURU,72.1,D,6,3,NA,NA,NA,NA,NA,NA,#2611,0.408282167
2242,Main,SV-5,SV-05,2024,,SNAG,18.6,,,7,NA,NA,NA,NA,NA,NA,,0.027171635
2243,Main,SV-6,SV-06,2024,,ACRU,13.4,S,6,2,NA,NA,NA,NA,NA,NA,,0.014102609
2244,Main,SV-6,SV-06,2024,,ACSA3,42.1,C,5,3,NA,NA,NA,NA,NA,NA,#2658,0.139204756
2245,Main,SV-6,SV-06,2024,,ACSA3,17.9,I,4,5,NA,NA,NA,NA,NA,NA,#2672,0.025164943
2246,Main,SV-6,SV-06,2024,,ACSA3,53.5,C,5,3,NA,NA,NA,NA,NA,NA,#2651,0.224800589
2247,Main,SV-6,SV-06,2024,,CARYA,47.7,C,6,2,NA,NA,NA,NA,NA,NA,#2671,0.178700859
2248,Main,SV-6,SV-06,2024,,FAGR,39,I,5,4,3,1,3,3,1,2,#2655,0.119459061
2249,Main,SV-6,SV-06,2024,,FAGR,16.7,I,4,5,2,3,5,3,3,4,#2653,0.021903969
2250,Main,SV-6,SV-06,2024,,FAGR,48.9,I,5,3,1,3,3,3,3,4,"#2664, BBD?",0.187805194
2251,Main,SV-6,SV-06,2024,,SNAG,18.5,,,7,NA,NA,NA,NA,NA,NA,#2657,0.026880252
2252,Main,SV-6,SV-06,2024,,SNAG,73.8,,,8,NA,NA,NA,NA,NA,NA,,0.427762397
2253,Main,SV-7,SV-07,2024,,ACRU,18.8,S,6,2,NA,NA,NA,NA,NA,NA,#2726,0.027759113
2254,Main,SV-7,SV-07,2024,,FAGR,11.8,S,4,5,3,3,4,3,4,3,#2749,0.010935884
2255,Main,SV-7,SV-07,2024,,QURU,62.6,C,6,3,NA,NA,NA,NA,NA,NA,#2724,0.307778691
2256,Main,SV-7,SV-07,2024,,QURU,68.5,C,6,2,NA,NA,NA,NA,NA,NA,#2722,0.368528453
2257,Main,SV-7,SV-07,2024,,QURU,95,D,5,3,NA,NA,NA,NA,NA,NA,#2756,0.708821842
2258,Main,SV-7,SV-07,2024,,QURU,67.1,C,6,3,NA,NA,NA,NA,NA,NA,#752,0.353618454
2259,Main,SV-7,SV-07,2024,,QURU,92.3,D,5,4,NA,NA,NA,NA,NA,NA,#2747,0.669103472
2260,Main,SV-7,SV-07,2024,,QURU,43.2,I,6,2,NA,NA,NA,NA,NA,NA,#2727,0.146574147
2261,Main,SV-8,SV-08,2024,,ACRU,14.8,S,6,2,NA,NA,NA,NA,NA,NA,,0.017203361
2262,Main,SV-8,SV-08,2024,,ACRU,31.6,C,5,4,NA,NA,NA,NA,NA,NA,,0.078426719
2263,Main,SV-8,SV-08,2024,,ACRU,25.9,I,6,2,NA,NA,NA,NA,NA,NA,,0.052685294
2264,Main,SV-8,SV-08,2024,,ACRU,16.6,I,6,3,NA,NA,NA,NA,NA,NA,,0.021642432
2265,Main,SV-8,SV-08,2024,,ACRU,18,I,6,2,NA,NA,NA,NA,NA,NA,#2692,0.0254469
2266,Main,SV-8,SV-08,2024,,ACRU,16.5,I,5,3,NA,NA,NA,NA,NA,NA,#2698,0.021382465
2267,Main,SV-8,SV-08,2024,,ACRU,23.2,I,6,2,NA,NA,NA,NA,NA,NA,#2696,0.042273271
2268,Main,SV-8,SV-08,2024,,ACRU,51.3,C,6,3,NA,NA,NA,NA,NA,NA,,0.206692449
2269,Main,SV-8,SV-08,2024,,CARYA,33.7,C,6,2,NA,NA,NA,NA,NA,NA,,0.089196884
2270,Main,SV-8,SV-08,2024,,CARYA,20.4,C,6,2,NA,NA,NA,NA,NA,NA,#2699,0.03268513
2271,Main,SV-8,SV-08,2024,,CARYA,33.2,C,6,2,NA,NA,NA,NA,NA,NA,#2700,0.086569727
2272,Main,SV-8,SV-08,2024,,CARYA,22.1,C,6,2,NA,NA,NA,NA,NA,NA,attached to #2700,0.038359632
2273,Main,SV-8,SV-08,2024,,FAGR,4.6,S,5,4,2,3,4,3,3,4,,0.001661903
2274,Main,SV-8,SV-08,2024,,SNAG,114.6,,,7,NA,NA,NA,NA,NA,NA,#2689,1.031475974
2275,Main,SV-9,SV-09,2024,,ACRU,34.1,I,6,3,NA,NA,NA,NA,NA,NA,#2790,0.091326884
2276,Main,SV-9,SV-09,2024,,CARYA,39.7,C,6,3,NA,NA,NA,NA,NA,NA,#2762,0.123785819
2277,Main,SV-9,SV-09,2024,,CARYA,27.1,I,6,1,NA,NA,NA,NA,NA,NA,,0.057680427
2278,Main,SV-9,SV-09,2024,,FAGR,23.5,I,5,3,1,3,3,3,2,4,#2767,0.043373614
2279,Main,SV-9,SV-09,2024,,FAGR,29.3,S,6,3,NA,NA,NA,NA,NA,NA,#2770,0.067425647
2280,Main,SV-9,SV-09,2024,,FAGR,18.2,S,5,4,NA,NA,NA,NA,NA,NA,Connected to #2770 below DBH ,0.026015529
2281,Main,SV-9,SV-09,2024,,FAGR,20.8,I,5,4,NA,NA,NA,NA,NA,NA,#2781,0.033979466
2282,Main,SV-9,SV-09,2024,,LITU,55.7,C,5,3,NA,NA,NA,NA,NA,NA,#2791,0.243668995
2283,Main,SV-9,SV-09,2024,,QURU,79.4,D,5,3,NA,NA,NA,NA,NA,NA,#2768,0.495143277
2284,Main,SV-9,SV-09,2024,,SNAG,17.8,,,8,NA,NA,NA,NA,NA,NA,#2765,0.024884555
2285,Main,WVHA-01,WVHA-01,2024,,ACRU,47.2,D,6,3,NA,NA,NA,NA,NA,NA,"#1691, leaves look eaten",0.174974144
2286,Main,WVHA-01,WVHA-01,2024,,Black Tupelo,22.6,I,5,4,NA,NA,NA,NA,NA,NA,#1690,0.040114997
2287,Main,WVHA-01,WVHA-01,2024,,FAGR,14.4,I,4,4,3,1,4,3,1,2,#1584,0.016286016
2288,Main,WVHA-01,WVHA-01,2024,,FAGR,15.3,I,4,5,2,3,5,3,3,2,#1679,0.018385386
2289,Main,WVHA-01,WVHA-01,2024,,FAGR,15.4,I,4,5,4,3,4,3,3,2,#1680,0.018626503
2290,Main,WVHA-01,WVHA-01,2024,,FAGR,19.2,I,5,4,2,3,4,3,3,4,#1682,0.028952918
2291,Main,WVHA-01,WVHA-01,2024,,NYSY,15.8,S,5,3,NA,NA,NA,NA,NA,NA,#1685,0.01960668
2292,Main,WVHA-01,WVHA-01,2024,,NYSY,16.5,S,6,2,NA,NA,NA,NA,NA,NA,#1583,0.021382465
2293,Main,WVHA-01,WVHA-01,2024,,QURU,20.8,C,6,3,NA,NA,NA,NA,NA,NA,#1692,0.033979466
2294,Main,WVHA-01,WVHA-01,2024,,QURU,17.4,C,6,2,NA,NA,NA,NA,NA,NA,#1681,0.023778715
2295,Main,WVHA-01,WVHA-01,2024,,QURU,14.4,I,4,4,NA,NA,NA,NA,NA,NA,#1683,0.016286016
2296,Main,WVHA-01,WVHA-01,2024,,SAAL5,50.4,D,6,2,NA,NA,NA,NA,NA,NA,#1686,0.1995037
2297,Main,WVHA-01,WVHA-01,2024,,SAAL5,34.2,C,6,3,NA,NA,NA,NA,NA,NA,#1688,0.091863311
2298,Main,WVHA-01,WVHA-01,2024,,SNAG,40.2,,,8,NA,NA,NA,NA,NA,NA,,0.126923485
2299,Main,WVHA-01,WVHA-01,2024,,SNAG,31.7,,,8,NA,NA,NA,NA,NA,NA,#1684,0.078923876
2300,Main,WVHA-01,WVHA-01,2024,,TSCA,34.2,C,6,3,NA,NA,NA,NA,NA,NA,#1689,0.091863311
2301,Main,WVHA-01,WVHA-01,2024,,TSCA,33.4,I,6,2,NA,NA,NA,NA,NA,NA,#1582,0.087615878
2302,Main,WVHA-02,WVHA-02,2024,,ACRU,37.2,C,4,4,NA,NA,NA,NA,NA,NA,"#1003, can't see canopy well",0.108686539
2303,Main,WVHA-02,WVHA-02,2024,,BELE,42.7,C,6,2,NA,NA,NA,NA,NA,NA,#735,0.143200862
2304,Main,WVHA-02,WVHA-02,2024,,FAGR,80.2,C,5,3,3,1,2,3,2,3,#1007,0.50517124
2305,Main,WVHA-02,WVHA-02,2024,,FAGR,77.1,C,5,3,2,1,2,3,3,4,#1001,0.46687287
2306,Main,WVHA-02,WVHA-02,2024,,FAGR,19.5,I,4,4,2,1,2,3,3,4,#1006,0.029864765
2307,Main,WVHA-02,WVHA-02,2024,,FAGR,15.6,S,5,3,2,1,3,3,3,2,#734,0.01911345
2308,Main,WVHA-02,WVHA-02,2024,,FAGR,27.3,I,4,4,2,1,4,3,2,2,#1009,0.05853494
2309,Main,WVHA-02,WVHA-02,2024,,PRSE2,33.3,D,6,3,NA,NA,NA,NA,NA,NA,,0.087092017
2310,Main,BP-1,BP-01,2025,Control,FAGR,38.1,I,6,2,2,1,2,3,0,0,"center tree, old carvings",0.114009183
2311,Main,BP-1,BP-01,2025,Control,FAGR,15.3,S,6,2,1,3,2,3,1,0,,0.018385386
2312,Main,BP-1,BP-01,2025,Control,ACSA,18.5,S,5,3,NA,NA,NA,NA,NA,NA,,0.026880252
2313,Main,BP-1,BP-01,2025,Control,QURU,54.9,C,5,3,NA,NA,NA,NA,NA,NA,,0.236719792
2314,Main,BP-1,BP-01,2025,Control,ACSA,31.9,S,4,4,NA,NA,NA,NA,NA,NA,,0.079922903
2315,Main,BP-1,BP-01,2025,Control,QURU,46.2,C,5,3,NA,NA,NA,NA,NA,NA,,0.167638526
2316,Main,BP-1,BP-01,2025,Control,QURU,70,C,5,3,NA,NA,NA,NA,NA,NA,,0.3848451
2317,Main,BP-1,BP-01,2025,Control,ACSA,22.2,S,6,3,NA,NA,NA,NA,NA,NA,,0.038707563
2318,Main,BP-1,BP-01,2025,Control,FAGR,18.4,S,6,2,1,3,2,3,1,0,,0.02659044
2319,Main,BP-1,BP-01,2025,Control,ACSA,13.8,S,6,2,NA,NA,NA,NA,NA,NA,,0.014957123
2320,Main,BP-1,BP-01,2025,Control,FAGR,26.5,S,6,2,1,3,2,3,1,0,,0.055154586
2321,Main,BP-1,BP-01,2025,Control,SNAG,24.3,DEAD,1,8,NA,NA,NA,NA,NA,NA,,0.046376976
2322,Main,BP-1,BP-01,2025,Control,ACSA,42.6,S,6,2,NA,NA,NA,NA,NA,NA,,0.142530917
2323,Main,BP-1,BP-01,2025,Control,QURU,57.6,C,5,4,NA,NA,NA,NA,NA,NA,,0.260576261
2324,Main,BP-1,BP-01,2025,Control,ACSA,20.1,S,6,2,NA,NA,NA,NA,NA,NA,,0.031730871
2325,Main,BP-1,BP-01,2025,Control,LITU,76.5,C,5,3,NA,NA,NA,NA,NA,NA,,0.45963464
2326,Main,BP-2,BP-02,2025,Control,FAGR,51.3,I,6,2,1,3,2,3,1,0,Center tree,0.206692449
2327,Main,BP-2,BP-02,2025,Control,ACSA,19,S,5,3,NA,NA,NA,NA,NA,NA,,0.028352874
2328,Main,BP-2,BP-02,2025,Control,LITU,61.5,C,6,3,NA,NA,NA,NA,NA,NA,,0.29705722
2329,Main,BP-2,BP-02,2025,Control,ACSA,47.1,I,5,3,NA,NA,NA,NA,NA,NA,,0.174233514
2330,Main,BP-2,BP-02,2025,Control,ACSA,42.4,C,6,2,NA,NA,NA,NA,NA,NA,,0.14119574
2331,Main,BP-2,BP-02,2025,Control,ACSA,30.4,S,6,2,NA,NA,NA,NA,NA,NA,,0.072583357
2332,Main,BP-2,BP-02,2025,Control,PRSE,44.4,C,4,5,NA,NA,NA,NA,NA,NA,,0.154830252
2333,Main,BP-2,BP-02,2025,Control,PRSE,38.8,C,4,4,NA,NA,NA,NA,NA,NA,,0.118236981
2334,Main,BP-2,BP-02,2025,Control,FAGR,49.1,C,6,2,1,3,2,3,0,0,"lots of necrosis, lots of carvings",0.189344575
2335,Main,BP-2,BP-02,2025,Control,ACRU,15.8,S,6,2,NA,NA,NA,NA,NA,NA,,0.01960668
2336,Main,BW-1,BW-01,2025,Control,FAGR,29.1,C,5,4,2,1,4,3,3,3,,0.066508302
2337,Main,BW-1,BW-01,2025,Control,ACSA,23.1,I,6,2,NA,NA,NA,NA,NA,NA,,0.041909631
2338,Main,BW-1,BW-01,2025,Control,ACSA,67,D,5,3,NA,NA,NA,NA,NA,NA,,0.352565236
2339,Main,BW-1,BW-01,2025,Control,ACSA,17.4,S,6,2,NA,NA,NA,NA,NA,NA,,0.023778715
2340,Main,BW-1,BW-01,2025,Control,MAAC,23.4,I,6,2,NA,NA,NA,NA,NA,NA,,0.043005262
2341,Main,BW-1,BW-01,2025,Control,ACSA,33.2,C,6,2,NA,NA,NA,NA,NA,NA,,0.086569727
2342,Main,BW-1,BW-01,2025,Control,ACSA,21.6,S,6,2,NA,NA,NA,NA,NA,NA,,0.036643537
2343,Main,BW-1,BW-01,2025,Control,ACSA,27,I,6,2,NA,NA,NA,NA,NA,NA,,0.057255526
2344,Main,BW-1,BW-01,2025,Control,ACSA,30.3,C,6,2,NA,NA,NA,NA,NA,NA,,0.07210662
2345,Main,BW-1,BW-01,2025,Control,FAGR,16.5,S,2,6,5,3,6,3,4,4,,0.021382465
2346,Main,BW-1,BW-01,2025,Control,ACSA,44.7,C,6,2,NA,NA,NA,NA,NA,NA,,0.156929622
2347,Main,BW-1,BW-01,2025,Control,ACSA,24.4,C,6,2,NA,NA,NA,NA,NA,NA,,0.046759465
2348,Main,BW-1,BW-01,2025,Control,ACSA,22.4,S,6,2,NA,NA,NA,NA,NA,NA,,0.039408138
2349,Main,BW-2,BW-02,2025,Control,FAGR,16.4,I,4,4,2,3,4,3,3,2,necrosis present,0.021124069
2350,Main,BW-2,BW-02,2025,Control,FAGR,13.7,I,4,4,2,3,4,3,3,4,,0.014741138
2351,Main,BW-2,BW-02,2025,Control,ACSA,32.1,C,6,2,NA,NA,NA,NA,NA,NA,,0.080928212
2352,Main,BW-2,BW-02,2025,Control,ACSA,27.2,C,6,2,NA,NA,NA,NA,NA,NA,,0.058106898
2353,Main,BW-2,BW-02,2025,Control,ACSA,20.9,I,6,2,NA,NA,NA,NA,NA,NA,,0.034306977
2354,Main,BW-2,BW-02,2025,Control,FAGR,20.2,C,5,4,2,3,4,3,3,2,,0.032047387
2355,Main,BW-2,BW-02,2025,Control,ACSA,26.2,C,6,2,NA,NA,NA,NA,NA,NA,,0.053912872
2356,Main,BW-2,BW-02,2025,Control,ACSA,18.4,I,6,2,NA,NA,NA,NA,NA,NA,,0.02659044
2357,Main,BW-2,BW-02,2025,Control,FAGR,13.3,S,4,4,2,1,4,3,4,3,,0.013892908
2358,Main,BW-2,BW-02,2025,Control,ACSA,17.8,I,6,2,NA,NA,NA,NA,NA,NA,,0.024884555
2359,Main,BW-2,BW-02,2025,Control,ACSA,18.9,I,6,2,NA,NA,NA,NA,NA,NA,,0.028055208
2360,Main,BW-2,BW-02,2025,Control,FAGR,14.8,S,3,6,4,3,5,3,3,1,,0.017203361
2361,Main,BW-2,BW-02,2025,Control,ACSA,14.7,S,6,2,NA,NA,NA,NA,NA,NA,,0.016971669
2362,Main,BW-2,BW-02,2025,Control,ACSA,26.4,I,6,2,NA,NA,NA,NA,NA,NA,,0.05473911
2363,Main,BW-2,BW-02,2025,Control,ACSA,22.8,C,6,2,NA,NA,NA,NA,NA,NA,,0.040828138
2364,Main,BW-2,BW-02,2025,Control,ACSA,14.8,I,6,2,NA,NA,NA,NA,NA,NA,,0.017203361
2365,Main,C-1,C-01,2025,Control,FAGR,38,I,4,5,3,3,4,3,3,3,"#965, covered in vitis, second bud break?",0.113411495
2366,Main,C-1,C-01,2025,Control,SNAG,16,DEAD,1,7,NA,NA,NA,NA,NA,NA,FAGR,0.020106193
2367,Main,C-1,C-01,2025,Control,QURU,27.4,I,5,3,NA,NA,NA,NA,NA,NA,covered in vitis,0.058964553
2368,Main,C-1,C-01,2025,Control,TSCA,35.8,S,6,3,NA,NA,NA,NA,NA,NA,,0.10065977
2369,Main,C-1,C-01,2025,Control,LITU,91.9,D,6,2,NA,NA,NA,NA,NA,NA,covered in vitis,0.663316658
2370,Main,C-1,C-01,2025,Control,ACSA,14.6,S,6,3,NA,NA,NA,NA,NA,NA,covered in vitis,0.016741547
2371,Main,C-1,C-01,2025,Control,FAGR,15.3,S,4,5,2,3,4,3,3,4,covered in vitis,0.018385386
2372,Main,C-1,C-01,2025,Control,FAGR,24.7,S,2,6,6,3,6,3,4,4,covered in vitis,0.047916357
2373,Main,C-1,C-01,2025,Control,FAGR,68.9,C,5,3,2,1,3,3,1,0,covered in vitis,0.372845002
2374,Main,C-1,C-01,2025,Control,FAGR,26.3,I,4,5,3,1,3,3,4,4,covered in vitis,0.054325206
2375,Main,C-1,C-01,2025,Control,FAGR,16.3,S,5,3,1,3,3,3,4,3,,0.020867244
2376,Main,C-1,C-01,2025,Control,TSCA,18.2,S,5,4,NA,NA,NA,NA,NA,NA,,0.026015529
2377,Main,C-1,C-01,2025,Control,FAGR,33.6,C,6,2,1,3,2,3,2,2,,0.088668311
2378,Main,C-10,C-10,2025,Control,FAGR,56.3,S,5,3,2,1,3,3,4,3,#666,0.24894687
2379,Main,C-10,C-10,2025,Control,ACSA,13.9,S,5,4,NA,NA,NA,NA,NA,NA,,0.015174678
2380,Main,C-10,C-10,2025,Control,ACSA,13.3,S,5,4,NA,NA,NA,NA,NA,NA,,0.013892908
2381,Main,C-10,C-10,2025,Control,CARYA,66.9,C,6,2,NA,NA,NA,NA,NA,NA,,0.351513587
2382,Main,C-10,C-10,2025,Control,ACSA,12.9,S,5,3,NA,NA,NA,NA,NA,NA,,0.013069811
2383,Main,C-10,C-10,2025,Control,SNAG,18.4,DEAD,1,8,NA,NA,NA,NA,NA,NA,,0.02659044
2384,Main,C-10,C-10,2025,Control,PLOC,61.4,D,6,3,NA,NA,NA,NA,NA,NA,Sycamore,0.296091966
2385,Main,C-10,C-10,2025,Control,ACSA,14.3,S,6,2,NA,NA,NA,NA,NA,NA,,0.016060607
2386,Main,C-10,C-10,2025,Control,ACSA,21.8,S,6,2,NA,NA,NA,NA,NA,NA,,0.037325262
2387,Main,C-10,C-10,2025,Control,CARYA,47.8,I,6,2,NA,NA,NA,NA,NA,NA,,0.179450914
2388,Main,C-10,C-10,2025,Control,ACRU,23.7,S,6,2,NA,NA,NA,NA,NA,NA,,0.044115029
2389,Main,C-11,C-11,2025,Control,FAGR,21.3,S,6,2,2,1,2,3,1,1,#407,0.035632729
2390,Main,C-11,C-11,2025,Control,ACSA,66.9,C,6,2,NA,NA,NA,NA,NA,NA,,0.351513587
2391,Main,C-11,C-11,2025,Control,LITU,35.4,S,6,2,NA,NA,NA,NA,NA,NA,missing top,0.098422956
2392,Main,C-11,C-11,2025,Control,ACSA,14,S,6,2,NA,NA,NA,NA,NA,NA,,0.015393804
2393,Main,C-11,C-11,2025,Control,FAGR,86.9,S,6,3,2,3,2,3,1,2,,0.593102062
2394,Main,C-11,C-11,2025,Control,FAGR,23.6,S,5,3,1,3,3,3,3,2,,0.043743536
2395,Main,C-11,C-11,2025,Control,FAGR,45.6,I,5,3,1,3,3,3,3,3,,0.163312553
2396,Main,C-11,C-11,2025,Control,ACSA,28.1,6,2,NA,NA,NA,NA,NA,NA,NA,,0.062015824
2397,Main,C-11,C-11,2025,Control,ACSA,78.1,C,6,3,NA,NA,NA,NA,NA,NA,,0.479062249
2398,Main,C-11,C-11,2025,Control,SNAG,50.6,DEAD,1,8,NA,NA,NA,NA,NA,NA,,0.201090204
2399,Main,C-11,C-11,2025,Control,ACSA,12.8,S,6,3,NA,NA,NA,NA,NA,NA,,0.012867964
2400,Main,C-11,C-11,2025,Control,LITU,21,S,6,2,NA,NA,NA,NA,NA,NA,,0.034636059
2401,Main,C-12,C-12,2025,Control,FAGR,35.3,I,4,5,2,3,4,3,4,4,#579; covered in vitis,0.09786768
2402,Main,C-12,C-12,2025,Control,PRSE,36.6,C,6,2,NA,NA,NA,NA,NA,NA,vitis on top,0.105208796
2403,Main,C-12,C-12,2025,Control,PRSE,25.9,I,6,2,NA,NA,NA,NA,NA,NA,vitis on top,0.052685294
2404,Main,C-12,C-12,2025,Control,FAGR,18.9,S,4,5,1,1,4,3,3,3,vitis on top,0.028055208
2405,Main,C-12,C-12,2025,Control,PRSE,27.1,I,6,3,NA,NA,NA,NA,NA,NA,,0.057680427
2406,Main,C-12,C-12,2025,Control,SNAG,26,DEAD,1,8,NA,NA,NA,NA,NA,NA,,0.053092916
2407,Main,C-12,C-12,2025,Control,SNAG,20.6,DEAD,1,8,NA,NA,NA,NA,NA,NA,,0.033329156
2408,Main,C-12,C-12,2025,Control,PRSE,45.8,C,6,3,NA,NA,NA,NA,NA,NA,,0.16474826
2409,Main,C-12,C-12,2025,Control,PRSE,50.1,C,6,2,NA,NA,NA,NA,NA,NA,vitis on top,0.197135724
2410,Main,C-12,C-12,2025,Control,SNAG,12.9,DEAD,1,8,NA,NA,NA,NA,NA,NA,probable FAGR,0.013069811
2411,Main,C-12,C-12,2025,Control,PRSE,45.8,C,6,3,NA,NA,NA,NA,NA,NA,vitis on top,0.16474826
2412,Main,C-12,C-12,2025,Control,PRSE,36.7,C,5,3,NA,NA,NA,NA,NA,NA,,0.105784493
2413,Main,C-12,C-12,2025,Control,PRSE,38.4,C,6,3,NA,NA,NA,NA,NA,NA,,0.115811672
2414,Main,C-12,C-12,2025,Control,ACSA,17.5,S,6,2,NA,NA,NA,NA,NA,NA,vitis,0.024052819
2415,Main,C-12,C-12,2025,Control,PRSE,45.9,C,6,2,NA,NA,NA,NA,NA,NA,vitis,0.16546847
2416,Main,C-12,C-12,2025,Control,SNAG,18.4,DEAD,1,8,NA,NA,NA,NA,NA,NA,,0.02659044
2417,Main,C-12,C-12,2025,Control,CARYA,39,C,6,2,NA,NA,NA,NA,NA,NA,vitis,0.119459061
2418,Main,C-12,C-12,2025,Control,FAGR,13.4,S,3,5,1,3,5,3,4,4,,0.014102609
2419,Main,C-12,C-12,2025,Control,PRSE,32.5,I,5,3,NA,NA,NA,NA,NA,NA,vitis,0.082957681
2420,Main,C-12,C-12,2025,Control,PRSE,49.8,C,6,2,NA,NA,NA,NA,NA,NA,,0.194781886
2421,Main,C-13,C-13,2025,Control,FAGR,35.7,I,5,3,1,1,3,3,3,3,#595,0.100098211
2422,Main,C-13,C-13,2025,Control,FAGR,41.1,C,5,3,2,1,3,3,4,4,,0.132670243
2423,Main,C-13,C-13,2025,Control,OSVI,19.6,S,6,2,NA,NA,NA,NA,NA,NA,,0.030171856
2424,Main,C-13,C-13,2025,Control,ACRU,23.8,S,6,2,NA,NA,NA,NA,NA,NA,vitis on tree,0.044488094
2425,Main,C-13,C-13,2025,Control,FAGR,16.4,I,4,5,1,3,5,3,4,2,,0.021124069
2426,Main,C-13,C-13,2025,Control,OSVI,18.7,S,6,3,NA,NA,NA,NA,NA,NA,,0.027464588
2427,Main,C-13,C-13,2025,Control,FAGR,26,I,4,5,1,3,5,3,3,4,second bud break,0.053092916
2428,Main,C-13,C-13,2025,Control,FAGR,39.8,I,4,4,1,3,4,3,3,4,"vitis on top, second bud break",0.124410211
2429,Main,C-13,C-13,2025,Control,CARYA,60,C,6,2,NA,NA,NA,NA,NA,NA,,0.282743339
2430,Main,C-13,C-13,2025,Control,ACSA,53.7,C,6,2,NA,NA,NA,NA,NA,NA,,0.226484483
2431,Main,C-14,C-14,2025,Control,FAGR,25.3,I,4,5,2,1,4,3,3,3,#451,0.050272551
2432,Main,C-14,C-14,2025,Control,FAGR,37.8,C,5,3,1,3,3,3,2,2,some leaves browning,0.112220831
2433,Main,C-14,C-14,2025,Control,TIAM,36.4,I,6,2,NA,NA,NA,NA,NA,NA,basswood,0.104062115
2434,Main,C-14,C-14,2025,Control,SNAG,23.4,DEAD,1,8,NA,NA,NA,NA,NA,NA,beech,0.043005262
2435,Main,C-14,C-14,2025,Control,FAGR,29.2,C,5,3,3,3,3,3,2,2,,0.066966189
2436,Main,C-14,C-14,2025,Control,FAGR,26.1,C,5,3,2,1,3,3,3,4,,0.053502108
2437,Main,C-14,C-14,2025,Control,FAGR,38.8,C,5,3,2,2,3,3,2,2,,0.118236981
2438,Main,C-14,C-14,2025,Control,FAGR,29.8,C,5,3,2,2,3,3,2,2,,0.069746499
2439,Main,C-14,C-14,2025,Control,FAGR,34.7,C,5,3,1,3,3,3,2,2,,0.094569007
2440,Main,C-14,C-14,2025,Control,CARYA,14.4,S,6,2,NA,NA,NA,NA,NA,NA,,0.016286016
2441,Main,C-14,C-14,2025,Control,QURU,22.4,I,6,3,NA,NA,NA,NA,NA,NA,,0.039408138
2442,Main,C-14,C-14,2025,Control,CARYA,40.9,C,6,2,NA,NA,NA,NA,NA,NA,,0.13138219
2443,Main,C-14,C-14,2025,Control,QUAL,23.6,S,6,2,NA,NA,NA,NA,NA,NA,,0.043743536
2444,Main,C-14,C-14,2025,Control,QURU,33.3,S,6,1,NA,NA,NA,NA,NA,NA,,0.087092017
2445,Main,C-14,C-14,2025,Control,QUAL,71.7,C,6,3,NA,NA,NA,NA,NA,NA,,0.403764556
2446,Main,C-14,C-14,2025,Control,SNAG,32,DEAD,1,8,NA,NA,NA,NA,NA,NA,,0.080424772
2447,Main,C-14,C-14,2025,Control,ACSA,1.2,S,6,2,NA,NA,NA,NA,NA,NA,,0.000113097
2448,Main,C-14,C-14,2025,Control,ACSA,45.3,C,6,2,NA,NA,NA,NA,NA,NA,vitis on top,0.161170772
2449,Main,C-14,C-14,2025,Control,FAGR,30.9,I,6,2,1,3,2,3,2,1,,0.074990602
2450,Main,C-14,C-14,2025,Control,FAGR,22.5,S,4,4,2,1,4,3,2,2,,0.039760782
2451,Main,C-15,C-15,2025,Control,FAGR,20.2,S,4,5,2,1,5,3,4,3,#639,0.032047387
2452,Main,C-15,C-15,2025,Control,SNAG,12.7,DEAD,1,7,NA,NA,NA,NA,NA,NA,FAGR,0.012667687
2453,Main,C-15,C-15,2025,Control,QURU,105.8,C,5,2,NA,NA,NA,NA,NA,NA,,0.87914643
2454,Main,C-15,C-15,2025,Control,ACSA,34.7,I,6,2,NA,NA,NA,NA,NA,NA,,0.094569007
2455,Main,C-15,C-15,2025,Control,QURU,41.3,C,6,2,NA,NA,NA,NA,NA,NA,,0.133964579
2456,Main,C-15,C-15,2025,Control,FAGR,16.7,S,3,5,2,3,5,3,3,3,,0.021903969
2457,Main,C-15,C-15,2025,Control,LITU,75.1,C,5,3,NA,NA,NA,NA,NA,NA,,0.44296535
2458,Main,C-15,C-15,2025,Control,FAGR,27.7,S,5,3,2,1,3,3,3,4,,0.060262816
2459,Main,C-15,C-15,2025,Control,FAGR,24.3,S,4,5,2,3,4,3,2,4,,0.046376976
2460,Main,C-15,C-15,2025,Control,QURU,52,C,6,2,NA,NA,NA,NA,NA,NA,,0.212371663
2461,Main,C-15,C-15,2025,Control,QURU,57.7,C,6,2,NA,NA,NA,NA,NA,NA,,0.261481825
2462,Main,C-15,C-15,2025,Control,FAGR,15.7,S,4,4,2,1,4,3,2,2,,0.019359279
2463,Main,C-15,C-15,2025,Control,QURU,17,S,6,2,NA,NA,NA,NA,NA,NA,,0.022698007
2464,Main,C-15,C-15,2025,Control,QURU,63.4,C,6,3,NA,NA,NA,NA,NA,NA,,0.315695504
2465,Main,C-15,C-15,2025,Control,QURU,62.9,C,6,2,NA,NA,NA,NA,NA,NA,,0.310735715
2466,Main,C-16,C-16,2025,Control,FAGR,26.4,S,6,3,2,1,2,3,3,2,#616,0.05473911
2467,Main,C-16,C-16,2025,Control,QURU,68.9,C,6,2,NA,NA,NA,NA,NA,NA,,0.372845002
2468,Main,C-16,C-16,2025,Control,ACSA,15.9,S,6,2,NA,NA,NA,NA,NA,NA,,0.019855651
2469,Main,C-16,C-16,2025,Control,QURU,43.6,C,6,2,NA,NA,NA,NA,NA,NA,,0.149301049
2470,Main,C-16,C-16,2025,Control,QURU,18.2,I,6,2,NA,NA,NA,NA,NA,NA,,0.026015529
2471,Main,C-16,C-16,2025,Control,ACRU,24.3,S,6,2,NA,NA,NA,NA,NA,NA,,0.046376976
2472,Main,C-16,C-16,2025,Control,ACSA,14.1,S,6,2,NA,NA,NA,NA,NA,NA,,0.015614501
2473,Main,C-16,C-16,2025,Control,QURU,39.6,C,6,2,NA,NA,NA,NA,NA,NA,,0.123162998
2474,Main,C-16,C-16,2025,Control,QURU,60.9,C,6,2,NA,NA,NA,NA,NA,NA,,0.291289256
2475,Main,C-16,C-16,2025,Control,QURU,21.4,S,5,3,NA,NA,NA,NA,NA,NA,,0.035968094
2476,Main,C-16,C-16,2025,Control,QURU,58.3,C,6,2,NA,NA,NA,NA,NA,NA,,0.266948196
2477,Main,C-16,C-16,2025,Control,QURU,30,S,2,1,NA,NA,NA,NA,NA,NA,top broken,0.070685835
2478,Main,C-16,C-16,2025,Control,FAGR,31.4,I,5,4,2,1,4,3,3,4,,0.077437117
2479,Main,C-16,C-16,2025,Control,PRSE,45.3,C,6,2,NA,NA,NA,NA,NA,NA,,0.161170772
2480,Main,C-16,C-16,2025,Control,QURU,50.4,C,5,3,NA,NA,NA,NA,NA,NA,,0.1995037
2481,Main,C-16,C-16,2025,Control,QURU,48,C,6,2,NA,NA,NA,NA,NA,NA,,0.180955737
2482,Main,C-16,C-16,2025,Control,FAGR,17.8,S,4,5,2,3,4,3,4,4,,0.024884555
2483,Main,C-17,C-17,2025,Control,FAGR,32,C,4,5,3,3,5,3,4,4,#606; white dots on trunk,0.080424772
2484,Main,C-17,C-17,2025,Control,OSVI,23.2,I,6,2,NA,NA,NA,NA,NA,NA,,0.042273271
2485,Main,C-17,C-17,2025,Control,ACSA,38.2,I,6,2,NA,NA,NA,NA,NA,NA,vitis vine on trunk,0.114608442
2486,Main,C-17,C-17,2025,Control,FAGR,49.9,C,4,5,3,1,4,3,4,4,white dots on trunk,0.195564928
2487,Main,C-17,C-17,2025,Control,FAGR,54.7,C,5,4,2,3,3,3,4,4,,0.234998199
2488,Main,C-17,C-17,2025,Control,ACSA,28.4,I,6,2,NA,NA,NA,NA,NA,NA,,0.063347074
2489,Main,C-17,C-17,2025,Control,FAGR,42.8,C,5,4,2,3,3,3,4,4,,0.143872377
2490,Main,C-17,C-17,2025,Control,TIAM,17,S,6,2,NA,NA,NA,NA,NA,NA,Basswood,0.022698007
2491,Main,C-17,C-17,2025,Control,SAAL,46.9,C,6,3,NA,NA,NA,NA,NA,NA,,0.172756965
2492,Main,C-17,C-17,2025,Control,QURU,13.1,S,6,2,NA,NA,NA,NA,NA,NA,,0.013478218
2493,Main,C-17,C-17,2025,Control,FAGR,16.4,I,4,4,2,3,3,3,4,4,,0.021124069
2494,Main,C-17,C-17,2025,Control,FAGR,16.3,I,5,2,2,1,2,3,3,3,,0.020867244
2495,Main,C-17,C-17,2025,Control,ACSA,16.4,S,6,2,NA,NA,NA,NA,NA,NA,,0.021124069
2496,Main,C-17,C-17,2025,Control,QURU,99.3,D,6,3,NA,NA,NA,NA,NA,NA,,0.774441074
2497,Main,C-17,C-17,2025,Control,FAGR,13,S,3,5,2,1,4,3,3,3,second bud break,0.013273229
2498,Main,C-17,C-17,2025,Control,ACSA,16.4,S,6,2,NA,NA,NA,NA,NA,NA,,0.021124069
2499,Main,C-17,C-17,2025,Control,FAGR,15.4,S,3,6,2,3,4,3,4,4,,0.018626503
2500,Main,C-2,C-02,2025,Control,SNAG,24.3,DEAD,I,7,NA,NA,NA,NA,NA,NA,center beech #659,0.046376976
2501,Main,C-2,C-02,2025,Control,FAGR,23.7,S,4,5,2,3,4,3,3,4,,0.044115029
2502,Main,C-2,C-02,2025,Control,FAGR,21.1,S,2,6,6,2,6,3,3,3,,0.034966712
2503,Main,C-2,C-02,2025,Control,FAGR,66.7,C,6,2,2,1,2,3,3,2,,0.349415004
2504,Main,C-2,C-02,2025,Control,ACSA,35.8,S,6,2,NA,NA,NA,NA,NA,NA,,0.10065977
2505,Main,C-2,C-02,2025,Control,ROPS,25.4,C,6,2,NA,NA,NA,NA,NA,NA,Black locust,0.050670748
2506,Main,C-2,C-02,2025,Control,ACSA,24.9,I,6,2,NA,NA,NA,NA,NA,NA,,0.048695472
2507,Main,C-2,C-02,2025,Control,ACRU,30.2,S,6,3,NA,NA,NA,NA,NA,NA,,0.071631454
2508,Main,C-2,C-02,2025,Control,ACSA,22.1,I,6,3,NA,NA,NA,NA,NA,NA,,0.038359632
2509,Main,C-2,C-02,2025,Control,ACSA,21,I,6,2,NA,NA,NA,NA,NA,NA,,0.034636059
2510,Main,C-2,C-02,2025,Control,ACSA,26.9,S,6,3,NA,NA,NA,NA,NA,NA,,0.056832197
2511,Main,C-2,C-02,2025,Control,ACSA,22.6,S,6,2,NA,NA,NA,NA,NA,NA,,0.040114997
2512,Main,C-3,C-03,2025,Control,FAGR,51.6,I,4,4,2,3,4,3,2,4,"missing tag, should be #826",0.209116973
2513,Main,C-3,C-03,2025,Control,ACRU,36.4,I,6,2,NA,NA,NA,NA,NA,NA,,0.104062115
2514,Main,C-3,C-03,2025,Control,ACSA,21.1,S,6,2,NA,NA,NA,NA,NA,NA,,0.034966712
2515,Main,C-3,C-03,2025,Control,ACSA,20.8,S,6,2,NA,NA,NA,NA,NA,NA,,0.033979466
2516,Main,C-3,C-03,2025,Control,TSCA,17.7,S,5,4,NA,NA,NA,NA,NA,NA,,0.024605739
2517,Main,C-3,C-03,2025,Control,TSCA,26.9,S,5,3,NA,NA,NA,NA,NA,NA,,0.056832197
2518,Main,C-3,C-03,2025,Control,FAGR,14.8,I,4,5,2,1,4,3,4,3,,0.017203361
2519,Main,C-3,C-03,2025,Control,TSCA,31.9,S,5,3,NA,NA,NA,NA,NA,NA,,0.079922903
2520,Main,C-3,C-03,2025,Control,TSCA,18.8,S,6,3,NA,NA,NA,NA,NA,NA,,0.027759113
2521,Main,C-3,C-03,2025,Control,TSCA,17.2,S,5,3,NA,NA,NA,NA,NA,NA,,0.023235219
2522,Main,C-3,C-03,2025,Control,TSCA,15.3,S,5,3,NA,NA,NA,NA,NA,NA,,0.018385386
2523,Main,C-3,C-03,2025,Control,FAGR,36,C,5,3,2,3,3,3,3,2,,0.101787602
2524,Main,C-3,C-03,2025,Control,ACSA,14.3,S,6,2,NA,NA,NA,NA,NA,NA,,0.016060607
2525,Main,C-3,C-03,2025,Control,ACSA,13.2,S,6,2,NA,NA,NA,NA,NA,NA,,0.013684778
2526,Main,C-3,C-03,2025,Control,ACSA,17.7,S,6,2,NA,NA,NA,NA,NA,NA,,0.024605739
2527,Main,C-3,C-03,2025,Control,LITU,108.7,D,6,2,NA,NA,NA,NA,NA,NA,,0.928002123
2528,Main,C-4,C-04,2025,Control,FAGR,39.3,C,6,3,1,3,3,3,2,2,#522,0.121303961
2529,Main,C-4,C-04,2025,Control,ACSA,41.8,I,6,2,NA,NA,NA,NA,NA,NA,#523,0.137227909
2530,Main,C-4,C-04,2025,Control,FAGR,24,S,5,3,1,3,3,3,4,3,,0.045238934
2531,Main,C-4,C-04,2025,Control,FAGR,16.6,S,4,4,1,3,4,3,4,3,,0.021642432
2532,Main,C-4,C-04,2025,Control,FAGR,12.7,S,5,3,2,2,3,3,3,4,,0.012667687
2533,Main,C-4,C-04,2025,Control,SNAG,13.1,DEAD,1,8,NA,NA,NA,NA,NA,NA,,0.013478218
2534,Main,C-4,C-04,2025,Control,TSCA,16.3,S,6,2,NA,NA,NA,NA,NA,NA,,0.020867244
2535,Main,C-4,C-04,2025,Control,FAGR,20.4,S,4,5,3,3,4,3,4,2,,0.03268513
2536,Main,C-4,C-04,2025,Control,FAGR,22.3,I,4,5,2,3,4,3,2,0,,0.039057065
2537,Main,C-4,C-04,2025,Control,ACSA,57.3,C,6,2,NA,NA,NA,NA,NA,NA,,0.257868994
2538,Main,C-5,C-05,2025,Control,FAGR,36.7,C,5,3,2,3,3,3,2,2,#697; vitis in canopy,0.105784493
2539,Main,C-5,C-05,2025,Control,ACSA,21.3,S,6,2,NA,NA,NA,NA,NA,NA,,0.035632729
2540,Main,C-5,C-05,2025,Control,ACSA,75.9,C,6,3,NA,NA,NA,NA,NA,NA,,0.452452959
2541,Main,C-5,C-05,2025,Control,TSCA,34,S,5,3,NA,NA,NA,NA,NA,NA,,0.090792028
2542,Main,C-5,C-05,2025,Control,TSCA,78.5,C,5,3,NA,NA,NA,NA,NA,NA,,0.483981983
2543,Main,C-5,C-05,2025,Control,FAGR,53.5,C,6,3,2,2,3,3,3,3,vitis,0.224800589
2544,Main,C-5,C-05,2025,Control,ACSA,19.5,S,6,2,NA,NA,NA,NA,NA,NA,,0.029864765
2545,Main,C-5,C-05,2025,Control,ACSA,12.8,S,6,2,NA,NA,NA,NA,NA,NA,,0.012867964
2546,Main,C-5,C-05,2025,Control,ULRU,17.5,S,6,1,NA,NA,NA,NA,NA,NA,slippery elm,0.024052819
2547,Main,CC-1,CC-01,2025,Control,FAGR,51.9,C,6,2,1,3,2,1,1,0,center tree,0.211555635
2548,Main,CC-1,CC-01,2025,Control,FAGR,43.1,I,6,2,2,1,2,3,1,0,,0.145896348
2549,Main,CC-1,CC-01,2025,Control,QUAL,52.8,C,6,2,NA,NA,NA,NA,NA,NA,#227,0.218956442
2550,Main,CC-1,CC-01,2025,Control,QURU,80.4,C,5,4,NA,NA,NA,NA,NA,NA,,0.507693939
2551,Main,CC-1,CC-01,2025,Control,FAGR,16.9,S,5,3,2,3,3,3,1,0,top missing,0.022431757
2552,Main,CC-1,CC-01,2025,Control,ACSA,15.3,S,6,2,NA,NA,NA,NA,NA,NA,,0.018385386
2553,Main,CC-1,CC-01,2025,Control,FAGR,28.6,C,6,2,2,1,2,3,1,0,has woolly aphids,0.064242428
2554,Main,CC-1,CC-01,2025,Control,FAGR,37.2,C,5,3,2,3,3,3,1,0,,0.108686539
2555,Main,CC-1,CC-01,2025,Control,SNAG,48.8,DEAD,1,8,NA,NA,NA,NA,NA,NA,,0.18703786
2556,Main,CC-1,CC-01,2025,Control,ACSA,24.8,S,6,2,NA,NA,NA,NA,NA,NA,,0.048305129
2557,Main,CC-2,CC-02,2025,Control,FAGR,37.7,S,6,3,2,1,3,1,2,2,center tree,0.111627856
2558,Main,CC-2,CC-02,2025,Control,QURU,85.2,C,6,3,NA,NA,NA,NA,NA,NA,,0.570123668
2559,Main,CC-2,CC-02,2025,Control,ACRU,73.2,C,6,2,NA,NA,NA,NA,NA,NA,,0.420835186
2560,Main,CC-2,CC-02,2025,Control,SAAL,47.7,I,6,3,NA,NA,NA,NA,NA,NA,#528,0.178700859
2561,Main,CC-2,CC-02,2025,Control,LITU,76.9,C,6,2,NA,NA,NA,NA,NA,NA,#5-445,0.464453843
2562,Main,DL-1,DL-01,2025,Control,FAGR,39.8,C,5,3,2,2,3,3,0,0,center tree; producing nuts,0.124410211
2563,Main,DL-1,DL-01,2025,Control,ACRU,38.7,I,6,3,NA,NA,NA,NA,NA,NA,,0.117628298
2564,Main,DL-1,DL-01,2025,Control,PRSE,37.1,I,5,3,NA,NA,NA,NA,NA,NA,,0.108102989
2565,Main,DL-1,DL-01,2025,Control,SNAG,27.2,DEAD,1,8,NA,NA,NA,NA,NA,NA,,0.058106898
2566,Main,DL-1,DL-01,2025,Control,QURU,61.5,C,6,3,NA,NA,NA,NA,NA,NA,,0.29705722
2567,Main,DL-1,DL-01,2025,Control,PRSE,39.4,C,5,3,NA,NA,NA,NA,NA,NA,,0.121922069
2568,Main,DL-1,DL-01,2025,Control,QUAL,52.7,C,6,3,NA,NA,NA,NA,NA,NA,,0.218127847
2569,Main,DL-1,DL-01,2025,Control,PRSE,31.1,I,5,4,NA,NA,NA,NA,NA,NA,attached,0.075964496
2570,Main,DL-1,DL-01,2025,Control,SNAG,24.4,DEAD,1,8,NA,NA,NA,NA,NA,NA,attached,0.046759465
2571,Main,DL-1,DL-01,2025,Control,OSVI,14,S,6,3,NA,NA,NA,NA,NA,NA,,0.015393804
2572,Main,DL-1,DL-01,2025,Control,SNAG,19.5,DEAD,1,8,NA,NA,NA,NA,NA,NA,attached,0.029864765
2573,Main,DL-1,DL-01,2025,Control,ACRU,22.7,S,4,4,NA,NA,NA,NA,NA,NA,attached,0.040470782
2574,Main,DL-1,DL-01,2025,Control,ACRU,28.7,S,5,3,NA,NA,NA,NA,NA,NA,"attached, looks bad",0.064692461
2575,Main,DL-1,DL-01,2025,Control,QUAL,30.4,S,6,2,NA,NA,NA,NA,NA,NA,,0.072583357
2576,Main,DL-2,DL-02,2025,Control,FAGR,31.2,S,6,3,1,3,3,3,0,0,center tree,0.076453799
2577,Main,DL-2,DL-02,2025,Control,QURU,63.7,C,6,3,NA,NA,NA,NA,NA,NA,,0.318690227
2578,Main,DL-2,DL-02,2025,Control,SNAG,13.3,DEAD,1,8,NA,NA,NA,NA,NA,NA,attached,0.013892908
2579,Main,DL-2,DL-02,2025,Control,ACRU,23.7,S,5,3,NA,NA,NA,NA,NA,NA,attached,0.044115029
2580,Main,DL-2,DL-02,2025,Control,PRSE,26.7,S,4,4,NA,NA,NA,NA,NA,NA,,0.05599025
2581,Main,DL-2,DL-02,2025,Control,QURU,45,C,6,2,NA,NA,NA,NA,NA,NA,,0.159043128
2582,Main,DL-2,DL-02,2025,Control,QURU,76.1,C,6,2,NA,NA,NA,NA,NA,NA,,0.45484057
2583,Main,DL-2,DL-02,2025,Control,QURU,70.4,C,6,2,NA,NA,NA,NA,NA,NA,,0.389255896
2584,Main,DL-2,DL-02,2025,Control,SNAG,18,DEAD,1,7,NA,NA,NA,NA,NA,NA,,0.0254469
2585,Main,DL-2,DL-02,2025,Control,SNAG,28.8,DEAD,1,7,NA,NA,NA,NA,NA,NA,measured low b/c splintered,0.065144065
2586,Main,DL-2,DL-02,2025,Control,ACRU,18.6,I,6,2,NA,NA,NA,NA,NA,NA,,0.027171635
2587,Main,DL-2,DL-02,2025,Control,QUVE,70.6,C,5,3,NA,NA,NA,NA,NA,NA,,0.391470719
2588,Main,DL-2,DL-02,2025,Control,FAGR,17,S,6,2,2,2,2,3,0,0,keep an eye on some curling & necrosis,0.022698007
2589,Main,GW-1,GW-01,2025,Control,FAGR,34.2,C,6,2,2,1,3,3,1,4,center tree #1544,0.091863311
2590,Main,GW-1,GW-01,2025,Control,FAGR,24,I,4,4,4,1,3,3,1,2,beech blight aphids,0.045238934
2591,Main,GW-1,GW-01,2025,Control,FAGR,23.3,I,5,4,3,3,3,3,1,3,#1545,0.042638481
2592,Main,GW-1,GW-01,2025,Control,TIAM,44.4,C,5,4,NA,NA,NA,NA,NA,NA,#1518,0.154830252
2593,Main,GW-1,GW-01,2025,Control,FAGR,24.3,C,5,4,3,1,3,3,1,3,,0.046376976
2594,Main,GW-1,GW-01,2025,Control,FAGR,34.9,C,5,4,4,3,4,3,1,3,#1534,0.095662282
2595,Main,GW-1,GW-01,2025,Control,TIAM,40.3,C,5,4,NA,NA,NA,NA,NA,NA,,0.12755573
2596,Main,GW-1,GW-01,2025,Control,TIAM,25.3,I,4,5,NA,NA,NA,NA,NA,NA,#1535,0.050272551
2597,Main,GW-1,GW-01,2025,Control,FAGR,41.1,C,6,3,3,1,3,1,1,2,#1542,0.132670243
2598,Main,GW-1,GW-01,2025,Control,FAGR,21.1,I,5,4,3,1,3,3,2,4,#1520,0.034966712
2599,Main,GW-1,GW-01,2025,Control,ULRU,14.4,I,5,4,NA,NA,NA,NA,NA,NA,"#1543, poision ivy",0.016286016
2600,Main,HA-1,HA-01,2025,Control,FAGR,43,I,6,2,1,3,2,3,1,0,,0.14522012
2601,Main,HA-1,HA-01,2025,Control,QUAL,66.8,C,6,3,NA,NA,NA,NA,NA,NA,,0.35046351
2602,Main,HA-1,HA-01,2025,Control,PRSE,13.6,S,6,2,NA,NA,NA,NA,NA,NA,,0.014526724
2603,Main,HA-1,HA-01,2025,Control,ACRU,30,D,6,2,NA,NA,NA,NA,NA,NA,#470; frost rib,0.070685835
2604,Main,HA-1,HA-01,2025,Control,FAGR,29.2,S,6,2,1,3,2,3,1,0,carvings,0.066966189
2605,Main,HA-1,HA-01,2025,Control,FAGR,14,S,6,3,2,2,2,3,1,0,,0.015393804
2606,Main,HA-1,HA-01,2025,Control,QUVE,66.6,C,5,3,NA,NA,NA,NA,NA,NA,check previous years - checked.,0.348368068
2607,Main,HA-2,HA-02,2025,Control,FAGR,36.2,I,6,3,1,3,3,3,1,0,center tree,0.102921717
2608,Main,HA-2,HA-02,2025,Control,QUAL,76,C,5,4,NA,NA,NA,NA,NA,NA,,0.453645979
2609,Main,HA-2,HA-02,2025,Control,ACRU,23.7,I,6,2,NA,NA,NA,NA,NA,NA,,0.044115029
2610,Main,HA-2,HA-02,2025,Control,SNAG,57.8,DEAD,1,8,NA,NA,NA,NA,NA,NA,,0.26238896
2611,Main,HA-2,HA-02,2025,Control,ACRU,16.8,S,6,2,NA,NA,NA,NA,NA,NA,,0.022167078
2612,Main,HA-2,HA-02,2025,Control,SNAG,28.4,DEAD,1,8,NA,NA,NA,NA,NA,NA,,0.063347074
2613,Main,HA-2,HA-02,2025,Control,PRSE,42.3,I,5,3,NA,NA,NA,NA,NA,NA,,0.140530508
2614,Main,HA-2,HA-02,2025,Control,ACRU,15.1,S,4,5,NA,NA,NA,NA,NA,NA,,0.017907864
2615,Main,HA-2,HA-02,2025,Control,QUAL,62.9,C,6,2,NA,NA,NA,NA,NA,NA,,0.310735715
2616,Main,HA-2,HA-02,2025,Control,ACRU,20.2,S,5,3,NA,NA,NA,NA,NA,NA,,0.032047387
2617,Main,HA-3,HA-03,2025,Control,FAGR,62.7,,,NA,NA,NA,NA,NA,2,NA,"center tree has fallen, root tip up. Still has green leaves producing nuts, yes tree ahd BLD, couldn't do accurate assessement of leaf density & dieback, bottom half leaves looked healthy at 0 but top half looked bad with 4s.",0.308762795
2618,Main,HA-3,HA-03,2025,Control,NYSY,26.8,I,6,2,NA,NA,NA,NA,NA,NA,,0.056410438
2619,Main,HA-3,HA-03,2025,Control,PRSE,14,I,6,3,NA,NA,NA,NA,NA,NA,,0.015393804
2620,Main,HA-3,HA-03,2025,Control,ACRU,21.2,S,5,3,NA,NA,NA,NA,NA,NA,,0.035298935
2621,Main,HA-3,HA-03,2025,Control,ACRU,37.5,C,6,3,NA,NA,NA,NA,NA,NA,,0.110446617
2622,Main,HA-3,HA-03,2025,Control,NYSY,21,I,6,2,NA,NA,NA,NA,NA,NA,,0.034636059
2623,Main,HA-3,HA-03,2025,Control,NYSY,23.3,I,6,2,NA,NA,NA,NA,NA,NA,,0.042638481
2624,Main,HA-3,HA-03,2025,Control,ACRU,32.7,C,6,3,NA,NA,NA,NA,NA,NA,,0.08398184
2625,Main,HA-3,HA-03,2025,Control,NYSY,21.5,I,6,2,NA,NA,NA,NA,NA,NA,,0.03630503
2626,Main,HA-3,HA-03,2025,Control,NYSY,26.7,I,6,2,NA,NA,NA,NA,NA,NA,,0.05599025
2627,Main,HA-3,HA-03,2025,Control,NYSY,47.4,C,6,2,NA,NA,NA,NA,NA,NA,,0.176460118
2628,Main,HA-3,HA-03,2025,Control,ACRU,23.4,I,6,3,NA,NA,NA,NA,NA,NA,,0.043005262
2629,Main,HA-3,HA-03,2025,Control,ACRU,83.6,C,6,3,NA,NA,NA,NA,NA,NA,,0.548911635
2630,Main,HA-3,HA-03,2025,Control,SNAG,80.1,DEAD,1,8,NA,NA,NA,NA,NA,NA,,0.503912247
2631,Main,HH-1,HH-01,2025,Control,FAGR,57.1,C,6,3,1,3,3,3,3,3,center tree,0.256072003
2632,Main,HH-1,HH-01,2025,Control,FAGR,56.2,C,6,3,1,3,3,3,3,3,,0.248063298
2633,Main,HH-1,HH-01,2025,Control,ACSA,26.7,S,6,2,NA,NA,NA,NA,NA,NA,,0.05599025
2634,Main,HH-1,HH-01,2025,Control,ACSA,44.8,I,6,3,NA,NA,NA,NA,NA,NA,,0.157632553
2635,Main,HH-1,HH-01,2025,Control,ACSA,41.5,C,6,2,NA,NA,NA,NA,NA,NA,,0.135265199
2636,Main,HH-1,HH-01,2025,Control,ACSA,20.6,S,6,2,NA,NA,NA,NA,NA,NA,,0.033329156
2637,Main,HH-1,HH-01,2025,Control,QURU,49.2,I,6,3,NA,NA,NA,NA,NA,NA,,0.190116621
2638,Main,HH-1,HH-01,2025,Control,QURU,49.2,I,6,2,NA,NA,NA,NA,NA,NA,,0.190116621
2639,Main,HR-1,HR-01,2025,Control,FAGR,61.8,C,5,4,2,1,3,3,2,0,"center, producing nuts",0.299962408
2640,Main,HR-1,HR-01,2025,Control,FAGR,45.1,S,4,5,2,2,4,3,3,2,,0.159750772
2641,Main,HR-1,HR-01,2025,Control,FAGR,58.1,C,4,5,2,1,4,3,3,2,,0.265119789
2642,Main,HR-1,HR-01,2025,Control,ACSA,38.1,I,6,3,NA,NA,NA,NA,NA,NA,,0.114009183
2643,Main,HR-1,HR-01,2025,Control,ACSA,57.7,C,6,2,NA,NA,NA,NA,NA,NA,,0.261481825
2644,Main,HR-1,HR-01,2025,Control,ACSA,47.6,C,6,3,NA,NA,NA,NA,NA,NA,,0.177952374
2645,Main,HR-1,HR-01,2025,Control,ACSA,20.7,S,5,3,NA,NA,NA,NA,NA,NA,,0.033653526
2646,Main,HR-1,HR-01,2025,Control,ACSA,42,C,6,2,NA,NA,NA,NA,NA,NA,,0.138544236
2647,Main,HR-2,HR-02,2025,Control,FAGR,50.1,C,5,4,2,1,4,3,2,2,plot center; white dots on trunk that are probably scale,0.197135724
2648,Main,HR-2,HR-02,2025,Control,FAGR,59.2,C,5,3,1,3,3,3,3,3,,0.275253782
2649,Main,HR-2,HR-02,2025,Control,ACSA,19.5,S,6,2,NA,NA,NA,NA,NA,NA,,0.029864765
2650,Main,HR-2,HR-02,2025,Control,ACSA,73.1,C,6,2,NA,NA,NA,NA,NA,NA,,0.419686148
2651,Main,HR-2,HR-02,2025,Control,SNAG,29.1,DEAD,1,8,NA,NA,NA,NA,NA,NA,FAGR,0.066508302
2652,Main,HR-2,HR-02,2025,Control,ACSA,12.9,S,5,3,NA,NA,NA,NA,NA,NA,,0.013069811
2653,Main,HR-2,HR-02,2025,Control,FAGR,47.5,C,5,4,2,3,3,3,4,3,"marbling, producing nuts",0.177205461
2654,Main,HR-2,HR-02,2025,Control,ACSA,13.3,S,6,2,NA,NA,NA,NA,NA,NA,,0.013892908
2655,Main,HR-2,HR-02,2025,Control,ACSA,68.1,C,6,3,NA,NA,NA,NA,NA,NA,,0.364237038
2656,Main,NP-1,NP-01,2025,Control,FAGR,30,S,6,2,1,3,2,3,1,0,center tree; producing nuts,0.070685835
2657,Main,NP-1,NP-01,2025,Control,ULRU,29.1,I,6,3,NA,NA,NA,NA,NA,NA,slippery elm,0.066508302
2658,Main,NP-1,NP-01,2025,Control,SNAG,53.1,DEAD,1,8,NA,NA,NA,NA,NA,NA,,0.221451652
2659,Main,NP-1,NP-01,2025,Control,ACPL,33.4,I,6,2,NA,NA,NA,NA,NA,NA,norway maple,0.087615878
2660,Main,NP-1,NP-01,2025,Control,BELE,26.5,S,6,2,NA,NA,NA,NA,NA,NA,,0.055154586
2661,Main,NP-1,NP-01,2025,Control,BELE,31.3,I,6,2,NA,NA,NA,NA,NA,NA,attached,0.076944673
2662,Main,NP-1,NP-01,2025,Control,BELE,36.5,I,6,2,NA,NA,NA,NA,NA,NA,attached,0.10463467
2663,Main,NP-1,NP-01,2025,Control,TSCA,27.7,S,5,3,NA,NA,NA,NA,NA,NA,,0.060262816
2664,Main,NP-1,NP-01,2025,Control,TSCA,19.2,S,4,5,NA,NA,NA,NA,NA,NA,,0.028952918
2665,Main,NP-1,NP-01,2025,Control,QUVE,87.1,D,6,3,NA,NA,NA,NA,NA,NA,,0.595835248
2666,Main,NP-1,NP-01,2025,Control,TSCA,36.3,S,5,4,NA,NA,NA,NA,NA,NA,,0.103491131
2667,Main,NP-1,NP-01,2025,Control,TSCA,37.3,I,5,4,NA,NA,NA,NA,NA,NA,,0.109271661
2668,Main,NP-2,NP-02,2025,Control,FAGR,41.4,S,6,2,2,3,2,3,1,0,center tree,0.134614104
2669,Main,NP-2,NP-02,2025,Control,QURU,68.3,C,6,3,NA,NA,NA,NA,NA,NA,,0.366379604
2670,Main,NP-2,NP-02,2025,Control,QURU,24.4,S,5,4,NA,NA,NA,NA,NA,NA,,0.046759465
2671,Main,NP-2,NP-02,2025,Control,QUAL,64.2,C,6,3,NA,NA,NA,NA,NA,NA,,0.323712849
2672,Main,NP-2,NP-02,2025,Control,QUAL,61.2,C,6,3,NA,NA,NA,NA,NA,NA,,0.29416617
2673,Main,NP-2,NP-02,2025,Control,QUAL,55.6,C,6,2,NA,NA,NA,NA,NA,NA,,0.242794847
2674,Main,NP-2,NP-02,2025,Control,QUAL,50.4,I,6,2,NA,NA,NA,NA,NA,NA,,0.1995037
2675,Main,NP-2,NP-02,2025,Control,QUVE,70.7,C,5,3,NA,NA,NA,NA,NA,NA,black oak,0.392580487
2676,Main,NP-2,NP-02,2025,Control,QURU,47.7,C,6,3,NA,NA,NA,NA,NA,NA,,0.178700859
2677,Main,NP-2,NP-02,2025,Control,ACSA,17,S,6,2,NA,NA,NA,NA,NA,NA,,0.022698007
2678,Main,NP-2,NP-02,2025,Control,QUAL,40.7,C,6,3,NA,NA,NA,NA,NA,NA,,0.13010042
2679,Main,NP-2,NP-02,2025,Control,CACA,12.8,S,6,3,NA,NA,NA,NA,NA,NA,,0.012867964
2680,Main,NP-3,NP-03,2025,Control,FAGR,35.7,S,4,5,3,3,4,3,3,3,center tree,0.100098211
2681,Main,NP-3,NP-03,2025,Control,ACRU,22.4,S,6,3,NA,NA,NA,NA,NA,NA,,0.039408138
2682,Main,NP-3,NP-03,2025,Control,QURU,75.6,C,6,3,NA,NA,NA,NA,NA,NA,,0.448883325
2683,Main,NP-3,NP-03,2025,Control,FAGR,47.8,I,4,4,2,3,4,3,4,3,,0.179450914
2684,Main,NP-3,NP-03,2025,Control,QUAL,57.7,C,6,3,NA,NA,NA,NA,NA,NA,,0.261481825
2685,Main,NP-3,NP-03,2025,Control,SNAG,25.6,DEAD,1,8,NA,NA,NA,NA,NA,NA,,0.051471854
2686,Main,NP-3,NP-03,2025,Control,FAGR,39.5,S,3,6,4,3,5,3,4,3,,0.122541748
2687,Main,PB-1,PB-01,2025,Control,FAGR,44.5,C,3,4,3,3,4,3,4,4,,0.155528471
2688,Main,PB-1,PB-01,2025,Control,FAGR,90.3,D,4,3,2,3,3,3,2,3,#PB41,0.640420731
2689,Main,PB-1,PB-01,2025,Control,FAGR,15,S,2,6,6,3,6,3,0,0,second bud break,0.017671459
2690,Main,PB-1,PB-01,2025,Control,ACSA,16.4,S,6,2,NA,NA,NA,NA,NA,NA,,0.021124069
2691,Main,PB-1,PB-01,2025,Control,FAGR,18.7,I,4,5,1,3,4,3,1,0,second bud break,0.027464588
2692,Main,PB-1,PB-01,2025,Control,ACSA,32,I,6,2,NA,NA,NA,NA,NA,NA,,0.080424772
2693,Main,PB-1,PB-01,2025,Control,FAGR,25,C,3,4,2,3,4,3,2,3,recent light gap changed crown class,0.049087385
2694,Main,PB-1,PB-01,2025,Control,ACSA,23.8,I,6,2,NA,NA,NA,NA,NA,NA,,0.044488094
2695,Main,PC-1,PC-01,2025,Control,FAGR,5.9,S,5,3,2,1,3,2,1,0,second bud break,0.002733971
2696,Main,PC-1,PC-01,2025,Control,ACSA,26,S,6,2,NA,NA,NA,NA,NA,NA,#468,0.053092916
2697,Main,PC-1,PC-01,2025,Control,QURU,91.3,C,6,2,NA,NA,NA,NA,NA,NA,#467,0.654683562
2698,Main,PC-1,PC-01,2025,Control,ACSA,26,S,6,2,NA,NA,NA,NA,NA,NA,#462,0.053092916
2699,Main,PC-1,PC-01,2025,Control,ACSA,31,S,6,2,NA,NA,NA,NA,NA,NA,#464,0.075476764
2700,Main,PC-1,PC-01,2025,Control,QURU,92.1,C,5,3,NA,NA,NA,NA,NA,NA,#484,0.666206924
2701,Main,PC-1,PC-01,2025,Control,ACSA,25,S,6,2,NA,NA,NA,NA,NA,NA,,0.049087385
2702,Main,PC-1,PC-01,2025,Control,ACSA,30.3,S,6,2,NA,NA,NA,NA,NA,NA,#483,0.07210662
2703,Main,PC-1,PC-01,2025,Control,SNAG,27.2,DEAD,1,8,NA,NA,NA,NA,NA,NA,trunk broken off,0.058106898
2704,Main,PC-10,PC-10,2025,X-Trt,SNAG,3.1,DEAD,1,7,NA,NA,NA,NA,NA,NA,center beech tree,0.000754768
2705,Main,PC-10,PC-10,2025,X-Trt,QURU,78.5,C,6,3,NA,NA,NA,NA,NA,NA,#772,0.483981983
2706,Main,PC-10,PC-10,2025,X-Trt,ACRU,28.3,S,6,2,NA,NA,NA,NA,NA,NA,#771,0.062901754
2707,Main,PC-10,PC-10,2025,X-Trt,SNAG,20.6,DEAD,1,8,NA,NA,NA,NA,NA,NA,#770,0.033329156
2708,Main,PC-10,PC-10,2025,X-Trt,QUAL,65.54,C,6,3,NA,NA,NA,NA,NA,NA,in deer fence,0.337367121
2709,Main,PC-10,PC-10,2025,X-Trt,ACSA,32,I,6,2,NA,NA,NA,NA,NA,NA,11.397m away,0.080424772
2710,Main,PC-10,PC-10,2025,X-Trt,ACRU,29,I,6,2,NA,NA,NA,NA,NA,NA,,0.066051986
2711,Main,PC-10,PC-10,2025,X-Trt,TSCA,19.9,S,5,4,NA,NA,NA,NA,NA,NA,#769,0.031102553
2712,Main,PC-10,PC-10,2025,X-Trt,ACRU,41.8,I,6,2,NA,NA,NA,NA,NA,NA,,0.137227909
2713,Main,PC-11,PC-11,2025,Lime,FAGR,2,S,3,5,2,1,4,3,3,3,,0.000314159
2714,Main,PC-11,PC-11,2025,Lime,QUAL,82.3,C,6,2,NA,NA,NA,NA,NA,NA,#797,0.531972953
2715,Main,PC-11,PC-11,2025,Lime,ACSA,37.2,I,6,2,NA,NA,NA,NA,NA,NA,#796,0.108686539
2716,Main,PC-11,PC-11,2025,Lime,ACSA,12.9,S,6,2,NA,NA,NA,NA,NA,NA,#803/#03,0.013069811
2717,Main,PC-11,PC-11,2025,Lime,QURU,45.2,C,6,2,NA,NA,NA,NA,NA,NA,#804/#04,0.160459986
2718,Main,PC-11,PC-11,2025,Lime,QURU,49.5,C,6,2,NA,NA,NA,NA,NA,NA,#805,0.192442185
2719,Main,PC-11,PC-11,2025,Lime,FAGR,13.1,S,,4,2,1,4,3,3,2,#806,0.013478218
2720,Main,PC-11,PC-11,2025,Lime,QUAL,28.5,I,6,2,NA,NA,NA,NA,NA,NA,#812,0.063793966
2721,Main,PC-11,PC-11,2025,Lime,QUMO,13.6,S,6,2,NA,NA,NA,NA,NA,NA,,0.014526724
2722,Main,PC-11,PC-11,2025,Lime,QURU,52,C,5,3,NA,NA,NA,NA,NA,NA,#815,0.212371663
2723,Main,PC-11,PC-11,2025,Lime,QURU,42.7,C,6,2,NA,NA,NA,NA,NA,NA,#816,0.143200862
2724,Main,PC-11,PC-11,2025,Lime,SNAG,31.5,DEAD,1,7,NA,NA,NA,NA,NA,NA,#817/#17,0.077931133
2725,Main,PC-11,PC-11,2025,Lime,ACSA,13.5,S,6,2,NA,NA,NA,NA,NA,NA,#794,0.014313882
2726,Main,PC-11,PC-11,2025,Lime,QURU,14.1,S,6,2,NA,NA,NA,NA,NA,NA,#795,0.015614501
2727,Main,PC-12,PC-12,2025,Control,FAGR,9.4,S,5,3,2,3,3,3,2,1,#854,0.006939778
2728,Main,PC-12,PC-12,2025,Control,CARYA,20.5,S,6,2,NA,NA,NA,NA,NA,NA,#853,0.033006358
2729,Main,PC-12,PC-12,2025,Control,ACSA,24.1,S,6,2,NA,NA,NA,NA,NA,NA,#846,0.045616711
2730,Main,PC-12,PC-12,2025,Control,QURU,52.6,C,6,2,NA,NA,NA,NA,NA,NA,#848,0.217300822
2731,Main,PC-12,PC-12,2025,Control,LITU,57.5,D,6,2,NA,NA,NA,NA,NA,NA,#849/340 two tags,0.259672268
2732,Main,PC-12,PC-12,2025,Control,LITU,57.6,C,6,3,NA,NA,NA,NA,NA,NA,,0.260576261
2733,Main,PC-12,PC-12,2025,Control,ACRU,33.4,I,6,2,NA,NA,NA,NA,NA,NA,#850?,0.087615878
2734,Main,PC-12,PC-12,2025,Control,LITU,45.4,I,6,2,NA,NA,NA,NA,NA,NA,#856,0.161883128
2735,Main,PC-12,PC-12,2025,Control,ACSA,20.2,S,6,2,NA,NA,NA,NA,NA,NA,#859,0.032047387
2736,Main,PC-12,PC-12,2025,Control,QURU,62.3,C,6,2,NA,NA,NA,NA,NA,NA,#843,0.304835804
2737,Main,PC-12,PC-12,2025,Control,LITU,70.1,C,5,3,NA,NA,NA,NA,NA,NA,#855,0.385945443
2738,Main,PC-12,PC-12,2025,Control,ACSA,13.1,S,6,1,NA,NA,NA,NA,NA,NA,#860,0.013478218
2739,Main,PC-2,PC-02,2025,X-Trt,FAGR,12.4,S,3,6,3,3,5,3,3,2,#525,0.012076282
2740,Main,PC-2,PC-02,2025,X-Trt,OSVI,13.6,S,6,2,NA,NA,NA,NA,NA,NA,#523,0.014526724
2741,Main,PC-2,PC-02,2025,X-Trt,ACSA,23.4,S,6,2,NA,NA,NA,NA,NA,NA,#490,0.043005262
2742,Main,PC-2,PC-02,2025,X-Trt,TSCA,21.8,S,6,3,NA,NA,NA,NA,NA,NA,,0.037325262
2743,Main,PC-2,PC-02,2025,X-Trt,QURU,74.6,C,6,2,NA,NA,NA,NA,NA,NA,,0.437086644
2744,Main,PC-2,PC-02,2025,X-Trt,ACSA,53.2,C,6,2,NA,NA,NA,NA,NA,NA,,0.22228653
2745,Main,PC-2,PC-02,2025,X-Trt,ACSA,31.6,I,6,2,NA,NA,NA,NA,NA,NA,,0.078426719
2746,Main,PC-2,PC-02,2025,X-Trt,QURU,36.7,I,6,2,NA,NA,NA,NA,NA,NA,,0.105784493
2747,Main,PC-2,PC-02,2025,X-Trt,FAGR,12.8,S,4,5,2,1,4,3,3,4,,0.012867964
2748,Main,PC-2,PC-02,2025,X-Trt,FAGR,16.8,S,4,5,2,3,4,3,4,3,,0.022167078
2749,Main,PC-2,PC-02,2025,X-Trt,QURU,73.3,C,6,3,NA,NA,NA,NA,NA,NA,,0.421985794
2750,Main,PC-2,PC-02,2025,X-Trt,PRSE,42.9,C,6,2,NA,NA,NA,NA,NA,NA,,0.144545463
2751,Main,PC-2,PC-02,2025,X-Trt,TSCA,13.6,S,6,2,NA,NA,NA,NA,NA,NA,,0.014526724
2752,Main,PC-2,PC-02,2025,X-Trt,ACRU,24.4,S,6,3,NA,NA,NA,NA,NA,NA,,0.046759465
2753,Main,PC-3,PC-03,2025,TSP,FAGR,7.3,S,5,3,1,3,3,3,2,0,"#981, second bud break",0.004185387
2754,Main,PC-3,PC-03,2025,TSP,QURU,79.3,C,6,2,NA,NA,NA,NA,NA,NA,#562,0.49389685
2755,Main,PC-3,PC-03,2025,TSP,QURU,95.3,C,6,2,NA,NA,NA,NA,NA,NA,#580,0.713305681
2756,Main,PC-3,PC-03,2025,TSP,ACSA,35.6,I,6,2,NA,NA,NA,NA,NA,NA,#579,0.099538222
2757,Main,PC-3,PC-03,2025,TSP,ACSA,48.1,C,6,2,NA,NA,NA,NA,NA,NA,#576,0.181710504
2758,Main,PC-3,PC-03,2025,TSP,ACSA,31.1,S,6,2,NA,NA,NA,NA,NA,NA,#566,0.075964496
2759,Main,PC-3,PC-03,2025,TSP,QURU,67.9,C,6,3,NA,NA,NA,NA,NA,NA,#565,0.362100755
2760,Main,PC-3,PC-03,2025,TSP,ACSA,32.3,S,6,2,NA,NA,NA,NA,NA,NA,,0.081939805
2761,Main,PC-3,PC-03,2025,TSP,QURU,64.4,C,6,3,NA,NA,NA,NA,NA,NA,,0.325732893
2762,Main,PC-3,PC-03,2025,TSP,ACSA,33.3,S,6,2,NA,NA,NA,NA,NA,NA,,0.087092017
2763,Main,PC-3,PC-03,2025,TSP,QURU,73.6,C,6,2,NA,NA,NA,NA,NA,NA,#563,0.425447044
2764,Main,PC-4,PC-04,2025,Lime,FAGR,11.8,S,4,5,2,2,3,3,3,3,#533,0.010935884
2765,Main,PC-4,PC-04,2025,Lime,SNAG,21.9,DEAD,1,8,NA,NA,NA,NA,NA,NA,#551,0.037668481
2766,Main,PC-4,PC-04,2025,Lime,ACSA,25.6,I,6,2,NA,NA,NA,NA,NA,NA,#553,0.051471854
2767,Main,PC-4,PC-04,2025,Lime,QURU,102.8,C,6,2,NA,NA,NA,NA,NA,NA,,0.829996213
2768,Main,PC-4,PC-04,2025,Lime,ACSA,22.1,I,6,2,NA,NA,NA,NA,NA,NA,#549,0.038359632
2769,Main,PC-4,PC-04,2025,Lime,ACSA,43.5,C,6,2,NA,NA,NA,NA,NA,NA,#538,0.148616967
2770,Main,PC-4,PC-04,2025,Lime,ACSA,47.2,I,6,2,NA,NA,NA,NA,NA,NA,#534,0.174974144
2771,Main,PC-4,PC-04,2025,Lime,ACSA,22.8,I,6,2,NA,NA,NA,NA,NA,NA,#530,0.040828138
2772,Main,PC-4,PC-04,2025,Lime,ACSA,26.4,S,6,2,NA,NA,NA,NA,NA,NA,#535,0.05473911
2773,Main,PC-4,PC-04,2025,Lime,ACSA,31.2,I,6,2,NA,NA,NA,NA,NA,NA,#528,0.076453799
2774,Main,PC-4,PC-04,2025,Lime,QURU,107.3,C,5,3,NA,NA,NA,NA,NA,NA,#556,0.904251682
2775,Main,PC-5,PC-05,2025,Lime,FAGR,6.2,S,2,6,4,3,6,3,3,3,possible second bud break,0.003019071
2776,Main,PC-5,PC-05,2025,Lime,ACSA,21.7,S,6,2,NA,NA,NA,NA,NA,NA,#607,0.036983614
2777,Main,PC-5,PC-05,2025,Lime,ACSA,22.2,I,6,2,NA,NA,NA,NA,NA,NA,#606,0.038707563
2778,Main,PC-5,PC-05,2025,Lime,ACSA,55.2,C,5,3,NA,NA,NA,NA,NA,NA,#608,0.239313962
2779,Main,PC-5,PC-05,2025,Lime,ACSA,49.5,C,6,2,NA,NA,NA,NA,NA,NA,#599,0.192442185
2780,Main,PC-5,PC-05,2025,Lime,ACSA,26.8,S,5,4,NA,NA,NA,NA,NA,NA,#597,0.056410438
2781,Main,PC-5,PC-05,2025,Lime,ACSA,18.6,I,6,2,NA,NA,NA,NA,NA,NA,,0.027171635
2782,Main,PC-5,PC-05,2025,Lime,QURU,91.4,C,5,3,NA,NA,NA,NA,NA,NA,,0.656118484
2783,Main,PC-5,PC-05,2025,Lime,QURU,70.4,D,6,2,NA,NA,NA,NA,NA,NA,#636,0.389255896
2784,Main,PC-5,PC-05,2025,Lime,ACSA,33.9,S,6,2,NA,NA,NA,NA,NA,NA,,0.090258742
2785,Main,PC-5,PC-05,2025,Lime,ACSA,34.5,I,6,2,NA,NA,NA,NA,NA,NA,,0.093482016
2786,Main,PC-5,PC-05,2025,Lime,CARYA,46.8,D,6,2,NA,NA,NA,NA,NA,NA,,0.172021047
2787,Main,PC-5,PC-05,2025,Lime,ACSA,52.5,C,6,2,NA,NA,NA,NA,NA,NA,,0.216475369
2788,Main,PC-6,PC-06,2025,Control,FAGR,3.7,S,2,6,6,3,6,2,4,4,,0.00107521
2789,Main,PC-6,PC-06,2025,Control,QURU,91.5,C,6,3,NA,NA,NA,NA,NA,NA,,0.657554977
2790,Main,PC-6,PC-06,2025,Control,ACSA,49.5,C,6,2,NA,NA,NA,NA,NA,NA,connect below DBH,0.192442185
2791,Main,PC-6,PC-06,2025,Control,ACSA,20.4,S,6,2,NA,NA,NA,NA,NA,NA,connect below DBH,0.03268513
2792,Main,PC-6,PC-06,2025,Control,ACSA,23.6,I,6,2,NA,NA,NA,NA,NA,NA,#64,0.043743536
2793,Main,PC-6,PC-06,2025,Control,ACRU,45.5,I,6,3,NA,NA,NA,NA,NA,NA,#621 frost rib?,0.162597055
2794,Main,PC-6,PC-06,2025,Control,CARYA,39.6,C,6,2,NA,NA,NA,NA,NA,NA,#640,0.123162998
2795,Main,PC-6,PC-06,2025,Control,QURU,66.5,C,6,3,NA,NA,NA,NA,NA,NA,#624,0.347322703
2796,Main,PC-6,PC-06,2025,Control,ACSA,20.1,S,6,2,NA,NA,NA,NA,NA,NA,#626,0.031730871
2797,Main,PC-6,PC-06,2025,Control,ACSA,22,I,6,2,NA,NA,NA,NA,NA,NA,#639,0.038013271
2798,Main,PC-6,PC-06,2025,Control,QURU,70.6,C,6,2,NA,NA,NA,NA,NA,NA,#636,0.391470719
2799,Main,PC-8,PC-08,2025,X-Trt,FAGR,5.9,S,5,4,1,3,4,3,2,2,second bud break,0.002733971
2800,Main,PC-8,PC-08,2025,X-Trt,ACSA,16.9,S,6,2,NA,NA,NA,NA,NA,NA,#703,0.022431757
2801,Main,PC-8,PC-08,2025,X-Trt,ACSA,56.7,C,6,2,NA,NA,NA,NA,NA,NA,,0.25249687
2802,Main,PC-8,PC-08,2025,X-Trt,ACRU,40.3,C,6,2,NA,NA,NA,NA,NA,NA,#707,0.12755573
2803,Main,PC-8,PC-08,2025,X-Trt,SNAG,51.8,,1,7,NA,NA,NA,NA,NA,NA,,0.210741177
2804,Main,PC-8,PC-08,2025,X-Trt,ACSA,18.7,S,6,2,NA,NA,NA,NA,NA,NA,#689,0.027464588
2805,Main,PC-8,PC-08,2025,X-Trt,ACSA,30.3,C,6,2,NA,NA,NA,NA,NA,NA,#704,0.07210662
2806,Main,PC-8,PC-08,2025,X-Trt,SNAG,45.1,,1,7,NA,NA,NA,NA,NA,NA,#693,0.159750772
2807,Main,PC-8,PC-08,2025,X-Trt,ACSA,50.3,C,6,2,NA,NA,NA,NA,NA,NA,#691,0.198712804
2808,Main,PC-9,PC-09,2025,TSP,FAGR,9.3,S,3,5,1,3,5,3,4,3,tag no longer on tree,0.006792909
2809,Main,PC-9,PC-09,2025,TSP,ACSA,64,C,6,2,NA,NA,NA,NA,NA,NA,#744,0.321699088
2810,Main,PC-9,PC-09,2025,TSP,ACSA,21.2,I,6,2,NA,NA,NA,NA,NA,NA,#745,0.035298935
2811,Main,PC-9,PC-09,2025,TSP,SNAG,34.8,DEAD,1,7,NA,NA,NA,NA,NA,NA,#747,0.095114859
2812,Main,PC-9,PC-09,2025,TSP,ACRU,23.4,I,6,2,NA,NA,NA,NA,NA,NA,,0.043005262
2813,Main,PC-9,PC-09,2025,TSP,QUAL,56.5,C,6,2,NA,NA,NA,NA,NA,NA,,0.250718729
2814,Main,PC-9,PC-09,2025,TSP,QURU,18.1,S,6,1,NA,NA,NA,NA,NA,NA,,0.025730429
2815,Main,PC-9,PC-09,2025,TSP,QURU,24.2,I,6,2,NA,NA,NA,NA,NA,NA,,0.045996058
2816,Main,PC-9,PC-09,2025,TSP,QURU,15.2,S,6,2,NA,NA,NA,NA,NA,NA,#738,0.018145839
2817,Main,PC-9,PC-09,2025,TSP,ACSA,15.3,S,6,2,NA,NA,NA,NA,NA,NA,#733,0.018385386
2818,Main,PC-9,PC-09,2025,TSP,FAGR,13.1,S,5,3,2,1,2,3,3,3,#728; topped off,0.013478218
2819,Main,PC-9,PC-09,2025,TSP,ACSA,41.6,C,6,2,NA,NA,NA,NA,NA,NA,#725,0.135917865
2820,Main,PC-9,PC-09,2025,TSP,ACSA,31.8,C,6,2,NA,NA,NA,NA,NA,NA,,0.079422604
2821,Main,RH-1,RH-01,2025,Control,FAGR,58.7,I,6,3,2,3,3,3,0,0,"Center tree, lots of carvings",0.27062386
2822,Main,RH-1,RH-01,2025,Control,ULRU,23.5,S,6,2,NA,NA,NA,NA,NA,NA,,0.043373614
2823,Main,RH-1,RH-01,2025,Control,CARYA,38.3,C,5,3,NA,NA,NA,NA,NA,NA,,0.115209271
2824,Main,RH-1,RH-01,2025,Control,FAGR,44.1,C,6,2,1,3,2,3,0,0,herbivory,0.15274502
2825,Main,RH-1,RH-01,2025,Control,FAGR,48.7,c,6,2,1,3,2,3,0,0,carvings in trunk,0.186272097
2826,Main,RH-1,RH-01,2025,Control,FAGR,30.7,I,5,4,3,2,3,3,1,0,,0.074022992
2827,Main,RH-1,RH-01,2025,Control,FAGR,41.1,C,5,3,2,2,3,3,0,0,,0.132670243
2828,Main,RH-1,RH-01,2025,Control,FAGR,41.2,C,6,3,2,2,2,3,1,0,,0.133316626
2829,Main,RH-1,RH-01,2025,Control,FAGR,23.6,S,3,5,4,2,3,3,0,0,,0.043743536
2830,Main,RH-1,RH-01,2025,Control,FAGR,47.4,C,3,6,6,2,6,3,0,0,frost rib and carvings,0.176460118
2831,Main,RH-1,RH-01,2025,Control,ACSA,55.4,C,6,3,NA,NA,NA,NA,NA,NA,,0.241051263
2832,Main,SB-1,SB-01,2025,Control,FAGR,65.8,C,5,3,2,3,2,3,3,2,"SC1-41, beech nuts",0.34004913
2833,Main,SB-1,SB-01,2025,Control,FAGR,60.6,C,5,3,2,2,3,3,3,3,"SC1-43, BBD?, beech nuts",0.28842648
2834,Main,SB-1,SB-01,2025,Control,FAGR,18,I,6,2,1,3,2,3,3,3,,0.0254469
2835,Main,SB-1,SB-01,2025,Control,ACSA,25.3,I,6,2,NA,NA,NA,NA,NA,NA,,0.050272551
2836,Main,SB-1,SB-01,2025,Control,FAGR,17.5,S,5,4,3,2,3,3,3,4,bent over,0.024052819
2837,Main,SB-1,SB-01,2025,Control,FAGR,28.1,S,5,3,2,1,2,3,3,2,,0.062015824
2838,Main,SB-1,SB-01,2025,Control,FAGR,13.2,S,5,3,2,2,3,3,4,3,bent over,0.013684778
2839,Main,SB-1,SB-01,2025,Control,SNAG,52,DEAD,1,8,NA,NA,NA,NA,NA,NA,"FAGR, SC1-45",0.212371663
2840,Main,SB-1,SB-01,2025,Control,FAGR,16.9,S,5,3,1,3,3,3,3,3,,0.022431757
2841,Main,SB-1,SB-01,2025,Control,ACSA,20.9,I,6,2,NA,NA,NA,NA,NA,NA,,0.034306977
2842,Main,SB-1A,SB-01A,2025,Control,FAGR,95.1,C,6,2,1,3,2,3,2,0,#922,0.710314884
2843,Main,SB-1A,SB-01A,2025,Control,FAGR,48.7,I,6,3,2,3,3,3,3,2,#921,0.186272097
2844,Main,SB-1A,SB-01A,2025,Control,FAGR,15,S,5,3,2,1,3,3,4,4,,0.017671459
2845,Main,SB-1A,SB-01A,2025,Control,ACSA,87.6,C,6,2,NA,NA,NA,NA,NA,NA,#926,0.602695701
2846,Main,SB-1A,SB-01A,2025,Control,ACSA,17.5,I,6,2,NA,NA,NA,NA,NA,NA,,0.024052819
2847,Main,SB-1B,SB-01B,2025,Control,FAGR,90,C,6,3,2,3,2,3,3,2,#931,0.636172512
2848,Main,SB-1B,SB-01B,2025,Control,SNAG,20.3,DEAD,1,8,NA,NA,NA,NA,NA,NA,,0.032365473
2849,Main,SB-1B,SB-01B,2025,Control,ACSA,24.2,I,6,2,NA,NA,NA,NA,NA,NA,,0.045996058
2850,Main,SB-1B,SB-01B,2025,Control,ACSA,21.4,S,6,2,NA,NA,NA,NA,NA,NA,,0.035968094
2851,Main,SB-1B,SB-01B,2025,Control,FAGR,117,C,6,2,2,3,2,3,1,0,"very rotted base, healthy canopy",1.075131546
2852,Main,SB-1B,SB-01B,2025,Control,FAGR,34.8,I,3,4,2,3,3,3,4,4,#933; white dots BBD,0.095114859
2853,Main,SB-1B,SB-01B,2025,Control,ACSA,33,I,6,2,NA,NA,NA,NA,NA,NA,#932,0.08552986
2854,Main,SB-1B,SB-01B,2025,Control,ACSA,18,S,6,2,NA,NA,NA,NA,NA,NA,,0.0254469
2855,Main,SB-1B,SB-01B,2025,Control,ACSA,46.4,I,6,3,NA,NA,NA,NA,NA,NA,,0.169093083
2856,Main,SB-1B,SB-01B,2025,Control,FAGR,13.3,S,3,5,2,1,5,3,3,2,#929 possible second bud break,0.013892908
2857,Main,SB-1B,SB-01B,2025,Control,ACSA,15.9,S,6,2,NA,NA,NA,NA,NA,NA,#930,0.019855651
2858,Main,SB-2,SB-02,2025,Control,FAGR,56.6,C,5,4,2,1,4,3,3,2,#511; SB1-41,0.251607014
2859,Main,SB-2,SB-02,2025,Control,ACSA,83.5,D,6,2,NA,NA,NA,NA,NA,NA,,0.547599234
2860,Main,SB-2,SB-02,2025,Control,FAGR,45.7,I,5,4,1,3,4,3,3,3,,0.164029621
2861,Main,SB-2,SB-02,2025,Control,ACSA,46.1,I,6,2,NA,NA,NA,NA,NA,NA,,0.166913603
2862,Main,SB-2,SB-02,2025,Control,ACSA,19.6,S,6,2,NA,NA,NA,NA,NA,NA,,0.030171856
2863,Main,SB-2,SB-02,2025,Control,ACSA,61.2,C,6,2,NA,NA,NA,NA,NA,NA,,0.29416617
2864,Main,SB-2,SB-02,2025,Control,ACSA,17.2,S,6,2,NA,NA,NA,NA,NA,NA,weird; frost rib,0.023235219
2865,Main,SB-2,SB-02,2025,Control,ACSA,33.8,C,6,2,NA,NA,NA,NA,NA,NA,,0.089727028
2866,Main,SB-2,SB-02,2025,Control,ACSA,56.4,C,6,2,NA,NA,NA,NA,NA,NA,,0.249832014
2867,Main,SB-2,SB-02,2025,Control,FAGR,19.3,I,4,5,2,3,4,3,4,4,possible second flush,0.029255296
2868,Main,SB-2A,SB-02A,2025,Control,SNAG,94.2,DEAD,1,7,NA,NA,NA,NA,NA,NA,"center tree died, snapped in half, now there is a large canopy gap",0.696934056
2869,Main,SB-2A,SB-02A,2025,Control,ACSA,14.8,I,6,2,NA,NA,NA,NA,NA,NA,#896,0.017203361
2870,Main,SB-2A,SB-02A,2025,Control,ACSA,18.8,I,6,2,NA,NA,NA,NA,NA,NA,#895,0.027759113
2871,Main,SB-2A,SB-02A,2025,Control,FAGR,17.1,S,4,4,1,3,4,3,4,3,,0.022965828
2872,Main,SB-2A,SB-02A,2025,Control,ACSA,15.3,I,6,2,NA,NA,NA,NA,NA,NA,#898,0.018385386
2873,Main,SB-2A,SB-02A,2025,Control,ACSA,14.6,I,6,2,NA,NA,NA,NA,NA,NA,,0.016741547
2874,Main,SB-2A,SB-02A,2025,Control,SNAG,15.4,DEAD,1,7,NA,NA,NA,NA,NA,NA,broken by center tree,0.018626503
2875,Main,SB-2A,SB-02A,2025,Control,SNAG,43.8,DEAD,1,8,NA,NA,NA,NA,NA,NA,,0.150673925
2876,Main,SB-2A,SB-02A,2025,Control,ACSA,73.3,D,6,2,NA,NA,NA,NA,NA,NA,,0.421985794
2877,Main,SB-2A,SB-02A,2025,Control,ACSA,18.7,I,6,2,NA,NA,NA,NA,NA,NA,,0.027464588
2878,Main,SB-2B,SB-02B,2025,Control,FAGR,28.7,C,4,4,2,3,3,3,4,4,#910,0.064692461
2879,Main,SB-2B,SB-02B,2025,Control,SNAG,63,DEAD,1,8,NA,NA,NA,NA,NA,NA,,0.311724531
2880,Main,SB-2B,SB-02B,2025,Control,FAGR,68,D,5,2,1,3,2,3,4,4,,0.363168111
2881,Main,SB-2B,SB-02B,2025,Control,FAGR,65.5,C,4,4,2,3,3,3,4,4,,0.336955447
2882,Main,SB-2B,SB-02B,2025,Control,SNAG,83.6,DEAD,1,8,NA,NA,NA,NA,NA,NA,,0.548911635
2883,Main,SB-2B,SB-02B,2025,Control,SNAG,110.3,DEAD,1,8,NA,NA,NA,NA,NA,NA,,0.955522474
2884,Main,SB-2B,SB-02B,2025,Control,FAGR,33.1,I,4,4,2,1,3,3,4,4,,0.086049008
2885,Main,SB-2B,SB-02B,2025,Control,FAGR,16.7,I,4,4,1,3,4,3,3,2,,0.021903969
2886,Main,SB-3A,SB-03A,2025,Control,FAGR,65.2,C,5,4,2,1,4,3,4,4,,0.333875901
2887,Main,SB-3A,SB-03A,2025,Control,ACSA,17.9,S,6,2,NA,NA,NA,NA,NA,NA,,0.025164943
2888,Main,SB-3A,SB-03A,2025,Control,ACSA,21,S,6,2,NA,NA,NA,NA,NA,NA,,0.034636059
2889,Main,SB-3A,SB-03A,2025,Control,LITU,117.2,D,6,2,NA,NA,NA,NA,NA,NA,,1.078810351
2890,Main,SB-3A,SB-03A,2025,Control,FAGR,18.9,I,4,4,1,3,4,3,3,1,lots of necrosis,0.028055208
2891,Main,SB-3A,SB-03A,2025,Control,FAGR,18.7,S,4,4,2,1,4,3,4,2,,0.027464588
2892,Main,SB-3A,SB-03A,2025,Control,SNAG,14,DEAD,1,1,NA,NA,NA,NA,NA,NA,,0.015393804
2893,Main,SB-3A,SB-03A,2025,Control,FAGR,81.4,C,5,3,1,3,3,3,2,1,second bud break?,0.520401681
2894,Main,SB-3A,SB-03A,2025,Control,ACSA,15.5,S,6,2,NA,NA,NA,NA,NA,NA,,0.018869191
2895,Main,SB-3B,SB-03B,2025,Control,FAGR,52.4,I,4,4,3,1,3,3,4,3,#889; lots of white dots on trunk BBD,0.215651486
2896,Main,SB-3B,SB-03B,2025,Control,FAGR,62.8,C,5,4,2,3,3,3,3,2,#888,0.309748469
2897,Main,SB-3B,SB-03B,2025,Control,ACSA,15.1,S,6,2,NA,NA,NA,NA,NA,NA,,0.017907864
2898,Main,SB-3B,SB-03B,2025,Control,ACSA,14.9,S,6,1,NA,NA,NA,NA,NA,NA,,0.017436625
2899,Main,SB-3B,SB-03B,2025,Control,FAGR,38,I,5,3,1,3,3,3,3,4,,0.113411495
2900,Main,SB-3B,SB-03B,2025,Control,ACSA,32.2,C,6,2,NA,NA,NA,NA,NA,NA,,0.081433223
2901,Main,SC-1,SC-01,2025,Lime,FAGR,34.6,I,5,3,2,1,3,1,2,3,#2,0.094024727
2902,Main,SC-1,SC-01,2025,Lime,ACRU,70,I,6,2,NA,NA,NA,NA,NA,NA,,0.3848451
2903,Main,SC-1,SC-01,2025,Lime,ACRU,47.7,C,6,2,NA,NA,NA,NA,NA,NA,#1,0.178700859
2904,Main,SC-1,SC-01,2025,Lime,QURU,79.2,C,6,2,NA,NA,NA,NA,NA,NA,,0.492651994
2905,Main,SC-1,SC-01,2025,Lime,QURU,79.6,C,6,2,NA,NA,NA,NA,NA,NA,,0.497640843
2906,Main,SC-1,SC-01,2025,Lime,QURU,64.3,C,5,3,NA,NA,NA,NA,NA,NA,#3,0.324722085
2907,Main,SC-1,SC-01,2025,Lime,SNAG,44.3,DEAD,1,8,NA,NA,NA,NA,NA,NA,#14,0.154133604
2908,Main,SC-1,SC-01,2025,Lime,ACSA,33.8,I,4,4,NA,NA,NA,NA,NA,NA,#17,0.089727028
2909,Main,SC-10,SC-10,2025,TSP,FAGR,4.9,S,3,5,2,3,5,3,4,3,,0.001885741
2910,Main,SC-10,SC-10,2025,TSP,ACSA,79.1,C,6,3,NA,NA,NA,NA,NA,NA,#419,0.491408708
2911,Main,SC-10,SC-10,2025,TSP,SNAG,26.7,DEAD,1,8,NA,NA,NA,NA,NA,NA,trunk snapped off,0.05599025
2912,Main,SC-10,SC-10,2025,TSP,ACSA,12.9,S,6,2,NA,NA,NA,NA,NA,NA,#413,0.013069811
2913,Main,SC-10,SC-10,2025,TSP,ACSA,44.7,C,6,2,NA,NA,NA,NA,NA,NA,#444,0.156929622
2914,Main,SC-10,SC-10,2025,TSP,ACSA,39.7,C,5,3,NA,NA,NA,NA,NA,NA,,0.123785819
2915,Main,SC-10,SC-10,2025,TSP,ACSA,16.5,S,6,1,NA,NA,NA,NA,NA,NA,,0.021382465
2916,Main,SC-10,SC-10,2025,TSP,ACRU,79.8,C,6,2,NA,NA,NA,NA,NA,NA,#440,0.500144692
2917,Main,SC-3,SC-03,2025,TSP,FAGR,5,S,5,3,2,2,3,3,3,3,,0.001963495
2918,Main,SC-3,SC-03,2025,TSP,ACRU,76.3,C,6,2,NA,NA,NA,NA,NA,NA,,0.457234463
2919,Main,SC-3,SC-03,2025,TSP,ACRU,98.8,C,6,3,NA,NA,NA,NA,NA,NA,,0.766661705
2920,Main,SC-3,SC-03,2025,TSP,ACSA,14.1,S,6,2,NA,NA,NA,NA,NA,NA,,0.015614501
2921,Main,SC-3,SC-03,2025,TSP,ACRU,57.7,C,6,2,NA,NA,NA,NA,NA,NA,#152,0.261481825
2922,Main,SC-3,SC-03,2025,TSP,ACRU,81,C,6,2,NA,NA,NA,NA,NA,NA,#153,0.515299735
2923,Main,SC-3,SC-03,2025,TSP,ACSA,44.4,I,6,2,NA,NA,NA,NA,NA,NA,,0.154830252
2924,Main,SC-3,SC-03,2025,TSP,FAGR,15.8,S,5,3,1,3,3,3,3,4,,0.01960668
2925,Main,SC-3,SC-03,2025,TSP,ACSA,35.1,I,5,3,NA,NA,NA,NA,NA,NA,,0.096761839
2926,Main,SC-5,SC-05,2025,Control,FAGR,11,S,6,2,2,1,2,3,2,2,#243,0.009503318
2927,Main,SC-5,SC-05,2025,Control,QURU,66.7,C,6,3,NA,NA,NA,NA,NA,NA,#239,0.349415004
2928,Main,SC-5,SC-05,2025,Control,SNAG,30.5,DEAD,1,7,NA,NA,NA,NA,NA,NA,#242,0.073061664
2929,Main,SC-5,SC-05,2025,Control,ACRU,62.5,C,6,2,NA,NA,NA,NA,NA,NA,,0.306796158
2930,Main,SC-5,SC-05,2025,Control,ACRU,19.4,S,6,2,NA,NA,NA,NA,NA,NA,,0.029559245
2931,Main,SC-5,SC-05,2025,Control,ACSA,28.1,I,5,3,NA,NA,NA,NA,NA,NA,,0.062015824
2932,Main,SC-5,SC-05,2025,Control,ACRU,36.1,I,5,3,NA,NA,NA,NA,NA,NA,,0.102353874
2933,Main,SC-5,SC-05,2025,Control,ACRU,17.6,S,6,2,NA,NA,NA,NA,NA,NA,TOPPED OFF #252,0.024328494
2934,Main,SC-5,SC-05,2025,Control,ACRU,17.9,S,6,2,NA,NA,NA,NA,NA,NA,#251,0.025164943
2935,Main,SC-5,SC-05,2025,Control,ACRU,13,S,6,2,NA,NA,NA,NA,NA,NA,#250,0.013273229
2936,Main,SC-5,SC-05,2025,Control,ACRU,18.6,S,6,2,NA,NA,NA,NA,NA,NA,#248,0.027171635
2937,Main,SC-5,SC-05,2025,Control,QURU,79.3,C,6,3,NA,NA,NA,NA,NA,NA,#233,0.49389685
2938,Main,SC-7,SC-07,2025,Lime,FAGR,7.2,S,3,4,1,3,4,3,3,3,#335,0.004071504
2939,Main,SC-7,SC-07,2025,Lime,ACSA,13.4,S,6,2,NA,NA,NA,NA,NA,NA,#299; bent over,0.014102609
2940,Main,SC-7,SC-07,2025,Lime,FAGR,20.6,I,4,5,2,1,4,3,3,3,#298; has vitis in canopy,0.033329156
2941,Main,SC-7,SC-07,2025,Lime,FAGR,75.7,D,5,3,1,3,3,3,2,2,#294; vitis in canopy,0.450071632
2942,Main,SC-7,SC-07,2025,Lime,FAGR,37.6,C,4,4,1,1,4,3,3,3,#296; vitis in canopy,0.111036451
2943,Main,SC-7,SC-07,2025,Lime,FAGR,15.9,S,4,5,2,3,4,3,3,3,#297,0.019855651
2944,Main,SC-7,SC-07,2025,Lime,SNAG,28.6,DEAD,1,8,NA,NA,NA,NA,NA,NA,,0.064242428
2945,Main,SC-7,SC-07,2025,Lime,ACSA,45.8,C,6,1,NA,NA,NA,NA,NA,NA,,0.16474826
2946,Main,SC-7,SC-07,2025,Lime,SNAG,18.3,DEAD,1,8,NA,NA,NA,NA,NA,NA,,0.026302199
2947,Main,SC-7,SC-07,2025,Lime,ACSA,43.7,I,6,2,NA,NA,NA,NA,NA,NA,,0.149986702
2948,Main,SC-7,SC-07,2025,Lime,PRSE,13.6,I,6,2,NA,NA,NA,NA,NA,NA,#332,0.014526724
2949,Main,SC-7,SC-07,2025,Lime,ACSA,41.1,I,6,2,NA,NA,NA,NA,NA,NA,#331; vitis in canopy,0.132670243
2950,Main,SC-7,SC-07,2025,Lime,ACSA,53.5,C,6,2,NA,NA,NA,NA,NA,NA,#323; vitis in canopy,0.224800589
2951,Main,SC-8,SC-08,2025,X-trt,FAGR,58,C,5,3,2,2,3,3,1,0,"#363, more BLD than 2024",0.264207942
2952,Main,SC-8,SC-08,2025,X-trt,FAGR,50.6,C,5,3,2,2,3,3,0,0,#362,0.201090204
2953,Main,SC-8,SC-08,2025,X-trt,ACSA,27.3,S,6,2,NA,NA,NA,NA,NA,NA,#361,0.05853494
2954,Main,SC-8,SC-08,2025,X-trt,ACSA,41.8,I,4,4,NA,NA,NA,NA,NA,NA,#360,0.137227909
2955,Main,SC-8,SC-08,2025,X-trt,FAGR,56,C,6,2,1,3,2,3,1,0,,0.246300864
2956,Main,SC-8,SC-08,2025,X-trt,PRSE,67.7,C,5,3,NA,NA,NA,NA,NA,NA,,0.359970755
2957,Main,SC-8,SC-08,2025,X-trt,ACRU,45.7,I,6,2,NA,NA,NA,NA,NA,NA,#364,0.164029621
2958,Main,SC-8,SC-08,2025,X-trt,FAGR,39.6,C,6,2,1,3,2,3,1,0,#365,0.123162998
2959,Main,SC-8,SC-08,2025,X-trt,SNAG,37.7,DEAD,1,7,NA,NA,NA,NA,NA,NA,#366,0.111627856
2960,Main,SC-8,SC-08,2025,X-trt,SNAG,53.4,DEAD,1,8,NA,NA,NA,NA,NA,NA,#342,0.223960999
2961,Main,SC-8,SC-08,2025,X-trt,SNAG,22.1,DEAD,1,7,NA,NA,NA,NA,NA,NA,#343,0.038359632
2962,Main,SC-9,SC-09,2025,Control,FAGR,12.2,I,4,5,1,3,4,3,3,3,"#935, 2 stemmed, always measured larger stem but it is toped off, 10.4 for small",0.011689866
2963,Main,SC-9,SC-09,2025,Control,ACRU,18.4,I,5,3,NA,NA,NA,NA,NA,NA,,0.02659044
2964,Main,SC-9,SC-09,2025,Control,LITU,18.6,I,5,3,NA,NA,NA,NA,NA,NA,covered in vitis,0.027171635
2965,Main,SC-9,SC-09,2025,Control,SNAG,45.8,DEAD,1,8,NA,NA,NA,NA,NA,NA,#396,0.16474826
2966,Main,SC-9,SC-09,2025,Control,SNAG,42.4,DEAD,1,8,NA,NA,NA,NA,NA,NA,#399,0.14119574
2967,Main,SC-9,SC-09,2025,Control,ACRU,25.3,I,6,2,NA,NA,NA,NA,NA,NA,#372,0.050272551
2968,Main,SC-9,SC-09,2025,Control,ACSA,36.5,S,6,2,NA,NA,NA,NA,NA,NA,topped off,0.10463467
2969,Main,SC-9,SC-09,2025,Control,ACSA,20.3,I,6,2,NA,NA,NA,NA,NA,NA,#374,0.032365473
2970,Main,SC-9,SC-09,2025,Control,SNAG,29,DEAD,1,8,NA,NA,NA,NA,NA,NA,#377,0.066051986
2971,Main,SC-9,SC-09,2025,Control,ACRU,77.8,D,6,2,NA,NA,NA,NA,NA,NA,#378,0.475388942
2972,Main,SC-9,SC-09,2025,Control,SNAG,33.1,DEAD,1,8,NA,NA,NA,NA,NA,NA,#392,0.086049008
2973,Main,SP-1,SP-01,2025,Control,FAGR,36,C,6,2,2,2,2,3,0,0,,0.101787602
2974,Main,SP-1,SP-01,2025,Control,QURU,57.5,C,6,3,NA,NA,NA,NA,NA,NA,,0.259672268
2975,Main,SP-1,SP-01,2025,Control,FAGR,63.4,C,6,3,1,3,3,3,0,0,,0.315695504
2976,Main,SP-1,SP-01,2025,Control,PRSE,65.9,C,5,3,NA,NA,NA,NA,NA,NA,,0.3410835
2977,Main,SP-1,SP-01,2025,Control,ACRU,24.7,I,6,2,NA,NA,NA,NA,NA,NA,,0.047916357
2978,Main,SP-1,SP-01,2025,Control,QUVE,60.4,C,5,3,NA,NA,NA,NA,NA,NA,Black oak?,0.286525816
2979,Main,SP-1,SP-01,2025,Control,ACRU,19.9,S,4,4,NA,NA,NA,NA,NA,NA,,0.031102553
2980,Main,SP-1,SP-01,2025,Control,SNAG,14.1,DEAD,1,8,NA,NA,NA,NA,NA,NA,maple,0.015614501
2981,Main,SP-1,SP-01,2025,Control,PRSE,44.2,C,5,4,NA,NA,NA,NA,NA,NA,,0.153438527
2982,Main,SP-1,SP-01,2025,Control,FAGR,26.8,S,6,2,1,3,2,3,0,0,,0.056410438
2983,Main,SP-1,SP-01,2025,Control,ACRU,18.8,S,5,3,NA,NA,NA,NA,NA,NA,,0.027759113
2984,Main,SP-2,SP-02,2025,Control,FAGR,44.4,C,6,2,2,1,2,3,0,0,,0.154830252
2985,Main,SP-2,SP-02,2025,Control,PRSE,31.5,I,5,4,NA,NA,NA,NA,NA,NA,,0.077931133
2986,Main,SP-2,SP-02,2025,Control,ACRU,15.3,S,6,2,NA,NA,NA,NA,NA,NA,,0.018385386
2987,Main,SP-2,SP-02,2025,Control,ACRU,20.4,S,5,3,NA,NA,NA,NA,NA,NA,,0.03268513
2988,Main,SP-2,SP-02,2025,Control,ACRU,18.6,S,6,3,NA,NA,NA,NA,NA,NA,,0.027171635
2989,Main,SP-2,SP-02,2025,Control,ACRU,15,S,5,3,NA,NA,NA,NA,NA,NA,,0.017671459
2990,Main,SP-2,SP-02,2025,Control,QURU,27.5,S,5,3,NA,NA,NA,NA,NA,NA,,0.059395736
2991,Main,SP-2,SP-02,2025,Control,OSVI,15.7,S,6,2,NA,NA,NA,NA,NA,NA,,0.019359279
2992,Main,SP-2,SP-02,2025,Control,QURU,59.6,C,5,3,NA,NA,NA,NA,NA,NA,,0.278985994
2993,Main,SP-3,SP-03,2025,Control,FAGR,46.6,C,6,2,1,3,2,3,0,0,"Center tree, producing lots of nuts",0.170553924
2994,Main,SP-3,SP-03,2025,Control,SNAG,66.8,DEAD,1,8,NA,NA,NA,NA,NA,NA,,0.35046351
2995,Main,SP-3,SP-03,2025,Control,FAGR,16.8,I,6,2,1,3,2,3,0,0,,0.022167078
2996,Main,SP-3,SP-03,2025,Control,ACRU,50.4,C,5,3,NA,NA,NA,NA,NA,NA,,0.1995037
2997,Main,SP-3,SP-03,2025,Control,ACSA,28.7,I,6,2,NA,NA,NA,NA,NA,NA,,0.064692461
2998,Main,SP-3,SP-03,2025,Control,SNAG,30.3,DEAD,1,8,NA,NA,NA,NA,NA,NA,,0.07210662
2999,Main,SP-3,SP-03,2025,Control,ACRU,24,I,6,3,NA,NA,NA,NA,NA,NA,,0.045238934
3000,Main,SV-1,SV-01,2025,TSP,FAGR,59.4,C,4,5,2,2,4,3,4,3,#2425,0.277116746
3001,Main,SV-1,SV-01,2025,TSP,QURU,66,C,6,2,NA,NA,NA,NA,NA,NA,#2421,0.34211944
3002,Main,SV-1,SV-01,2025,TSP,FAGR,13.8,S,3,5,2,3,4,3,2,4,,0.014957123
3003,Main,SV-1,SV-01,2025,TSP,ACSA,47.5,C,6,2,NA,NA,NA,NA,NA,NA,#2407,0.177205461
3004,Main,SV-1,SV-01,2025,TSP,SNAG,13.2,DEAD,7,NA,NA,NA,NA,NA,NA,NA,#2406,0.013684778
3005,Main,SV-1,SV-01,2025,TSP,QURU,52.4,C,6,2,NA,NA,NA,NA,NA,NA,#2409,0.215651486
3006,Main,SV-1,SV-01,2025,TSP,QURU,75,C,6,2,NA,NA,NA,NA,NA,NA,#2411,0.441786467
3007,Main,SV-1,SV-01,2025,TSP,ACRU,12.9,S,6,3,NA,NA,NA,NA,NA,NA,,0.013069811
3008,Main,SV-10,SV-10,2025,Lime,FAGR,3.8,S,4,4,2,1,4,3,3,3,,0.001134115
3009,Main,SV-10,SV-10,2025,Lime,ACSA,22.5,S,6,2,NA,NA,NA,NA,NA,NA,#2801,0.039760782
3010,Main,SV-10,SV-10,2025,Lime,QURU,83.4,C,5,3,NA,NA,NA,NA,NA,NA,#2797,0.546288405
3011,Main,SV-10,SV-10,2025,Lime,ACSA,24,S,6,2,NA,NA,NA,NA,NA,NA,#282,0.045238934
3012,Main,SV-10,SV-10,2025,Lime,CARYA,47.8,C,6,3,NA,NA,NA,NA,NA,NA,bitternut,0.179450914
3013,Main,SV-10,SV-10,2025,Lime,LITU,73.8,C,6,2,NA,NA,NA,NA,NA,NA,#2817,0.427762397
3014,Main,SV-10,SV-10,2025,Lime,LITU,69.8,C,6,2,NA,NA,NA,NA,NA,NA,#2816,0.382649127
3015,Main,SV-10,SV-10,2025,Lime,ACSA,29.1,I,6,2,NA,NA,NA,NA,NA,NA,#2803,0.066508302
3016,Main,SV-10,SV-10,2025,Lime,ACSA,25.7,S,5,3,NA,NA,NA,NA,NA,NA,#2802,0.051874763
3017,Main,SV-10,SV-10,2025,Lime,CARYA,23.5,I,6,2,NA,NA,NA,NA,NA,NA,,0.043373614
3018,Main,SV-10,SV-10,2025,Lime,CARYA,26,I,6,2,NA,NA,NA,NA,NA,NA,,0.053092916
3019,Main,SV-10,SV-10,2025,Lime,ACSA,29.4,I,6,3,NA,NA,NA,NA,NA,NA,,0.067886676
3020,Main,SV-10,SV-10,2025,Lime,CARYA,25.8,S,6,2,NA,NA,NA,NA,NA,NA,bitternut; #2800,0.052279243
3021,Main,SV-10,SV-10,2025,Lime,CARYA,66.2,C,6,2,NA,NA,NA,NA,NA,NA,big frost rib; bitternut; connected,0.344196033
3022,Main,SV-10,SV-10,2025,Lime,CARYA,50.3,C,6,2,NA,NA,NA,NA,NA,NA,#2798; connected,0.198712804
3023,Main,SV-11,SV-11,2025,Control,FAGR,7.6,S,3,6,4,3,5,3,2,0,#2867,0.00453646
3024,Main,SV-11,SV-11,2025,Control,PRSE,52.7,C,6,2,NA,NA,NA,NA,NA,NA,,0.218127847
3025,Main,SV-11,SV-11,2025,Control,LITU,70.9,C,6,2,NA,NA,NA,NA,NA,NA,,0.394804734
3026,Main,SV-11,SV-11,2025,Control,SNAG,25.3,DEAD,1,8,NA,NA,NA,NA,NA,NA,#2872,0.050272551
3027,Main,SV-11,SV-11,2025,Control,ACSA,22.4,S,6,2,NA,NA,NA,NA,NA,NA,#2871,0.039408138
3028,Main,SV-11,SV-11,2025,Control,ACRU,29.4,S,6,2,NA,NA,NA,NA,NA,NA,#2865,0.067886676
3029,Main,SV-11,SV-11,2025,Control,ACRU,20.6,S,6,2,NA,NA,NA,NA,NA,NA,,0.033329156
3030,Main,SV-11,SV-11,2025,Control,QURU,73.9,C,6,2,NA,NA,NA,NA,NA,NA,,0.42892243
3031,Main,SV-11,SV-11,2025,Control,PRSE,54.7,C,6,2,NA,NA,NA,NA,NA,NA,#2863,0.234998199
3032,Main,SV-11,SV-11,2025,Control,BELE,44.3,I,6,2,NA,NA,NA,NA,NA,NA,#2861,0.154133604
3033,Main,SV-11,SV-11,2025,Control,TSCA,14.4,S,3,6,NA,NA,NA,NA,NA,NA,#2860; topped,0.016286016
3034,Main,SV-11,SV-11,2025,Control,SNAG,38.2,DEAD,1,8,NA,NA,NA,NA,NA,NA,#2838; PRSE,0.114608442
3035,Main,SV-11,SV-11,2025,Control,ACRU,48,C,6,2,NA,NA,NA,NA,NA,NA,,0.180955737
3036,Main,SV-11,SV-11,2025,Control,ACSA,39.9,I,6,2,NA,NA,NA,NA,NA,NA,#2835,0.125036173
3037,Main,SV-11,SV-11,2025,Control,PRSE,29.4,S,4,4,NA,NA,NA,NA,NA,NA,#2832,0.067886676
3038,Main,SV-12,SV-12,2025,TSP,FAGR,10,S,3,5,4,3,4,3,3,4,#2884,0.007853982
3039,Main,SV-12,SV-12,2025,TSP,NYSY,36.4,I,6,2,NA,NA,NA,NA,NA,NA,#2907,0.104062115
3040,Main,SV-12,SV-12,2025,TSP,ACRU,72.3,C,6,2,NA,NA,NA,NA,NA,NA,#2910,0.410550397
3041,Main,SV-12,SV-12,2025,TSP,ACSA,18.8,S,6,2,NA,NA,NA,NA,NA,NA,#2906,0.027759113
3042,Main,SV-12,SV-12,2025,TSP,CARYA,35.6,S,6,2,NA,NA,NA,NA,NA,NA,#2905; snag bank,0.099538222
3043,Main,SV-12,SV-12,2025,TSP,ACSA,25.5,S,6,2,NA,NA,NA,NA,NA,NA,#2901,0.051070516
3044,Main,SV-12,SV-12,2025,TSP,SNAG,18,DEAD,1,8,NA,NA,NA,NA,NA,NA,#2888,0.0254469
3045,Main,SV-12,SV-12,2025,TSP,QURU,59.1,C,6,2,NA,NA,NA,NA,NA,NA,#2887,0.274324656
3046,Main,SV-12,SV-12,2025,TSP,QURU,66.5,C,6,3,NA,NA,NA,NA,NA,NA,#2889,0.347322703
3047,Main,SV-12,SV-12,2025,TSP,ACRU,69.3,I,6,2,NA,NA,NA,NA,NA,NA,#2885,0.377186683
3048,Main,SV-12,SV-12,2025,TSP,PRSE,59.8,C,6,3,NA,NA,NA,NA,NA,NA,#2881,0.280861525
3049,Main,SV-12,SV-12,2025,TSP,ACSA,18.4,S,3,5,NA,NA,NA,NA,NA,NA,#2886,0.02659044
3050,Main,SV-2,SV-02,2025,Lime,FAGR,12.4,S,4,5,3,3,3,3,2,2,#2468,0.012076282
3051,Main,SV-2,SV-02,2025,Lime,CARYA,41.2,C,6,2,NA,NA,NA,NA,NA,NA,#2466,0.133316626
3052,Main,SV-2,SV-02,2025,Lime,FAGR,48.9,C,4,5,1,3,3,3,3,3,#2461,0.187805194
3053,Main,SV-2,SV-02,2025,Lime,FAGR,20,S,5,3,2,1,3,3,4,3,#2462,0.031415927
3054,Main,SV-2,SV-02,2025,Lime,SNAG,62,DEAD,8,NA,NA,NA,NA,NA,NA,NA,,0.301907054
3055,Main,SV-2,SV-02,2025,Lime,FAGR,15.5,S,2,6,6,2,6,3,4,2,#2469,0.018869191
3056,Main,SV-2,SV-02,2025,Lime,FAGR,79.4,C,5,3,2,1,2,3,3,2,#2475,0.495143277
3057,Main,SV-2,SV-02,2025,Lime,SNAG,35.7,DEAD,8,NA,NA,NA,NA,NA,NA,NA,#2456,0.100098211
3058,Main,SV-2,SV-02,2025,Lime,FAGR,62,C,5,3,2,1,3,3,3,3,#2457; fruiting,0.301907054
3059,Main,SV-2,SV-02,2025,Lime,FAGR,15.2,S,4,5,1,3,3,3,3,3,#2458,0.018145839
3060,Main,SV-2,SV-02,2025,Lime,FAGR,13.8,S,3,6,4,3,4,3,4,2,#2459; fruiting,0.014957123
3061,Main,SV-2,SV-02,2025,Lime,ACSA,29,I,6,2,NA,NA,NA,NA,NA,NA,,0.066051986
3062,Main,SV-3,SV-03,2025,Control,FAGR,38.5,C,5,3,3,1,3,3,2,2,#2501,0.116415643
3063,Main,SV-3,SV-03,2025,Control,FAGR,33.6,C,5,3,1,3,3,3,2,1,#2524,0.088668311
3064,Main,SV-3,SV-03,2025,Control,FAGR,30.5,C,5,3,2,3,3,3,3,2,#2527,0.073061664
3065,Main,SV-3,SV-03,2025,Control,FAGR,29.4,C,5,3,2,1,2,3,3,1,#2529,0.067886676
3066,Main,SV-3,SV-03,2025,Control,FAGR,23.7,C,5,3,2,3,3,3,4,2,#2532,0.044115029
3067,Main,SV-3,SV-03,2025,Control,FAGR,28.4,C,5,3,1,3,2,3,2,2,2497,0.063347074
3068,Main,SV-3,SV-03,2025,Control,PRSE,25,S,6,2,NA,NA,NA,NA,NA,NA,#2494,0.049087385
3069,Main,SV-3,SV-03,2025,Control,FAGR,42.2,C,5,3,1,3,2,3,2,2,#2499,0.139866847
3070,Main,SV-3,SV-03,2025,Control,ACSA,57.9,C,5,3,NA,NA,NA,NA,NA,NA,#2502,0.263297666
3071,Main,SV-3,SV-03,2025,Control,FAGR,14.9,S,4,4,2,1,3,3,3,2,#2498,0.017436625
3072,Main,SV-3,SV-03,2025,Control,FAGR,96.6,C,5,3,2,1,2,3,3,2,,0.732899009
3073,Main,SV-4,SV-04,2025,X-Trt,FAGR,32.4,C,4,5,2,1,4,3,4,4,#2579,0.082447958
3074,Main,SV-4,SV-04,2025,X-Trt,SNAG,19.5,DEAD,8,NA,NA,NA,NA,NA,NA,NA,"#2573, FAGR?",0.029864765
3075,Main,SV-4,SV-04,2025,X-Trt,FAGR,18.3,S,3,6,2,3,4,3,3,3,covered in vitis,0.026302199
3076,Main,SV-4,SV-04,2025,X-Trt,ACSA,74.6,D,5,3,NA,NA,NA,NA,NA,NA,,0.437086644
3077,Main,SV-4,SV-04,2025,X-Trt,FAGR,19.3,I,5,3,1,3,2,3,2,0,,0.029255296
3078,Main,SV-4,SV-04,2025,X-Trt,ACSA,15.5,I,6,2,NA,NA,NA,NA,NA,NA,#2583,0.018869191
3079,Main,SV-4,SV-04,2025,X-Trt,ACSA,14.3,S,6,2,NA,NA,NA,NA,NA,NA,#2585,0.016060607
3080,Main,SV-4,SV-04,2025,X-Trt,FAGR,25.9,I,5,3,2,1,3,3,2,2,#2586,0.052685294
3081,Main,SV-4,SV-04,2025,X-Trt,ACSA,25.5,C,6,2,NA,NA,NA,NA,NA,NA,#581,0.051070516
3082,Main,SV-4,SV-04,2025,X-Trt,ACSA,24.6,C,6,2,NA,NA,NA,NA,NA,NA,#2576; due to beech die back canopy opening and c cover class,0.047529155
3083,Main,SV-4,SV-04,2025,X-Trt,ACSA,35.4,C,6,2,NA,NA,NA,NA,NA,NA,#542,0.098422956
3084,Main,SV-4,SV-04,2025,X-Trt,FAGR,14.3,S,3,5,2,2,4,3,4,3,#2571; covered in vitis,0.016060607
3085,Main,SV-4,SV-04,2025,X-Trt,QURU,66.1,D,6,2,NA,NA,NA,NA,NA,NA,,0.343156951
3086,Main,SV-5,SV-05,2025,TSP,FAGR,56,C,6,3,2,1,3,3,3,2,#2595,0.246300864
3087,Main,SV-5,SV-05,2025,TSP,ACSA,49.8,C,5,3,NA,NA,NA,NA,NA,NA,#2605,0.194781886
3088,Main,SV-5,SV-05,2025,TSP,CARYA,76.3,D,6,3,NA,NA,NA,NA,NA,NA,,0.457234463
3089,Main,SV-5,SV-05,2025,TSP,ACRU,20.4,I,6,2,NA,NA,NA,NA,NA,NA,#2615,0.03268513
3090,Main,SV-5,SV-05,2025,TSP,FAGR,18.1,S,3,5,2,3,5,3,3,4,#2613,0.025730429
3091,Main,SV-5,SV-05,2025,TSP,QURU,72.9,D,6,3,NA,NA,NA,NA,NA,NA,#2611,0.417392785
3092,Main,SV-5,SV-05,2025,TSP,ACRU,22.3,S,6,2,NA,NA,NA,NA,NA,NA,#2610,0.039057065
3093,Main,SV-5,SV-05,2025,TSP,CARYA,12.7,S,6,2,NA,NA,NA,NA,NA,NA,#2603,0.012667687
3094,Main,SV-5,SV-05,2025,TSP,FAGR,48.8,C,5,4,2,1,3,3,3,3,#2625,0.18703786
3095,Main,SV-5,SV-05,2025,TSP,SNAG,16.4,DEAD,1,7,NA,NA,NA,NA,NA,NA,,0.021124069
3096,Main,SV-6,SV-06,2025,Lime,FAGR,39,I,4,4,2,1,4,3,4,3,#2655; second flush,0.119459061
3097,Main,SV-6,SV-06,2025,Lime,SNAG,74.4,DEAD,1,7,NA,NA,NA,NA,NA,NA,,0.434746158
3098,Main,SV-6,SV-06,2025,Lime,ACSA,53.6,C,6,3,NA,NA,NA,NA,NA,NA,#2651,0.225641751
3099,Main,SV-6,SV-06,2025,Lime,FAGR,16.5,S,4,4,2,1,4,3,4,4,#2653,0.021382465
3100,Main,SV-6,SV-06,2025,Lime,SNAG,18.1,DEAD,1,7,NA,NA,NA,NA,NA,NA,#2657; FAGR,0.025730429
3101,Main,SV-6,SV-06,2025,Lime,ACSA,42.2,C,5,3,NA,NA,NA,NA,NA,NA,#2658,0.139866847
3102,Main,SV-6,SV-06,2025,Lime,FAGR,48.5,I,5,3,1,3,3,3,4,3,#2664,0.184745283
3103,Main,SV-6,SV-06,2025,Lime,CARYA,48,C,6,2,NA,NA,NA,NA,NA,NA,#2671,0.180955737
3104,Main,SV-6,SV-06,2025,Lime,ACRU,13.8,S,6,2,NA,NA,NA,NA,NA,NA,,0.014957123
3105,Main,SV-6,SV-06,2025,Lime,ACSA,18,I,4,5,NA,NA,NA,NA,NA,NA,,0.0254469
3106,Main,SV-7,SV-07,2025,Control,FAGR,11.7,S,3,5,2,1,4,3,3,3,#2749,0.010751315
3107,Main,SV-7,SV-07,2025,Control,QURU,63.2,C,6,2,NA,NA,NA,NA,NA,NA,#2742,0.313706876
3108,Main,SV-7,SV-07,2025,Control,QURU,69.8,C,6,2,NA,NA,NA,NA,NA,NA,#2722,0.382649127
3109,Main,SV-7,SV-07,2025,Control,FAGR,12.8,S,4,3,1,3,2,3,2,0,#2723,0.012867964
3110,Main,SV-7,SV-07,2025,Control,QURU,90.5,C,6,2,NA,NA,NA,NA,NA,NA,#2756,0.643260731
3111,Main,SV-7,SV-07,2025,Control,QURU,69,C,6,3,NA,NA,NA,NA,NA,NA,#752; 2752?,0.373928066
3112,Main,SV-7,SV-07,2025,Control,QURU,94.7,C,6,3,NA,NA,NA,NA,NA,NA,#2747,0.704352142
3113,Main,SV-7,SV-07,2025,Control,QURU,43.5,I,6,2,NA,NA,NA,NA,NA,NA,#2727,0.148616967
3114,Main,SV-7,SV-07,2025,Control,ACRU,18.7,S,6,2,NA,NA,NA,NA,NA,NA,#2726,0.027464588
3115,Main,SV-8,SV-08,2025,X-Trt,FAGR,5,S,5,3,1,3,3,3,1,0,,0.001963495
3116,Main,SV-8,SV-08,2025,X-Trt,ACRU,15,S,6,2,NA,NA,NA,NA,NA,NA,,0.017671459
3117,Main,SV-8,SV-08,2025,X-Trt,CARYA,33.8,C,6,2,NA,NA,NA,NA,NA,NA,shagbark,0.089727028
3118,Main,SV-8,SV-08,2025,X-Trt,ACRU,32.5,C,5,3,NA,NA,NA,NA,NA,NA,,0.082957681
3119,Main,SV-8,SV-08,2025,X-Trt,ACRU,26.2,I,6,2,NA,NA,NA,NA,NA,NA,#695,0.053912872
3120,Main,SV-8,SV-08,2025,X-Trt,ACRU,16.8,I,6,3,NA,NA,NA,NA,NA,NA,,0.022167078
3121,Main,SV-8,SV-08,2025,X-Trt,SNAG,119,DEAD,1,8,NA,NA,NA,NA,NA,NA,,1.112202339
3122,Main,SV-8,SV-08,2025,X-Trt,ACRU,23.5,I,6,2,NA,NA,NA,NA,NA,NA,#2696,0.043373614
3123,Main,SV-8,SV-08,2025,X-Trt,ACRU,18.3,S,6,1,NA,NA,NA,NA,NA,NA,#2692,0.026302199
3124,Main,SV-8,SV-08,2025,X-Trt,ACRU,16.7,I,6,3,NA,NA,NA,NA,NA,NA,#2698,0.021903969
3125,Main,SV-8,SV-08,2025,X-Trt,CARYA,20.5,S,6,2,NA,NA,NA,NA,NA,NA,#2696,0.033006358
3126,Main,SV-8,SV-08,2025,X-Trt,CARYA,33.7,C,6,2,NA,NA,NA,NA,NA,NA,#2700; attached,0.089196884
3127,Main,SV-8,SV-08,2025,X-Trt,CARYA,22.2,S,6,2,NA,NA,NA,NA,NA,NA,attached,0.038707563
3128,Main,SV-8,SV-08,2025,X-Trt,ACRU,51.5,D,5,3,NA,NA,NA,NA,NA,NA,,0.208307228
3129,Main,SV-8,SV-08,2025,X-Trt,ACRU,19.4,S,4,4,NA,NA,NA,NA,NA,NA,,0.029559245
3130,Main,SV-9,SV-09,2025,X-Trt,FAGR,24.1,I,5,3,1,3,3,3,3,0,#2767,0.045616711
3131,Main,SV-9,SV-09,2025,X-Trt,CARYA,40.1,C,6,2,NA,NA,NA,NA,NA,NA,#2762,0.12629281
3132,Main,SV-9,SV-09,2025,X-Trt,LITU,56.9,C,6,2,NA,NA,NA,NA,NA,NA,#2791,0.254281295
3133,Main,SV-9,SV-09,2025,X-Trt,ACRU,35.2,I,6,2,NA,NA,NA,NA,NA,NA,#2790,0.097313974
3134,Main,SV-9,SV-09,2025,X-Trt,SNAG,73.4,DEAD,1,8,NA,NA,NA,NA,NA,NA,parital trunk,0.423137973
3135,Main,SV-9,SV-09,2025,X-Trt,FAGR,21.3,I,4,5,2,1,5,3,3,2,#2781,0.035632729
3136,Main,SV-9,SV-09,2025,X-Trt,FAGR,40.3,S,5,3,2,1,3,3,1,0,#2770,0.12755573
3137,Main,SV-9,SV-09,2025,X-Trt,QURU,83.2,C,6,3,NA,NA,NA,NA,NA,NA,#2768,0.543671458
3138,Main,SV-9,SV-09,2025,X-Trt,SNAG,17.3,DEAD,1,8,NA,NA,NA,NA,NA,NA,PRSE; #2765,0.023506182
3139,Main,WVHA-01,WVHA-01,2025,Control,FAGR,15.3,I,5,3,2,1,3,3,1,0,center tree,0.018385386
3140,Main,WVHA-01,WVHA-01,2025,Control,ACRU,47.4,C,5,3,NA,NA,NA,NA,NA,NA,#1691,0.176460118
3141,Main,WVHA-01,WVHA-01,2025,Control,QURU,21.2,I,6,2,NA,NA,NA,NA,NA,NA,#1692,0.035298935
3142,Main,WVHA-01,WVHA-01,2025,Control,FAGR,15.8,S,5,3,2,1,3,3,3,2,#1680,0.01960668
3143,Main,WVHA-01,WVHA-01,2025,Control,QURU,17.9,I,6,2,NA,NA,NA,NA,NA,NA,#1681,0.025164943
3144,Main,WVHA-01,WVHA-01,2025,Control,FAGR,19.6,S,5,4,2,1,4,3,2,2,#1682,0.030171856
3145,Main,WVHA-01,WVHA-01,2025,Control,QURU,14.4,I,6,3,NA,NA,NA,NA,NA,NA,#1683,0.016286016
3146,Main,WVHA-01,WVHA-01,2025,Control,FAGR,14.3,I,6,3,2,1,2,3,2,2,,0.016060607
3147,Main,WVHA-01,WVHA-01,2025,Control,TSCA,34.6,I,6,2,NA,NA,NA,NA,NA,NA,,0.094024727
3148,Main,WVHA-01,WVHA-01,2025,Control,SNAG,31.7,DEAD,1,8,NA,NA,NA,NA,NA,NA,#1684,0.078923876
3149,Main,WVHA-01,WVHA-01,2025,Control,NYSY,16,S,6,2,NA,NA,NA,NA,NA,NA,#1685,0.020106193
3150,Main,WVHA-01,WVHA-01,2025,Control,SAAL,50.9,C,5,3,NA,NA,NA,NA,NA,NA,#1686,0.203481742
3151,Main,WVHA-01,WVHA-01,2025,Control,SNAG,40.3,DEAD,1,8,NA,NA,NA,NA,NA,NA,,0.12755573
3152,Main,WVHA-01,WVHA-01,2025,Control,ACRU,41.5,C,5,3,NA,NA,NA,NA,NA,NA,#1891,0.135265199
3153,Main,WVHA-01,WVHA-01,2025,Control,FAGR,22.3,S,6,3,2,1,NA,3,1,1,#1687,0.039057065
3154,Main,WVHA-01,WVHA-01,2025,Control,NYSY,16.7,S,6,2,NA,NA,NA,NA,NA,NA,"#1593, #1574, #1594",0.021903969
3155,Main,WVHA-01,WVHA-01,2025,Control,SAAL,35,C,6,2,NA,NA,NA,NA,NA,NA,#1688,0.096211275
3156,Main,WVHA-01,WVHA-01,2025,Control,TSCA,35,C,6,2,NA,NA,NA,NA,NA,NA,#1682,0.096211275
3157,Main,WVHA-01,WVHA-01,2025,Control,NYSY,22.7,I,6,3,NA,NA,NA,NA,NA,NA,#1690,0.040470782
3158,Main,WVHA-01,WVHA-01,2025,Control,FAGR,13.9,S,4,4,2,1,4,3,3,2,#1679,0.015174678
3159,Main,WVHA-02,WVHA-02,2025,Control,FAGR,80.3,C,6,2,2,1,2,3,3,2,#1007,0.506431804
3160,Main,WVHA-02,WVHA-02,2025,Control,PRSE,33.5,C,6,2,NA,NA,NA,NA,NA,NA,,0.088141309
3161,Main,WVHA-02,WVHA-02,2025,Control,FAGR,19.9,I,5,3,2,1,3,3,4,3,#1006,0.031102553
3162,Main,WVHA-02,WVHA-02,2025,Control,ACRU,36.2,C,4,4,NA,NA,NA,NA,NA,NA,#1003 - check id from past,0.102921717
3163,Main,WVHA-02,WVHA-02,2025,Control,FAGR,25.7,I,5,4,2,1,4,3,2,2,#1009,0.051874763
3164,Main,WVHA-02,WVHA-02,2025,Control,FAGR,78.1,C,6,3,2,3,2,3,4,2,#1001,0.479062249
3165,Main,WVHA-02,WVHA-02,2025,Control,BELE,41.7,I,6,3,NA,NA,NA,NA,NA,NA,"black birch, #735",0.136572101
3166,Main,WVHA-02,WVHA-02,2025,Control,FAGR,15.6,I,4,4,2,1,4,1,3,3,#734,0.01911345
