"","plot_type","plot_id","plot_id_new","date","species","dbh","dieback","bld_present","percent_infected_bld","dominant_symptom_expression","remarks","basal_area_m2"
"1","Subplot","BP-01","BP-01",2023,"None",NA,NA,"",NA,"","None",0
"2","Subplot","BP-02","BP-02",2023,"None",NA,NA,"",NA,"","None",0
"3","Subplot","BW-1","BW-01",2023,"None",NA,NA,"",NA,"","None in subplot",0
"4","Subplot","BW-2","BW-02",2023,"None",NA,NA,"",NA,"","None in subplot",0
"5","Subplot","C-1","C-01",2023,"ACSA",6.1,1,"",NA,"","",0.0029224665660019
"6","Subplot","C-1","C-01",2023,"SNAG",3.1,8,"",NA,"","",0.000754767635024948
"7","Subplot","C-1","C-01",2023,"ACSA",5,3,"",NA,"","",0.00196349540849362
"8","Subplot","C-1","C-01",2023,"ACSA",4.1,1,"",NA,"","",0.00132025431267111
"9","Subplot","C-10","C-10",2023,"ACSA",4.9,2,"",NA,"","",0.00188574099031727
"10","Subplot","C-10","C-10",2023,"ACSA",3.7,1,"",NA,"","",0.00107521008569111
"11","Subplot","C-11","C-11",2023,"FAGR",1.5,2,"Y",1,"0","",0.000176714586764426
"12","Subplot","C-11","C-11",2023,"FAGR",1,2,"Y",1,"0","A lot of brown spotting",7.85398163397448e-05
"13","Subplot","C-12","C-12",2023,"ACSA",6.1,1,"",NA,"","",0.0029224665660019
"14","Subplot","C-12","C-12",2023,"ACSA",5.6,1,"",NA,"","",0.0024630086404144
"15","Subplot","C-12","C-12",2023,"ACSA",3.7,2,"",NA,"","",0.00107521008569111
"16","Subplot","C-12","C-12",2023,"ACSA",3.1,1,"",NA,"","",0.000754767635024948
"17","Subplot","C-12","C-12",2023,"SNAG",6.7,8,"",NA,"","",0.00352565235549115
"18","Subplot","C-13","C-13",2023,"SNAG",4.4,7,"",NA,"","",0.00152053084433746
"19","Subplot","C-14","C-14",2023,"ACSA",2.3,2,"",NA,"","",0.00041547562843725
"20","Subplot","C-14","C-14",2023,"SNAG",1.2,7,"",NA,"","",0.000113097335529233
"21","Subplot","C-14","C-14",2023,"ACSA",2.5,1,"",NA,"","",0.000490873852123405
"22","Subplot","C-14","C-14",2023,"ACSA",2.3,1,"",NA,"","",0.00041547562843725
"23","Subplot","C-14","C-14",2023,"ACSA",1.4,1,"",NA,"","",0.0001539380400259
"24","Subplot","C-14","C-14",2023,"ACSA",4.2,2,"",NA,"","",0.0013854423602331
"25","Subplot","C-14","C-14",2023,"ACSA",1.7,3,"",NA,"","",0.000226980069221863
"26","Subplot","C-14","C-14",2023,"ACSA",3.3,1,"",NA,"","",0.000855298599939821
"27","Subplot","C-14","C-14",2023,"ACSA",3.3,1,"",NA,"","",0.000855298599939821
"28","Subplot","C-14","C-14",2023,"ACSA",2.1,6,"",NA,"","",0.000346360590058275
"29","Subplot","C-14","C-14",2023,"SNAG",2.3,7,"",NA,"","",0.00041547562843725
"30","Subplot","C-14","C-14",2023,"SNAG",1.3,7,"",NA,"","",0.000132732289614169
"31","Subplot","C-14","C-14",2023,"ACSA",3.3,2,"",NA,"","",0.000855298599939821
"32","Subplot","C-14","C-14",2023,"ACSA",5.4,1,"",NA,"","",0.00229022104446696
"33","Subplot","C-14","C-14",2023,"ACSA",3,2,"",NA,"","",0.000706858347057703
"34","Subplot","C-14","C-14",2023,"ACSA",2.6,1,"",NA,"","",0.000530929158456675
"35","Subplot","C-14","C-14",2023,"ACSA",1.7,1,"",NA,"","",0.000226980069221863
"36","Subplot","C-15","C-15",2023,"None",NA,NA,"",NA,"","no saplings",0
"37","Subplot","C-16","C-16",2023,"ACSA",8.5,2,"",NA,"","missing top of trunk",0.00567450173054657
"38","Subplot","C-16","C-16",2023,"ACSA",2.2,1,"",NA,"","",0.000380132711084365
"39","Subplot","C-16","C-16",2023,"ACSA",8.7,1,"",NA,"","",0.00594467869875529
"40","Subplot","C-16","C-16",2023,"ACSA",1.9,1,"",NA,"","",0.000283528736986479
"41","Subplot","C-17","C-17",2023,"FAGR",7.1,5,"Y",4,"3","",0.00395919214168654
"42","Subplot","C-17","C-17",2023,"FAGR",6.4,5,"Y",3,"2","",0.00321699087727595
"43","Subplot","C-17","C-17",2023,"FAGR",1.2,5,"Y",2,"0","",0.000113097335529233
"44","Subplot","C-17","C-17",2023,"FAGR",1.2,4,"Y",4,"2","",0.000113097335529233
"45","Subplot","C-17","C-17",2023,"FAGR",4.2,4,"Y",4,"2","",0.0013854423602331
"46","Subplot","C-17","C-17",2023,"SNAG",2.5,7,"",NA,"","",0.000490873852123405
"47","Subplot","C-17","C-17",2023,"FAGR",7.2,5,"Y",3,"2","",0.00407150407905237
"48","Subplot","C-17","C-17",2023,"SNAG",1.7,7,"",NA,"","",0.000226980069221863
"49","Subplot","C-2","C-02",2023,"ACSA",1.7,1,"",NA,"","",0.000226980069221863
"50","Subplot","C-2","C-02",2023,"ACSA",1.9,1,"",NA,"","",0.000283528736986479
"51","Subplot","C-2","C-02",2023,"ACSA",2.9,2,"",NA,"","",0.000660519855417254
"52","Subplot","C-3","C-03",2023,"ACSA",3,2,"",NA,"","",0.000706858347057703
"53","Subplot","C-4","C-04",2023,"ACSA",3.5,1,"",NA,"","",0.000962112750161874
"54","Subplot","C-4","C-04",2023,"ACSA",1.7,2,"",NA,"","",0.000226980069221863
"55","Subplot","C-5","C-05",2023,"ACSA",5,1,"",NA,"","",0.00196349540849362
"56","Subplot","C-5","C-05",2023,"ACSA",2.1,1,"",NA,"","",0.000346360590058275
"57","Subplot","C-5","C-05",2023,"ACSA",3.9,1,"",NA,"","",0.00119459060652752
"58","Subplot","DL-01","DL-01",2023,"FAGR",7.1,2,"Y",1,"0","",0.00395919214168654
"59","Subplot","DL-01","DL-01",2023,"OSVI",5.4,2,"",NA,"","",0.00229022104446696
"60","Subplot","DL-02","DL-02",2023,"None",NA,NA,"",NA,"","None",0
"61","Subplot","HA-01","HA-01",2023,"None",NA,NA,"",NA,"","None",0
"62","Subplot","HA-02","HA-02",2023,"Spicebush",1.5,2,"",NA,"","",0.000176714586764426
"63","Subplot","HA-03","HA-03",2023,"PRSE2",6.8,1,"",NA,"","",0.0036316811075498
"64","Subplot","HH-01","HH-01",2023,"FAGR",7.5,3,"N",0,"0","",0.00441786466911065
"65","Subplot","HH-01","HH-01",2023,"FAGR",8.5,3,"Y",1,"0","",0.00567450173054657
"66","Subplot","HH-01","HH-01",2023,"FAGR",7.5,2,"Y",1,"0","",0.00441786466911065
"67","Subplot","HH-01","HH-01",2023,"FAGR",2,2,"N",0,"0","",0.000314159265358979
"68","Subplot","IC-1","IC-01",2023,"FAGR",1.1,5,"Y",3,"2","",9.50331777710913e-05
"69","Subplot","IC-1","IC-01",2023,"FAGR",2.2,5,"Y",4,"3","",0.000380132711084365
"70","Subplot","IC-1","IC-01",2023,"FAGR",3.2,4,"Y",3,"2","",0.000804247719318987
"71","Subplot","IC-1","IC-01",2023,"FAGR",1,5,"Y",5,"2","",7.85398163397448e-05
"72","Subplot","IC-1","IC-01",2023,"FAGR",1,5,"Y",2,"0","",7.85398163397448e-05
"73","Subplot","IC-1","IC-01",2023,"FAGR",3,4,"Y",3,"2","",0.000706858347057703
"74","Subplot","IC-1","IC-01",2023,"FAGR",1.5,3,"Y",1,"0","",0.000176714586764426
"75","Subplot","IC-10","IC-10",2023,"MAAC",10.9,1,"",NA,"","",0.00933131557932508
"76","Subplot","IC-11","IC-11",2023,"ACSA",2.7,6,"",NA,"","",0.00057255526111674
"77","Subplot","IC-11","IC-11",2023,"Spicebush",2.1,1,"",NA,"","",0.000346360590058275
"78","Subplot","IC-11","IC-11",2023,"FAGR",4.3,5,"Y",3,"2","",0.00145220120412188
"79","Subplot","IC-12","IC-12",2023,"FAGR",3.4,5,"Y",4,"2","",0.00090792027688745
"80","Subplot","IC-12","IC-12",2023,"FAGR",4.9,2,"Y",2,"0","",0.00188574099031727
"81","Subplot","IC-12","IC-12",2023,"FAGR",1,3,"Y",2,"2","",7.85398163397448e-05
"82","Subplot","IC-12","IC-12",2023,"FAGR",3.1,5,"Y",4,"3","brown spotting",0.000754767635024948
"83","Subplot","IC-12","IC-12",2023,"FAGR",3,6,"Y",1,"0","",0.000706858347057703
"84","Subplot","IC-12","IC-12",2023,"SNAG",1.1,7,"",NA,"","",9.50331777710913e-05
"85","Subplot","IC-12","IC-12",2023,"SNAG",1.1,8,"",NA,"","",9.50331777710913e-05
"86","Subplot","IC-12","IC-12",2023,"SNAG",2.3,8,"",NA,"","",0.00041547562843725
"87","Subplot","IC-12","IC-12",2023,"FAGR",2,6,"Y",2,"0","brown spotting",0.000314159265358979
"88","Subplot","IC-12","IC-12",2023,"FAGR",5.4,2,"Y",3,"2","",0.00229022104446696
"89","Subplot","IC-12","IC-12",2023,"FAGR",2.5,5,"Y",4,"3","",0.000490873852123405
"90","Subplot","IC-12","IC-12",2023,"SNAG",1.2,7,"",NA,"","",0.000113097335529233
"91","Subplot","IC-12","IC-12",2023,"FAGR",1.5,5,"Y",4,"2","",0.000176714586764426
"92","Subplot","IC-12","IC-12",2023,"FAGR",1.4,6,"Y",4,"1","",0.0001539380400259
"93","Subplot","IC-12","IC-12",2023,"FAGR",1.6,5,"Y",3,"0","",0.000201061929829747
"94","Subplot","IC-12","IC-12",2023,"FAGR",2.2,3,"Y",4,"2","Top of trunk missing",0.000380132711084365
"95","Subplot","IC-12","IC-12",2023,"FAGR",1.4,4,"Y",3,"0","",0.0001539380400259
"96","Subplot","IC-12","IC-12",2023,"SNAG",11.9,8,"",NA,"","",0.0111220233918713
"97","Subplot","IC-12","IC-12",2023,"FAGR",1,4,"Y",4,"2","",7.85398163397448e-05
"98","Subplot","IC-12","IC-12",2023,"FAGR",2.2,5,"Y",4,"3","",0.000380132711084365
"99","Subplot","IC-12","IC-12",2023,"FAGR",1.9,4,"Y",4,"2","",0.000283528736986479
"100","Subplot","IC-12","IC-12",2023,"FAGR",2.1,4,"Y",4,"1","",0.000346360590058275
"101","Subplot","IC-13","IC-13",2023,"LITU",9.3,2,"",NA,"","",0.00679290871522453
"102","Subplot","IC-13","IC-13",2023,"ACSA",1.1,6,"",NA,"","",9.50331777710913e-05
"103","Subplot","IC-13","IC-13",2023,"ACSA",1.8,2,"",NA,"","",0.000254469004940773
"104","Subplot","IC-13","IC-13",2023,"SNAG",1,7,"",NA,"","",7.85398163397448e-05
"105","Subplot","IC-13","IC-13",2023,"ACSA",3.5,2,"",NA,"","",0.000962112750161874
"106","Subplot","IC-13","IC-13",2023,"FAGR",1.1,4,"Y",2,"0","",9.50331777710913e-05
"107","Subplot","IC-13","IC-13",2023,"FAGR",1,2,"Y",3,"1","",7.85398163397448e-05
"108","Subplot","IC-14","IC-14",2023,"FAGR",1.7,2,"Y",3,"2","",0.000226980069221863
"109","Subplot","IC-14","IC-14",2023,"FAGR",1.4,3,"Y",2,"2","",0.0001539380400259
"110","Subplot","IC-14","IC-14",2023,"FAGR",3.2,2,"Y",3,"2","",0.000804247719318987
"111","Subplot","IC-14","IC-14",2023,"FAGR",2,2,"Y",2,"2","",0.000314159265358979
"112","Subplot","IC-16","IC-16",2023,"ACSA",4.2,2,"",NA,"","",0.0013854423602331
"113","Subplot","IC-16","IC-16",2023,"SNAG",1.3,7,"",NA,"","",0.000132732289614169
"114","Subplot","IC-16","IC-16",2023,"SNAG",1.2,7,"",NA,"","",0.000113097335529233
"115","Subplot","IC-16","IC-16",2023,"ACSA",5.9,2,"",NA,"","",0.00273397100678652
"116","Subplot","IC-16","IC-16",2023,"FAGR",2.3,2,"Y",3,"2","",0.00041547562843725
"117","Subplot","IC-16","IC-16",2023,"SNAG",3.4,8,"",NA,"","",0.00090792027688745
"118","Subplot","IC-16","IC-16",2023,"ACSA",2.1,4,"",NA,"","",0.000346360590058275
"119","Subplot","IC-16","IC-16",2023,"ACSA",11.5,2,"",NA,"","",0.0103868907109313
"120","Subplot","IC-2","IC-02",2023,"FAGR",1.4,6,"Y",2,"0","",0.0001539380400259
"121","Subplot","IC-2","IC-02",2023,"SNAG",2.4,7,"",NA,"","",0.00045238934211693
"122","Subplot","IC-2","IC-02",2023,"FAGR",2.3,5,"Y",3,"2","",0.00041547562843725
"123","Subplot","IC-2","IC-02",2023,"SNAG",1,7,"",NA,"","",7.85398163397448e-05
"124","Subplot","IC-2","IC-02",2023,"FAGR",3.2,4,"Y",3,"2","",0.000804247719318987
"125","Subplot","IC-2","IC-02",2023,"FAGR",6.6,5,"Y",3,"1","",0.00342119439975928
"126","Subplot","IC-2","IC-02",2023,"SNAG",2,8,"",NA,"","",0.000314159265358979
"127","Subplot","IC-2","IC-02",2023,"SNAG",2.7,7,"",NA,"","",0.00057255526111674
"128","Subplot","IC-3","IC-03",2023,"FAGR",4.8,6,"Y",NA,"","",0.00180955736846772
"129","Subplot","IC-3","IC-03",2023,"FAGR",1,2,"Y",NA,"","",7.85398163397448e-05
"130","Subplot","IC-3","IC-03",2023,"SNAG",1.8,8,"",NA,"","",0.000254469004940773
"131","Subplot","IC-3","IC-03",2023,"FAGR",3,NA,"Y",3,"2","",0.000706858347057703
"132","Subplot","IC-3","IC-03",2023,"ACSA",2.2,1,"",NA,"","",0.000380132711084365
"133","Subplot","IC-3","IC-03",2023,"FAGR",1.2,3,"Y",2,"0","",0.000113097335529233
"134","Subplot","IC-3","IC-03",2023,"SNAG",1.5,8,"",NA,"","",0.000176714586764426
"135","Subplot","IC-3","IC-03",2023,"FAGR",3.9,4,"Y",2,"1","",0.00119459060652752
"136","Subplot","IC-3","IC-03",2023,"FAGR",8.4,3,"Y",3,"2","",0.0055417694409324
"137","Subplot","IC-3","IC-03",2023,"FAGR",6.3,3,"Y",3,"2","",0.00311724531052447
"138","Subplot","IC-3","IC-03",2023,"FAGR",3.4,6,"Y",4,"3","",0.00090792027688745
"139","Subplot","IC-4","IC-04",2023,"SNAG",4.1,8,"",NA,"","",0.00132025431267111
"140","Subplot","IC-4","IC-04",2023,"SNAG",2,8,"",NA,"","",0.000314159265358979
"141","Subplot","IC-4","IC-04",2023,"FAGR",1.9,6,"Y",2,"0","brown spots",0.000283528736986479
"142","Subplot","IC-4","IC-04",2023,"FAGR",3.9,5,"Y",1,"0","",0.00119459060652752
"143","Subplot","IC-4","IC-04",2023,"FAGR",1.2,5,"Y",4,"4","",0.000113097335529233
"144","Subplot","IC-4","IC-04",2023,"FAGR",1,6,"Y",4,"4","",7.85398163397448e-05
"145","Subplot","IC-4","IC-04",2023,"FAGR",1.1,3,"N",0,"","",9.50331777710913e-05
"146","Subplot","IC-5","IC-05",2023,"FAGR",3.9,5,"Y",4,"3","",0.00119459060652752
"147","Subplot","IC-5","IC-05",2023,"FAGR",2,2,"Y",3,"2","",0.000314159265358979
"148","Subplot","IC-5","IC-05",2023,"FAGR",5.8,5,"Y",3,"3","",0.00264207942166902
"149","Subplot","IC-5","IC-05",2023,"FAGR",5.7,5,"Y",3,"2","",0.00255175863287831
"150","Subplot","IC-6","IC-06",2023,"FAGR",1,3,"Y",2,"2","",7.85398163397448e-05
"151","Subplot","IC-6","IC-06",2023,"FAGR",3.2,3,"Y",2,"0","",0.000804247719318987
"152","Subplot","IC-6","IC-06",2023,"FAGR",2.5,2,"Y",2,"2","boogie woogie aphid",0.000490873852123405
"153","Subplot","IC-7","IC-07",2023,"FAGR",4.6,4,"Y",4,"3","",0.001661902513749
"154","Subplot","IC-7","IC-07",2023,"FAGR",3.6,4,"Y",2,"1","",0.00101787601976309
"155","Subplot","IC-7","IC-07",2023,"SNAG",3.5,3.5,"",NA,"","",0.000962112750161874
"156","Subplot","IC-7","IC-07",2023,"ACSA",3.7,2,"",NA,"","",0.00107521008569111
"157","Subplot","IC-8","IC-08",2023,"FAGR",4.8,2,"Y",3,"2","",0.00180955736846772
"158","Subplot","IC-9","IC-09",2023,"FAGR",7,2,"Y",4,"2","",0.0038484510006475
"159","Subplot","IC-9","IC-09",2023,"FAGR",2.9,6,"Y",2,"2","",0.000660519855417254
"160","Subplot","IC-9","IC-09",2023,"SNAG",3.4,8,"Y",4,"","",0.00090792027688745
"161","Subplot","IC-9","IC-09",2023,"SNAG",4.8,7,"Y",3,"","",0.00180955736846772
"162","Subplot","ICTSI-1","ICTSI-01",2023,"FAGR",3.2,5,"Y",3,"0","",0.000804247719318987
"163","Subplot","ICTSI-1","ICTSI-01",2023,"FAGR",1.2,6,"Y",1,"0","",0.000113097335529233
"164","Subplot","ICTSI-1","ICTSI-01",2023,"FAGR",1.2,6,"Y",4,"3","",0.000113097335529233
"165","Subplot","ICTSI-1","ICTSI-01",2023,"FAGR",4.3,4,"Y",3,"4","",0.00145220120412188
"166","Subplot","ICTSI-1","ICTSI-01",2023,"SNAG",3.1,8,"",NA,"","",0.000754767635024948
"167","Subplot","ICTSI-1","ICTSI-01",2023,"FAGR",2.8,5,"Y",4,"3","",0.000615752160103599
"168","Subplot","ICTSI-1","ICTSI-01",2023,"FAGR",1,2,"Y",3,"1","",7.85398163397448e-05
"169","Subplot","ICTSI-1","ICTSI-01",2023,"FAGR",2.2,4,"Y",4,"4","",0.000380132711084365
"170","Subplot","ICTSI-1","ICTSI-01",2023,"FAGR",1.2,6,"Y",2,"0","",0.000113097335529233
"171","Subplot","ICTSI-1","ICTSI-01",2023,"FAGR",2.9,5,"Y",3,"3","",0.000660519855417254
"172","Subplot","ICTSI-1","ICTSI-01",2023,"FAGR",2.9,4,"Y",4,"3","",0.000660519855417254
"173","Subplot","ICTSI-1","ICTSI-01",2023,"ACSA",7.7,1,"",NA,"","",0.00465662571078347
"174","Subplot","ICTSI-1","ICTSI-01",2023,"FAGR",9.1,4,"Y",3,"3","",0.00650388219109427
"175","Subplot","ICTSI-10","ICTSI-10",2023,"FAGR",10.1,4,"Y",3,"2","",0.00801184666481737
"176","Subplot","ICTSI-10","ICTSI-10",2023,"SNAG",2.2,7,"",NA,"","",0.000380132711084365
"177","Subplot","ICTSI-10","ICTSI-10",2023,"ACSA",2,1,"",NA,"","",0.000314159265358979
"178","Subplot","ICTSI-2","ICTSI-02",2023,"ACSA",1.4,1,"",NA,"","",0.0001539380400259
"179","Subplot","ICTSI-2","ICTSI-02",2023,"ACSA",1.2,2,"",NA,"","",0.000113097335529233
"180","Subplot","ICTSI-2","ICTSI-02",2023,"FAGR",2,3,"Y",2,"2","",0.000314159265358979
"181","Subplot","ICTSI-2","ICTSI-02",2023,"ACSA",1,2,"",NA,"","",7.85398163397448e-05
"182","Subplot","ICTSI-2","ICTSI-02",2023,"ACSA",2.9,2,"",NA,"","",0.000660519855417254
"183","Subplot","ICTSI-2","ICTSI-02",2023,"ACSA",1.4,1,"",NA,"","",0.0001539380400259
"184","Subplot","ICTSI-2","ICTSI-02",2023,"SNAG",1.4,8,"",NA,"","",0.0001539380400259
"185","Subplot","ICTSI-2","ICTSI-02",2023,"ACSA",1.8,5,"",NA,"","",0.000254469004940773
"186","Subplot","ICTSI-2","ICTSI-02",2023,"SNAG",2.1,7,"",NA,"","",0.000346360590058275
"187","Subplot","ICTSI-2","ICTSI-02",2023,"SNAG",1,7,"",NA,"","",7.85398163397448e-05
"188","Subplot","ICTSI-2","ICTSI-02",2023,"ACSA",1,2,"",NA,"","",7.85398163397448e-05
"189","Subplot","ICTSI-2","ICTSI-02",2023,"ACSA",1,1,"",NA,"","",7.85398163397448e-05
"190","Subplot","ICTSI-2","ICTSI-02",2023,"ACSA",1,2,"",NA,"","",7.85398163397448e-05
"191","Subplot","ICTSI-3","ICTSI-03",2023,"FAGR",1,6,"Y",4,"4","",7.85398163397448e-05
"192","Subplot","ICTSI-3","ICTSI-03",2023,"FAGR",4.9,3,"Y",3,"2","",0.00188574099031727
"193","Subplot","ICTSI-3","ICTSI-03",2023,"FAGR",1,4,"Y",2,"0","",7.85398163397448e-05
"194","Subplot","ICTSI-3","ICTSI-03",2023,"FAGR",1,2,"Y",1,"0","",7.85398163397448e-05
"195","Subplot","ICTSI-3","ICTSI-03",2023,"FAGR",3,2,"Y",2,"0","",0.000706858347057703
"196","Subplot","ICTSI-3","ICTSI-03",2023,"FAGR",3.4,6,"Y",4,"2","",0.00090792027688745
"197","Subplot","ICTSI-3","ICTSI-03",2023,"FAGR",1.9,4,"Y",3,"2","",0.000283528736986479
"198","Subplot","ICTSI-3","ICTSI-03",2023,"FAGR",1.3,5,"Y",3,"2","",0.000132732289614169
"199","Subplot","ICTSI-3","ICTSI-03",2023,"ACRU",12,2,"",NA,"","",0.0113097335529233
"200","Subplot","ICTSI-3","ICTSI-03",2023,"FAGR",11.2,3,"Y",2,"1","",0.00985203456165759
"201","Subplot","ICTSI-4","ICTSI-04",2023,"FAGR",1.5,4,"Y",4,"4","",0.000176714586764426
"202","Subplot","ICTSI-4","ICTSI-04",2023,"SNAG",4.8,7,"",NA,"","",0.00180955736846772
"203","Subplot","ICTSI-4","ICTSI-04",2023,"FAGR",6.7,4,"Y",3,"3","",0.00352565235549115
"204","Subplot","ICTSI-4","ICTSI-04",2023,"SNAG",5,8,"Y",NA,"","",0.00196349540849362
"205","Subplot","ICTSI-5","ICTSI-05",2023,"FAGR",12,3,"Y",4,"3","BBD?",0.0113097335529233
"206","Subplot","ICTSI-5","ICTSI-05",2023,"FAGR",1,2,"Y",2,"0","",7.85398163397448e-05
"207","Subplot","ICTSI-6","ICTSI-06",2023,"FAGR",9.8,3,"Y",3,"1","",0.00754296396126909
"208","Subplot","ICTSI-6","ICTSI-06",2023,"ACSA",4.5,1,"",1,"","",0.00159043128087983
"209","Subplot","ICTSI-6","ICTSI-06",2023,"FAGR",1.6,5,"Y",3,"0","",0.000201061929829747
"210","Subplot","ICTSI-6","ICTSI-06",2023,"FAGR",2.8,3,"Y",NA,"2","",0.000615752160103599
"211","Subplot","ICTSI-6","ICTSI-06",2023,"ACSA",3.4,1,"",NA,"","",0.00090792027688745
"212","Subplot","ICTSI-6","ICTSI-06",2023,"SNAG",4.3,7,"",NA,"","",0.00145220120412188
"213","Subplot","ICTSI-6","ICTSI-06",2023,"FAGR",2.1,5,"Y",3,"2","",0.000346360590058275
"214","Subplot","ICTSI-6","ICTSI-06",2023,"FAGR",8.2,5,"Y",3,"2","",0.00528101725068444
"215","Subplot","ICTSI-6","ICTSI-06",2023,"ACSA",2.7,1,"",NA,"","",0.00057255526111674
"216","Subplot","ICTSI-6","ICTSI-06",2023,"ACSA",2,3,"",NA,"","",0.000314159265358979
"217","Subplot","ICTSI-7","ICTSI-07",2023,"ACSA",6.3,1,"",NA,"","",0.00311724531052447
"218","Subplot","ICTSI-7","ICTSI-07",2023,"FAGR",2.4,2,"Y",2,"2","",0.00045238934211693
"219","Subplot","ICTSI-7","ICTSI-07",2023,"SNAG",2.6,8,"",NA,"","",0.000530929158456675
"220","Subplot","ICTSI-7","ICTSI-07",2023,"SNAG",2.5,8,"",NA,"","",0.000490873852123405
"221","Subplot","ICTSI-7","ICTSI-07",2023,"FAGR",3,6,"Y",3,"2","",0.000706858347057703
"222","Subplot","ICTSI-7","ICTSI-07",2023,"FAGR",2.6,5,"Y",4,"2","",0.000530929158456675
"223","Subplot","ICTSI-7","ICTSI-07",2023,"FAGR",3.7,5,"Y",3,"2","",0.00107521008569111
"224","Subplot","ICTSI-8","ICTSI-08",2023,"SNAG",4.7,8,"",NA,"","",0.00173494454294496
"225","Subplot","ICTSI-9","ICTSI-09",2023,"ACSA",2.2,2,"",NA,"","",0.000380132711084365
"226","Subplot","ICTSI-9","ICTSI-09",2023,"FAGR",1,2,"Y",4,"3","",7.85398163397448e-05
"227","Subplot","ICTSI-9","ICTSI-09",2023,"SNAG",2,8,"",NA,"","",0.000314159265358979
"228","Subplot","ICTSI-9","ICTSI-09",2023,"FAGR",11,2,"Y",4,"3","missing top of trunk",0.00950331777710912
"229","Subplot","NP-01","NP-01",2023,"SNAG",2,8,"",NA,"","",0.000314159265358979
"230","Subplot","NP-01","NP-01",2023,"Witch Hazel",2.3,1,"",NA,"","",0.00041547562843725
"231","Subplot","NP-02","NP-02",2023,"None",NA,NA,"",NA,"","None",0
"232","Subplot","NP-03","NP-03",2023,"FAGR",7.3,3,"Y",3,"2","",0.004185386812745
"233","Subplot","PB-1","PB-01",2023,"FAGR",7.2,5,"Y",4,"2","",0.00407150407905237
"234","Subplot","PB-1","PB-01",2023,"FAGR",6.4,5,"Y",4,"2","Shares stem with below",0.00321699087727595
"235","Subplot","PB-1","PB-01",2023,"FAGR",4.7,5,"Y",4,"3","Shares stem with above",0.00173494454294496
"236","Subplot","PC-1","PC-01",2023,"SNAG",3.7,8,"",NA,"","",0.00107521008569111
"237","Subplot","PC-10","PC-10",2023,"CACA18",2.8,2,"",NA,"","",0.000615752160103599
"238","Subplot","PC-10","PC-10",2023,"SNAG",1.7,7,"",NA,"","",0.000226980069221863
"239","Subplot","PC-10","PC-10",2023,"FAGR",2.9,3,"Y",2,"3","",0.000660519855417254
"240","Subplot","PC-10","PC-10",2023,"ACSA",4.7,2,"",NA,"","",0.00173494454294496
"241","Subplot","PC-10","PC-10",2023,"Witch Hazel",2.8,2,"",NA,"","",0.000615752160103599
"242","Subplot","PC-10","PC-10",2023,"Witch Hazel",1.6,1,"",NA,"","",0.000201061929829747
"243","Subplot","PC-10","PC-10",2023,"SNAG",1.9,7,"",NA,"","",0.000283528736986479
"244","Subplot","PC-10","PC-10",2023,"ACSA",3.5,1,"",NA,"","",0.000962112750161874
"245","Subplot","PC-10","PC-10",2023,"ACSA",3.9,2,"",NA,"","",0.00119459060652752
"246","Subplot","PC-10","PC-10",2023,"PRSE2",3.9,7,"",NA,"","",0.00119459060652752
"247","Subplot","PC-11","PC-11",2023,"ACSA",3.8,1,"",NA,"","",0.00113411494794592
"248","Subplot","PC-11","PC-11",2023,"PRSE2",3,2,"",NA,"","",0.000706858347057703
"249","Subplot","PC-11","PC-11",2023,"Witch Hazel",2.9,1,"",NA,"","",0.000660519855417254
"250","Subplot","PC-11","PC-11",2023,"Witch Hazel",3,2,"",NA,"","",0.000706858347057703
"251","Subplot","PC-11","PC-11",2023,"Witch Hazel",6.6,1,"",NA,"","",0.00342119439975928
"252","Subplot","PC-11","PC-11",2023,"Witch Hazel",1.3,1,"",NA,"","",0.000132732289614169
"253","Subplot","PC-11","PC-11",2023,"ACRU",2.9,1,"",NA,"","",0.000660519855417254
"254","Subplot","PC-11","PC-11",2023,"Witch Hazel",2,1,"",NA,"","",0.000314159265358979
"255","Subplot","PC-11","PC-11",2023,"SNAG",1.5,7,"",NA,"","",0.000176714586764426
"256","Subplot","PC-11","PC-11",2023,"SNAG",1.6,8,"",NA,"","",0.000201061929829747
"257","Subplot","PC-11","PC-11",2023,"PRSE2",8.4,6,"",NA,"#813","",0.0055417694409324
"258","Subplot","PC-11","PC-11",2023,"ACSA",2.8,2,"",NA,"","",0.000615752160103599
"259","Subplot","PC-12","PC-12",2023,"FAGR",3.6,2,"Y",3,"2","",0.00101787601976309
"260","Subplot","PC-12","PC-12",2023,"SNAG",3.7,7,"",NA,"","",0.00107521008569111
"261","Subplot","PC-12","PC-12",2023,"NYSY",6.6,3,"",NA,"","#8? tag scratched",0.00342119439975928
"262","Subplot","PC-12","PC-12",2023,"CACA18",2,2,"",NA,"","",0.000314159265358979
"263","Subplot","PC-2","PC-02",2023,"SNAG",3.7,8,"",NA,"","",0.00107521008569111
"264","Subplot","PC-2","PC-02",2023,"FRGA",5,2,"Y",4,"1","",0.00196349540849362
"265","Subplot","PC-2","PC-02",2023,"CACA18",7.8,1,"",NA,"","",0.00477836242611008
"266","Subplot","PC-2","PC-02",2023,"FRGA",2.7,6,"Y",4,"2","being crushed by fallen limb",0.00057255526111674
"267","Subplot","PC-2","PC-02",2023,"FRGA",9.9,6,"Y",4,"3","curved trunk, has other pests present (brown leaf tips), no top to tree because being crushed by fallen limb.",0.00769768739945839
"268","Subplot","PC-3","PC-03",2023,"SNAG",2,7,"",NA,"","",0.000314159265358979
"269","Subplot","PC-3","PC-03",2023,"FAGR",3.3,6,"Y",4,"3","Browning at tip, brown spots",0.000855298599939821
"270","Subplot","PC-3","PC-03",2023,"SNAG",1,7,"",NA,"","",7.85398163397448e-05
"271","Subplot","PC-3","PC-03",2023,"ACSA",5,2,"",NA,"","",0.00196349540849362
"272","Subplot","PC-3","PC-03",2023,"ACSA",3.8,3,"",NA,"","",0.00113411494794592
"273","Subplot","PC-3","PC-03",2023,"ACSA",1.8,2,"",NA,"","",0.000254469004940773
"274","Subplot","PC-4","PC-04",2023,"SNAG",1,7,"",NA,"","",7.85398163397448e-05
"275","Subplot","PC-4","PC-04",2023,"ACSA",1.8,2,"",NA,"","",0.000254469004940773
"276","Subplot","PC-4","PC-04",2023,"CACA18",6.4,2,"",NA,"","#552",0.00321699087727595
"277","Subplot","PC-4","PC-04",2023,"ACSA",2.4,2,"",NA,"","",0.00045238934211693
"278","Subplot","PC-4","PC-04",2023,"FAGR",6.6,6,"Y",4,"4","",0.00342119439975928
"279","Subplot","PC-4","PC-04",2023,"ACSA",3.3,1,"",NA,"","",0.000855298599939821
"280","Subplot","PC-4","PC-04",2023,"ACSA",4.2,2,"",NA,"","",0.0013854423602331
"281","Subplot","PC-4","PC-04",2023,"OSVI",9.6,2,"",NA,"","#532, curved trunk",0.00723822947387088
"282","Subplot","PC-5","PC-05",2023,"FAGR",3.2,6,"Y",4,"4","",0.000804247719318987
"283","Subplot","PC-5","PC-05",2023,"OSVI",4.6,5,"",NA,"","Browken in half, sprouting",0.001661902513749
"284","Subplot","PC-5","PC-05",2023,"SNAG",1,7,"",NA,"","",7.85398163397448e-05
"285","Subplot","PC-5","PC-05",2023,"SNAG",1,7,"",NA,"","",7.85398163397448e-05
"286","Subplot","PC-5","PC-05",2023,"PRPE2",6.3,6,"",NA,"","Not blk cherry",0.00311724531052447
"287","Subplot","PC-5","PC-05",2023,"SNAG",1,7,"",NA,"","",7.85398163397448e-05
"288","Subplot","PC-5","PC-05",2023,"ACSA",1.7,2,"",NA,"","",0.000226980069221863
"289","Subplot","PC-6","PC-06",2023,"Witch Hazel",3.8,2,"",NA,"","",0.00113411494794592
"290","Subplot","PC-6","PC-06",2023,"Witch Hazel",2.6,2,"",NA,"","",0.000530929158456675
"291","Subplot","PC-6","PC-06",2023,"FAGR",2.9,6,"Y",4,"3","browning leaves",0.000660519855417254
"292","Subplot","PC-6","PC-06",2023,"FAGR",1,6,"Y",4,"2","Beech erinummite",7.85398163397448e-05
"293","Subplot","PC-6","PC-06",2023,"SNAG",1.9,7,"",NA,"","sprouting",0.000283528736986479
"294","Subplot","PC-6","PC-06",2023,"SNAG",1.5,8,"",NA,"","",0.000176714586764426
"295","Subplot","PC-6","PC-06",2023,"SNAG",5.7,8,"",NA,"","#642",0.00255175863287831
"296","Subplot","PC-6","PC-06",2023,"CACA18",4.6,2,"",NA,"","",0.001661902513749
"297","Subplot","PC-6","PC-06",2023,"ACSA",10.2,3,"",NA,"","#641",0.00817128249198705
"298","Subplot","PC-8","PC-08",2023,"SNAG",1.28,7,"",NA,"","",0.000128679635091038
"299","Subplot","PC-8","PC-08",2023,"ACSA",2,2,"",NA,"","",0.000314159265358979
"300","Subplot","PC-8","PC-08",2023,"ACSA",1,2,"",NA,"","",7.85398163397448e-05
"301","Subplot","PC-8","PC-08",2023,"ACSA",3.9,1,"",NA,"","",0.00119459060652752
"302","Subplot","PC-8","PC-08",2023,"ACSA",2.3,3,"",NA,"","",0.00041547562843725
"303","Subplot","PC-8","PC-08",2023,"ACSA",1.1,3,"",NA,"","",9.50331777710913e-05
"304","Subplot","PC-8","PC-08",2023,"TIAM",10.1,2,"",NA,"","#705, original stem broken",0.00801184666481737
"305","Subplot","PC-8","PC-08",2023,"ACSA",1,3,"",NA,"","",7.85398163397448e-05
"306","Subplot","PC-8","PC-08",2023,"ACSA",2.2,2,"",NA,"","",0.000380132711084365
"307","Subplot","PC-8","PC-08",2023,"ACSA",2.3,2,"",NA,"","",0.00041547562843725
"308","Subplot","PC-9","PC-09",2023,"SNAG",3.4,7,"",NA,"","",0.00090792027688745
"309","Subplot","PC-9","PC-09",2023,"FAGR",2.2,4,"Y",3,"2","",0.000380132711084365
"310","Subplot","PC-9","PC-09",2023,"CACA18",3.4,1,"",NA,"","",0.00090792027688745
"311","Subplot","RH-1","RH-01",2023,"FAGR",5.4,2,"N",0,"0","",0.00229022104446696
"312","Subplot","RH-1","RH-01",2023,"FAGR",7,2,"N",0,"0","",0.0038484510006475
"313","Subplot","RH-1","RH-01",2023,"FAGR",2,1,"N",0,"0","",0.000314159265358979
"314","Subplot","RH-1","RH-01",2023,"FAGR",2,2,"N",0,"0","",0.000314159265358979
"315","Subplot","RH-1","RH-01",2023,"FAGR",2.8,2,"N",0,"0","",0.000615752160103599
"316","Subplot","RH-1","RH-01",2023,"FAGR",2.1,2,"N",0,"0","",0.000346360590058275
"317","Subplot","RH-1","RH-01",2023,"FAGR",2.6,3,"N",0,"0","",0.000530929158456675
"318","Subplot","RH-1","RH-01",2023,"FAGR",1.6,2,"N",0,"0","",0.000201061929829747
"319","Subplot","RH-1","RH-01",2023,"FAGR",5.3,3,"N",0,"0","",0.00220618344098343
"320","Subplot","RH-1","RH-01",2023,"FAGR",4.3,2,"N",0,"0","",0.00145220120412188
"321","Subplot","RH-1","RH-01",2023,"SNAG",1.2,7,"",NA,"","",0.000113097335529233
"322","Subplot","RH-1","RH-01",2023,"FAGR",9,2,"N",0,"0","",0.00636172512351933
"323","Subplot","RH-1","RH-01",2023,"FAGR",5,2,"N",0,"0","",0.00196349540849362
"324","Subplot","RH-1","RH-01",2023,"FAGR",1.2,2,"N",0,"0","",0.000113097335529233
"325","Subplot","RH-1","RH-01",2023,"FAGR",6.6,2,"N",0,"0","",0.00342119439975928
"326","Subplot","SB-1","SB-01",2023,"FAGR",1.2,3,"Y",2,"2","",0.000113097335529233
"327","Subplot","SB-1","SB-01",2023,"FAGR",9.8,2,"Y",3,"3","",0.00754296396126909
"328","Subplot","SB-1","SB-01",2023,"SNAG",8.8,7,"",NA,"","",0.00608212337734984
"329","Subplot","SB-1","SB-01",2023,"FAGR",2,2,"Y",3,"2","SCI-37",0.000314159265358979
"330","Subplot","SB-1","SB-01",2023,"FAGR",1,2,"y",3,"3","",7.85398163397448e-05
"331","Subplot","SB-1","SB-01",2023,"FAGR",2.8,2,"Y",3,"2","",0.000615752160103599
"332","Subplot","SB-1","SB-01",2023,"FAGR",1,2,"Y",3,"3","",7.85398163397448e-05
"333","Subplot","SB-1","SB-01",2023,"FAGR",1.1,1,"Y",2,"1","SCI-18",9.50331777710913e-05
"334","Subplot","SB-1","SB-01",2023,"FAGR",1.5,2,"Y",2,"0","",0.000176714586764426
"335","Subplot","SB-1","SB-01",2023,"SNAG",3.9,8,"",NA,"","",0.00119459060652752
"336","Subplot","SB-1","SB-01",2023,"FAGR",10.7,2,"Y",3,"0","",0.00899202357273739
"337","Subplot","SB-1","SB-01",2023,"FAGR",1.2,1,"Y",2,"0","",0.000113097335529233
"338","Subplot","SB-1","SB-01",2023,"FAGR",1,2,"Y",3,"3","",7.85398163397448e-05
"339","Subplot","SB-1","SB-01",2023,"FAGR",2.8,1,"Y",3,"3","SCI-36",0.000615752160103599
"340","Subplot","SB-1","SB-01",2023,"SNAG",1.6,7,"",NA,"","",0.000201061929829747
"341","Subplot","SB-1","SB-01",2023,"FAGR",1.1,2,"Y",3,"3","",9.50331777710913e-05
"342","Subplot","SB-1A","SB-01A",2023,"FAGR",2.5,2,"Y",1,"0","Missing top half",0.000490873852123405
"343","Subplot","SB-1A","SB-01A",2023,"FAGR",3.1,2,"Y",2,"0","",0.000754767635024948
"344","Subplot","SB-1A","SB-01A",2023,"FAGR",4.3,3,"Y",1,"0","",0.00145220120412188
"345","Subplot","SB-1A","SB-01A",2023,"FAGR",2.6,4,"Y",1,"0","",0.000530929158456675
"346","Subplot","SB-1B","SB-01B",2023,"ACSA",2.4,2,"",NA,"","",0.00045238934211693
"347","Subplot","SB-1B","SB-01B",2023,"ACSA",2.3,2,"",NA,"","",0.00041547562843725
"348","Subplot","SB-1B","SB-01B",2023,"Spicebush",1,1,"",NA,"","",7.85398163397448e-05
"349","Subplot","SB-1B","SB-01B",2023,"FAGR",3.5,4,"Y",2,"0","",0.000962112750161874
"350","Subplot","SB-1B","SB-01B",2023,"FAGR",2.5,2,"Y",2,"2","",0.000490873852123405
"351","Subplot","SB-2","SB-02",2023,"ACSA",9.1,1,"",NA,"","",0.00650388219109427
"352","Subplot","SB-2","SB-02",2023,"FAGR",1.8,6,"Y",4,"3","",0.000254469004940773
"353","Subplot","SB-2","SB-02",2023,"FAGR",1.1,5,"Y",2,"0","",9.50331777710913e-05
"354","Subplot","SB-2","SB-02",2023,"FAGR",1.7,5,"Y",3,"4","",0.000226980069221863
"355","Subplot","SB-2","SB-02",2023,"FAGR",1,5,"Y",3,"2","",7.85398163397448e-05
"356","Subplot","SB-2","SB-02",2023,"FAGR",1.1,4,"Y",3,"2","brown dots and brown tips",9.50331777710913e-05
"357","Subplot","SB-2","SB-02",2023,"FAGR",1,5,"Y",4,"3","brown dots and brown tips",7.85398163397448e-05
"358","Subplot","SB-2","SB-02",2023,"FAGR",1.1,5,"Y",4,"3","brown dots and brown tips; attached to same stem",9.50331777710913e-05
"359","Subplot","SB-2","SB-02",2023,"FAGR",1,6,"Y",4,"0","brown dots and brown tips; attached to same stem",7.85398163397448e-05
"360","Subplot","SB-2","SB-02",2023,"FAGR",6.5,5,"Y",4,"3","brown dots and brown tips",0.00331830724035422
"361","Subplot","SB-2","SB-02",2023,"ACSA",8,1,"",NA,"","",0.00502654824574367
"362","Subplot","SB-2","SB-02",2023,"SNAG",8.1,8,"",NA,"","",0.00515299735005066
"363","Subplot","SB-2","SB-02",2023,"FAGR",4.6,5,"Y",3,"0","brown dots and brown tips",0.001661902513749
"364","Subplot","SB-2","SB-02",2023,"FAGR",4.9,5,"Y",3,"3","",0.00188574099031727
"365","Subplot","SB-2A","SB-02A",2023,"SNAG",2.3,8,"",NA,"","",0.00041547562843725
"366","Subplot","SB-2A","SB-02A",2023,"FAGR",2.6,6,"Y",4,"3","",0.000530929158456675
"367","Subplot","SB-2A","SB-02A",2023,"LITU",1,1,"",NA,"","",7.85398163397448e-05
"368","Subplot","SB-2A","SB-02A",2023,"Spicebush",6.6,1,"",NA,"","",0.00342119439975928
"369","Subplot","SB-2A","SB-02A",2023,"LITU",1,1,"",NA,"","",7.85398163397448e-05
"370","Subplot","SB-2A","SB-02A",2023,"FAGR",6.6,3,"Y",2,"1","",0.00342119439975928
"371","Subplot","SB-2A","SB-02A",2023,"Spicebush",1,1,"",NA,"","",7.85398163397448e-05
"372","Subplot","SB-2A","SB-02A",2023,"FAGR",2.2,2,"Y",1,"0","White wiggling aphids :)",0.000380132711084365
"373","Subplot","SB-2A","SB-02A",2023,"Spicebush",1.2,1,"",NA,"","",0.000113097335529233
"374","Subplot","SB-2A","SB-02A",2023,"ACSA",7.5,1,"",NA,"","",0.00441786466911065
"375","Subplot","SB-2B","SB-02B",2023,"FAGR",2.3,4,"Y",2,"2","",0.00041547562843725
"376","Subplot","SB-2B","SB-02B",2023,"FAGR",2.2,4,"Y",2,"2","",0.000380132711084365
"377","Subplot","SB-2B","SB-02B",2023,"LITU",1,1,"",NA,"","",7.85398163397448e-05
"378","Subplot","SB-2B","SB-02B",2023,"LITU",1.3,2,"",NA,"","",0.000132732289614169
"379","Subplot","SB-2B","SB-02B",2023,"LITU",1.3,1,"",NA,"","",0.000132732289614169
"380","Subplot","SB-2B","SB-02B",2023,"FRAM",12,1,"",NA,"","",0.0113097335529233
"381","Subplot","SB-2B","SB-02B",2023,"LITU",1,1,"",NA,"","",7.85398163397448e-05
"382","Subplot","SB-2B","SB-02B",2023,"LITU",2.3,1,"",NA,"","",0.00041547562843725
"383","Subplot","SB-2B","SB-02B",2023,"LITU",1.5,1,"",NA,"","",0.000176714586764426
"384","Subplot","SB-2B","SB-02B",2023,"LITU",1.7,1,"",NA,"","",0.000226980069221863
"385","Subplot","SB-2B","SB-02B",2023,"LITU",1,1,"",NA,"","",7.85398163397448e-05
"386","Subplot","SB-2B","SB-02B",2023,"LITU",1.7,1,"",NA,"","",0.000226980069221863
"387","Subplot","SB-2B","SB-02B",2023,"LITU",1.1,1,"",NA,"","",9.50331777710913e-05
"388","Subplot","SB-2B","SB-02B",2023,"LITU",2.4,1,"",NA,"","",0.00045238934211693
"389","Subplot","SB-2B","SB-02B",2023,"FRAM",1.1,1,"",NA,"","",9.50331777710913e-05
"390","Subplot","SB-2B","SB-02B",2023,"LITU",1,1,"",NA,"","",7.85398163397448e-05
"391","Subplot","SB-2B","SB-02B",2023,"LITU",1,1,"",NA,"","",7.85398163397448e-05
"392","Subplot","SB-2B","SB-02B",2023,"LITU",1.2,1,"",NA,"","",0.000113097335529233
"393","Subplot","SB-3A","SB-03A",2023,"FAGR",2.9,5,"Y",3,"2","",0.000660519855417254
"394","Subplot","SB-3A","SB-03A",2023,"FAGR",1,5,"Y",4,"3","",7.85398163397448e-05
"395","Subplot","SB-3B","SB-03B",2023,"SNAG",4.8,8,"",NA,"","",0.00180955736846772
"396","Subplot","SB-3B","SB-03B",2023,"Spicebush",1.3,1,"",NA,"","",0.000132732289614169
"397","Subplot","SB-3B","SB-03B",2023,"Spicebush",1.3,1,"",NA,"","",0.000132732289614169
"398","Subplot","SB-3B","SB-03B",2023,"Spicebush",1.2,1,"",NA,"","",0.000113097335529233
"399","Subplot","SB-3B","SB-03B",2023,"SNAG",1,7,"",NA,"","",7.85398163397448e-05
"400","Subplot","SC-1","SC-01",2023,"FAGR",1,2,"Y",3,"2","",7.85398163397448e-05
"401","Subplot","SC-1","SC-01",2023,"FAGR",3.4,2,"Y",3,"3","",0.00090792027688745
"402","Subplot","SC-1","SC-01",2023,"FAGR",10.8,2,"Y",2,"3","#16",0.00916088417786784
"403","Subplot","SC-1","SC-01",2023,"FAGR",5.2,2,"Y",3,"2","",0.0021237166338267
"404","Subplot","SC-1","SC-01",2023,"FAGR",1,2,"Y",2,"3","",7.85398163397448e-05
"405","Subplot","SC-10","SC-10",2023,"ACSA",3.5,1,"",NA,"","",0.000962112750161874
"406","Subplot","SC-10","SC-10",2023,"ACSA",2,1,"",NA,"","",0.000314159265358979
"407","Subplot","SC-10","SC-10",2023,"ACSA",1.8,2,"",NA,"","",0.000254469004940773
"408","Subplot","SC-10","SC-10",2023,"ACSA",5.8,2,"",NA,"","",0.00264207942166902
"409","Subplot","SC-10","SC-10",2023,"ACSA",2.1,5,"",NA,"","trunk bent over",0.000346360590058275
"410","Subplot","SC-10","SC-10",2023,"SNAG",7.2,8,"",NA,"","",0.00407150407905237
"411","Subplot","SC-10","SC-10",2023,"ACSA",11,1,"",NA,"","#943",0.00950331777710912
"412","Subplot","SC-10","SC-10",2023,"ACSA",6.6,1,"",NA,"","#443",0.00342119439975928
"413","Subplot","SC-10","SC-10",2023,"ACSA",3.3,3,"",NA,"","",0.000855298599939821
"414","Subplot","SC-3","SC-03",2023,"ACSA",5.2,2,"",NA,"","",0.0021237166338267
"415","Subplot","SC-3","SC-03",2023,"ACSA",1.9,NA,"",NA,"","",0.000283528736986479
"416","Subplot","SC-3","SC-03",2023,"ACSA",1.4,1,"",NA,"","",0.0001539380400259
"417","Subplot","SC-3","SC-03",2023,"ACSA",5.6,1,"",NA,"","",0.0024630086404144
"418","Subplot","SC-3","SC-03",2023,"SNAG",1.8,8,"",NA,"","",0.000254469004940773
"419","Subplot","SC-5","SC-05",2023,"ACSA",5,2,"",NA,"","",0.00196349540849362
"420","Subplot","SC-7","SC-07",2023,"ACSA",2.6,1,"",NA,"","",0.000530929158456675
"421","Subplot","SC-7","SC-07",2023,"FAGR",1.2,3,"Y",2,"2","",0.000113097335529233
"422","Subplot","SC-7","SC-07",2023,"FAGR",2.6,3,"Y",3,"3","",0.000530929158456675
"423","Subplot","SC-7","SC-07",2023,"FAGR",3.7,4,"Y",3,"3","",0.00107521008569111
"424","Subplot","SC-7","SC-07",2023,"FAGR",5,4,"Y",3,"3","",0.00196349540849362
"425","Subplot","SC-7","SC-07",2023,"SNAG",2.1,7,"",NA,"","",0.000346360590058275
"426","Subplot","SC-7","SC-07",2023,"ACSA",5.3,2,"",NA,"","",0.00220618344098343
"427","Subplot","SC-7","SC-07",2023,"SNAG",4.8,7,"",NA,"","",0.00180955736846772
"428","Subplot","SC-8","SC-08",2023,"ACSA",1.3,2,"",NA,"","",0.000132732289614169
"429","Subplot","SC-8","SC-08",2023,"ACSA",5.2,3,"",NA,"","",0.0021237166338267
"430","Subplot","SC-8","SC-08",2023,"ACSA",1,1,"",NA,"","",7.85398163397448e-05
"431","Subplot","SC-9","SC-09",2023,"ACSA",5.2,6,"",NA,"","",0.0021237166338267
"432","Subplot","SC-9","SC-09",2023,"ACSA",2.4,1,"",NA,"","",0.00045238934211693
"433","Subplot","SC-9","SC-09",2023,"ACSA",2.6,2,"",NA,"","",0.000530929158456675
"434","Subplot","SP-1","SP-01",2023,"ACPL",7.2,2,"",NA,"","",0.00407150407905237
"435","Subplot","SP-1","SP-01",2023,"FAGR",1,2,"N",0,"0","",7.85398163397448e-05
"436","Subplot","SP-2","SP-02",2023,"FAGR",1.2,2,"N",0,"0","",0.000113097335529233
"437","Subplot","SP-2","SP-02",2023,"FAGR",9.3,2,"N",0,"0","Brown Spots",0.00679290871522453
"438","Subplot","SP-2","SP-02",2023,"FAGR",2.7,6,"N",0,"0","",0.00057255526111674
"439","Subplot","SP-2","SP-02",2023,"FAGR",2.7,2,"N",0,"0","",0.00057255526111674
"440","Subplot","SP-2","SP-02",2023,"FAGR",1.4,2,"N",0,"0","",0.0001539380400259
"441","Subplot","SP-2","SP-02",2023,"FAGR",1.5,2,"N",0,"0","Major brown spotting",0.000176714586764426
"442","Subplot","SP-2","SP-02",2023,"FAGR",1,2,"N",0,"0","",7.85398163397448e-05
"443","Subplot","SP-2","SP-02",2023,"FAGR",4.6,2,"N",0,"0","",0.001661902513749
"444","Subplot","SP-2","SP-02",2023,"FAGR",2.4,2,"N",0,"0","",0.00045238934211693
"445","Subplot","SP-2","SP-02",2023,"FAGR",1.2,1,"N",0,"0","",0.000113097335529233
"446","Subplot","SP-2","SP-02",2023,"FAGR",3.3,2,"N",0,"0","",0.000855298599939821
"447","Subplot","SP-2","SP-02",2023,"FAGR",1.7,4,"N",0,"0","",0.000226980069221863
"448","Subplot","SP-2","SP-02",2023,"FAGR",2.1,3,"N",0,"0","",0.000346360590058275
"449","Subplot","SP-2","SP-02",2023,"FAGR",1,3,"N",0,"0","",7.85398163397448e-05
"450","Subplot","SP-2","SP-02",2023,"FAGR",1.4,2,"N",0,"0","",0.0001539380400259
"451","Subplot","SP-3","SP-03",2023,"FAGR",1.7,6,"N",0,"0","",0.000226980069221863
"452","Subplot","SP-3","SP-03",2023,"FAGR",1.4,3,"N",0,"0","",0.0001539380400259
"453","Subplot","SP-3","SP-03",2023,"ACPL",7.1,3,"",NA,"","NORWAY MAPLE",0.00395919214168654
"454","Subplot","SP-3","SP-03",2023,"FAGR",5,1,"N",0,"0","",0.00196349540849362
"455","Subplot","SV-1","SV-01",2023,"FAGR",1.3,5,"Y",1,"2","brown spotting",0.000132732289614169
"456","Subplot","SV-1","SV-01",2023,"FAGR",3.7,4,"Y",3,"4","",0.00107521008569111
"457","Subplot","SV-1","SV-01",2023,"SNAG",1.8,7,"",NA,"","FAGR",0.000254469004940773
"458","Subplot","SV-1","SV-01",2023,"FAGR",7.1,2,"Y",4,"3","#2427",0.00395919214168654
"459","Subplot","SV-1","SV-01",2023,"FAGR",5.8,3,"Y",4,"3","",0.00264207942166902
"460","Subplot","SV-1","SV-01",2023,"FAGR",1.1,5,"N",NA,"","brown/light green leaves",9.50331777710913e-05
"461","Subplot","SV-1","SV-01",2023,"FAGR",3.4,3,"Y",2,"2","",0.00090792027688745
"462","Subplot","SV-1","SV-01",2023,"FAGR",4.5,3,"Y",3,"2","",0.00159043128087983
"463","Subplot","SV-1","SV-01",2023,"FAGR",4.1,5,"Y",3,"3","",0.00132025431267111
"464","Subplot","SV-1","SV-01",2023,"FAGR",6.4,4,"Y",4,"3","#2428",0.00321699087727595
"465","Subplot","SV-1","SV-01",2023,"SNAG",3.1,8,"",NA,"","",0.000754767635024948
"466","Subplot","SV-1","SV-01",2023,"FAGR",5.3,2,"Y",4,"3","",0.00220618344098343
"467","Subplot","SV-1","SV-01",2023,"FAGR",7.5,2,"Y",3,"2","#2424",0.00441786466911065
"468","Subplot","SV-10","SV-10",2023,"SNAG",3.1,7,"",NA,"","was beech",0.000754767635024948
"469","Subplot","SV-10","SV-10",2023,"FAGR",3.1,4,"Y",3,"3","",0.000754767635024948
"470","Subplot","SV-10","SV-10",2023,"FAGR",2.4,5,"Y",2,"0","",0.00045238934211693
"471","Subplot","SV-11","SV-11",2023,"FAGR",4.8,2,"Y",3,"3","",0.00180955736846772
"472","Subplot","SV-11","SV-11",2023,"SNAG",3.6,8,"",NA,"","",0.00101787601976309
"473","Subplot","SV-11","SV-11",2023,"FAGR",5.5,2,"Y",3,"2","",0.00237582944427728
"474","Subplot","SV-11","SV-11",2023,"FAGR",5.7,3,"Y",3,"3","brown dots",0.00255175863287831
"475","Subplot","SV-11","SV-11",2023,"SNAG",2,8,"",NA,"","",0.000314159265358979
"476","Subplot","SV-11","SV-11",2023,"ACRU",5.1,5,"",NA,"","",0.00204282062299676
"477","Subplot","SV-12","SV-12",2023,"SNAG",3.9,7,"",NA,"","",0.00119459060652752
"478","Subplot","SV-12","SV-12",2023,"FAGR",4.2,4,"Y",3,"0","",0.0013854423602331
"479","Subplot","SV-12","SV-12",2023,"SNAG",1.9,7,"",NA,"","",0.000283528736986479
"480","Subplot","SV-12","SV-12",2023,"FAGR",5.3,3,"Y",3,"1","",0.00220618344098343
"481","Subplot","SV-12","SV-12",2023,"SNAG",2.7,8,"",NA,"","",0.00057255526111674
"482","Subplot","SV-12","SV-12",2023,"SNAG",7.1,8,"",NA,"","#2883",0.00395919214168654
"483","Subplot","SV-2","SV-02",2023,"FAGR",6.8,4,"Y",3,"3","#2467",0.0036316811075498
"484","Subplot","SV-2","SV-02",2023,"SNAG",3,8,"",NA,"","",0.000706858347057703
"485","Subplot","SV-3","SV-03",2023,"SNAG",2,7,"",NA,"","",0.000314159265358979
"486","Subplot","SV-4","SV-04",2023,"FAGR",12.3,4,"Y",3,"3","2580, severly bent",0.01188228881404
"487","Subplot","SV-4","SV-04",2023,"FAGR",4.1,2,"Y",3,"3","",0.00132025431267111
"488","Subplot","SV-4","SV-04",2023,"SNAG",8.5,7,"",NA,"","2577",0.00567450173054657
"489","Subplot","SV-4","SV-04",2023,"ACSA",8.8,1,"",NA,"","2578",0.00608212337734984
"490","Subplot","SV-5","SV-05",2023,"FAGR",2.5,2,"Y",2,"2","",0.000490873852123405
"491","Subplot","SV-5","SV-05",2023,"SNAG",8.4,7,"",NA,"","2604",0.0055417694409324
"492","Subplot","SV-5","SV-05",2023,"FAGR",1.2,4,"Y",1,"1","",0.000113097335529233
"493","Subplot","SV-5","SV-05",2023,"FAGR",7.9,3,"Y",4,"4","2597",0.00490166993776347
"494","Subplot","SV-5","SV-05",2023,"FAGR",4.5,3,"Y",4,"3","",0.00159043128087983
"495","Subplot","SV-5","SV-05",2023,"FAGR",7.3,3,"Y",4,"3","2596",0.004185386812745
"496","Subplot","SV-5","SV-05",2023,"SNAG",4.7,7,"Y",NA,"","",0.00173494454294496
"497","Subplot","SV-6","SV-06",2023,"FAGR",1.5,4,"Y",2,"0","",0.000176714586764426
"498","Subplot","SV-6","SV-06",2023,"FAGR",3.8,3,"Y",3,"3","",0.00113411494794592
"499","Subplot","SV-6","SV-06",2023,"FAGR",4.8,3,"Y",4,"3","",0.00180955736846772
"500","Subplot","SV-6","SV-06",2023,"FAGR",7,3,"Y",4,"3","2668",0.0038484510006475
"501","Subplot","SV-6","SV-06",2023,"FAGR",5.9,3,"Y",3,"3","2669",0.00273397100678652
"502","Subplot","SV-6","SV-06",2023,"FAGR",2.5,3,"Y",3,"3","",0.000490873852123405
"503","Subplot","SV-6","SV-06",2023,"FAGR",3.6,2,"Y",2,"3","",0.00101787601976309
"504","Subplot","SV-6","SV-06",2023,"SNAG",1.5,7,"",NA,"","",0.000176714586764426
"505","Subplot","SV-6","SV-06",2023,"FAGR",7.3,3,"Y",4,"4","2673",0.004185386812745
"506","Subplot","SV-6","SV-06",2023,"FAGR",4.8,2,"Y",4,"3","",0.00180955736846772
"507","Subplot","SV-6","SV-06",2023,"FAGR",8.7,3,"Y",4,"3","2673",0.00594467869875529
"508","Subplot","SV-6","SV-06",2023,"FAGR",3.9,3,"Y",3,"2","",0.00119459060652752
"509","Subplot","SV-7","SV-07",2023,"ACRU",6.9,2,"",NA,"","#2748",0.00373928065593525
"510","Subplot","SV-7","SV-07",2023,"FAGR",1.3,5,"Y",2,"1","",0.000132732289614169
"511","Subplot","SV-8","SV-08",2023,"ACSA",4.2,1,"",NA,"","",0.0013854423602331
"512","Subplot","SV-8","SV-08",2023,"ACSA",2.3,2,"",NA,"","",0.00041547562843725
"513","Subplot","SV-8","SV-08",2023,"ACSA",3.5,2,"",NA,"","",0.000962112750161874
"514","Subplot","SV-8","SV-08",2023,"ACRU",11.4,1,"",NA,"","#2694",0.0102070345315132
"515","Subplot","SV-8","SV-08",2023,"ACSA",1.5,4,"",NA,"","",0.000176714586764426
"516","Subplot","SV-9","SV-09",2023,"ACSA",2.2,2,"",NA,"","",0.000380132711084365
"517","Subplot","SV-9","SV-09",2023,"ACSA",6.4,1,"",NA,"","",0.00321699087727595
"518","Subplot","SV-9","SV-09",2023,"SNAG",1.7,7,"",NA,"","",0.000226980069221863
"519","Subplot","TSI-10","TSI-10",2023,"ACSA",1.8,1,"",NA,"","",0.000254469004940773
"520","Subplot","TSI-10","TSI-10",2023,"FAGR",2.5,6,"N",0,"0","barely any leaves ~ 5",0.000490873852123405
"521","Subplot","TSI-10","TSI-10",2023,"ACSA",5.8,1,"",NA,"","",0.00264207942166902
"522","Subplot","TSI-10","TSI-10",2023,"ACSA",3.1,1,"",NA,"","",0.000754767635024948
"523","Subplot","TSI-10","TSI-10",2023,"SNAG",1.1,8,"",NA,"","",9.50331777710913e-05
"524","Subplot","TSI-10","TSI-10",2023,"ACSA",2.8,2,"",NA,"","",0.000615752160103599
"525","Subplot","TSI-10","TSI-10",2023,"ACSA",3.7,1,"",NA,"","",0.00107521008569111
"526","Subplot","TSI-10","TSI-10",2023,"ACSA",2.9,1,"",NA,"","",0.000660519855417254
"527","Subplot","TSI-11","TSI-11",2023,"FAGR",5,3,"Y",2,"1","",0.00196349540849362
"528","Subplot","TSI-11","TSI-11",2023,"FAGR",2,4,"Y",2,"1","",0.000314159265358979
"529","Subplot","TSI-11","TSI-11",2023,"FAGR",1.5,6,"Y",1,"0","",0.000176714586764426
"530","Subplot","TSI-12","TSI-12",2023,"SNAG",5.5,7,"",NA,"","",0.00237582944427728
"531","Subplot","TSI-12","TSI-12",2023,"SNAG",6.1,8,"",NA,"","",0.0029224665660019
"532","Subplot","TSI-12","TSI-12",2023,"FAGR",1.5,3,"Y",1,"0","",0.000176714586764426
"533","Subplot","TSI-12","TSI-12",2023,"FAGR",1.1,4,"Y",2,"0","",9.50331777710913e-05
"534","Subplot","TSI-12","TSI-12",2023,"FAGR",4,2,"Y",1,"0","",0.00125663706143592
"535","Subplot","TSI-12","TSI-12",2023,"FAGR",12.1,3,"Y",3,"2","",0.011499014510302
"536","Subplot","TSI-12","TSI-12",2023,"ACSA",3.2,2,"",NA,"","",0.000804247719318987
"537","Subplot","TSI-12","TSI-12",2023,"SNAG",1.6,8,"",NA,"","",0.000201061929829747
"538","Subplot","TSI-2","TSI-02",2023,"SNAG",2.2,8,"",NA,"","",0.000380132711084365
"539","Subplot","TSI-2","TSI-02",2023,"FAGR",1.6,5,"Y",4,"3","",0.000201061929829747
"540","Subplot","TSI-2","TSI-02",2023,"FAGR",4,3,"Y",3,"2","",0.00125663706143592
"541","Subplot","TSI-2","TSI-02",2023,"SNAG",2.2,7,"",NA,"","",0.000380132711084365
"542","Subplot","TSI-2","TSI-02",2023,"FAGR",2.6,6,"Y",4,"3","",0.000530929158456675
"543","Subplot","TSI-2","TSI-02",2023,"FAGR",3.2,4,"Y",4,"2","",0.000804247719318987
"544","Subplot","TSI-3","TSI-03",2023,"SNAG",3.4,7,"",NA,"","",0.00090792027688745
"545","Subplot","TSI-3","TSI-03",2023,"FAGR",3.5,3,"Y",3,"2","",0.000962112750161874
"546","Subplot","TSI-3","TSI-03",2023,"FAGR",2.7,3,"Y",3,"2","",0.00057255526111674
"547","Subplot","TSI-3","TSI-03",2023,"FAGR",1.2,2,"Y",2,"1","",0.000113097335529233
"548","Subplot","TSI-4","TSI-04",2023,"ACSA",4.3,3,"",NA,"","",0.00145220120412188
"549","Subplot","TSI-5","TSI-05",2023,"FAGR",2.6,2,"Y",3,"3","",0.000530929158456675
"550","Subplot","TSI-5","TSI-05",2023,"FAGR",2.2,2,"Y",3,"2","",0.000380132711084365
"551","Subplot","TSI-5","TSI-05",2023,"FAGR",3.6,2,"Y",4,"3","",0.00101787601976309
"552","Subplot","TSI-6","TSI-06",2023,"ACSA",2.3,2,"",NA,"","",0.00041547562843725
"553","Subplot","TSI-6","TSI-06",2023,"ACSA",6.3,2,"",NA,"","",0.00311724531052447
"554","Subplot","TSI-6","TSI-06",2023,"SNAG",3.4,7,"",NA,"","",0.00090792027688745
"555","Subplot","TSI-6","TSI-06",2023,"ACSA",3.3,2,"",NA,"","",0.000855298599939821
"556","Subplot","TSI-6","TSI-06",2023,"ACSA",3.5,1,"",NA,"","",0.000962112750161874
"557","Subplot","TSI-6","TSI-06",2023,"ACSA",1.9,2,"",NA,"","",0.000283528736986479
"558","Subplot","TSI-6","TSI-06",2023,"SNAG",4.2,7,"",NA,"","was a beech",0.0013854423602331
"559","Subplot","TSI-7","TSI-07",2023,"FAGR",2.5,3,"Y",3,"4","",0.000490873852123405
"560","Subplot","TSI-7","TSI-07",2023,"SNAG",1.4,7,"",NA,"","",0.0001539380400259
"561","Subplot","TSI-7","TSI-07",2023,"FAGR",3,2,"Y",3,"3","",0.000706858347057703
"562","Subplot","TSI-7","TSI-07",2023,"FAGR",2.2,2,"Y",3,"3","",0.000380132711084365
"563","Subplot","TSI-7","TSI-07",2023,"FAGR",5.3,3,"Y",4,"2","",0.00220618344098343
"564","Subplot","TSI-7","TSI-07",2023,"SNAG",1.3,8,"",NA,"","",0.000132732289614169
"565","Subplot","TSI-8","TSI-08",2023,"SNAG",4.5,8,"",NA,"","",0.00159043128087983
"566","Subplot","TSI-8","TSI-08",2023,"BEAL2",3.5,2,"",NA,"","",0.000962112750161874
"567","Subplot","TSI-8","TSI-08",2023,"BEAL2",1.7,1,"",NA,"","",0.000226980069221863
"568","Subplot","TSI-8","TSI-08",2023,"FAGR",1.2,2,"Y",2,"0","",0.000113097335529233
"569","Subplot","TSI-8","TSI-08",2023,"BEAL2",2.3,1,"",NA,"","",0.00041547562843725
"570","Subplot","TSI-9","TSI-09",2023,"FAGR",2.9,5,"Y",1,"0","",0.000660519855417254
"571","Subplot","TSI-9","TSI-09",2023,"FAGR",5.9,2,"Y",3,"1","",0.00273397100678652
"572","Subplot","TSI-9","TSI-09",2023,"FAGR",3.8,4,"Y",3,"2","",0.00113411494794592
"573","Subplot","TSI-9","TSI-09",2023,"ACSA",4.6,1,"",NA,"","",0.001661902513749
"574","Subplot","TSI-9","TSI-09",2023,"SNAG",1.1,7,"",NA,"","",9.50331777710913e-05
"575","Subplot","TSI-9","TSI-09",2023,"FAGR",3.1,2,"Y",3,"2","",0.000754767635024948
"576","Subplot","TSI-9","TSI-09",2023,"FAGR",3.7,NA,"Y",2,"0","",0.00107521008569111
"577","Subplot","TSI-9","TSI-09",2023,"FAGR",3.5,NA,"Y",2,"0","",0.000962112750161874
"578","Subplot","TSI-9","TSI-09",2023,"FAGR",7.7,4,"Y",3,"2","",0.00465662571078347
"579","Subplot","TSI-9","TSI-09",2023,"SNAG",1.8,7,"",NA,"","",0.000254469004940773
"580","Subplot","WVHA-01","WVHA-01",2023,"FAGR",3.6,2,"Y",2,"0","",0.00101787601976309
"581","Subplot","WVHA-01","WVHA-01",2023,"FAGR",4.8,2,"Y",3,"0","",0.00180955736846772
"582","Subplot","WVHA-01","WVHA-01",2023,"FAGR",11.3,2,"Y",3,"0","",0.010028749148422
"583","Subplot","WVHA-01","WVHA-01",2023,"FAGR",4.8,2,"Y",3,"2","",0.00180955736846772
"584","Subplot","WVHA-02","WVHA-02",2023,"FAGR",11.2,3,"Y",3,"0","",0.00985203456165759
"585","Subplot","WVHA-02","WVHA-02",2023,"FAGR",2.8,2,"Y",3,"2","",0.000615752160103599
"586","Subplot","WVHA-02","WVHA-02",2023,"FAGR",3.8,6,"Y",4,"3","",0.00113411494794592
"587","Subplot","WVHA-02","WVHA-02",2023,"FAGR",1.8,6,"Y",3,"0","",0.000254469004940773
"588","Subplot","WVHA-02","WVHA-02",2023,"FAGR",1.5,6,"Y",3,"0","",0.000176714586764426
"589","Subplot","WVHA-02","WVHA-02",2023,"FAGR",2,4,"Y",3,"2","",0.000314159265358979
"590","Subplot","WVHA-02","WVHA-02",2023,"FAGR",5,3,"Y",3,"2","",0.00196349540849362
"591","Subplot","WVHA-02","WVHA-02",2023,"FAGR",2.5,4,"Y",3,"2","",0.000490873852123405
"592","Subplot","WVHA-02","WVHA-02",2023,"FAGR",3.6,3,"Y",4,"2","",0.00101787601976309
"593","Subplot","WVMO-01","WVMO-01",2023,"ACSA",2,2,"",NA,"","",0.000314159265358979
"594","Subplot","WVMO-01","WVMO-01",2023,"FAGR",1,3,"N",0,"0","",7.85398163397448e-05
"595","Subplot","WVMO-01","WVMO-01",2023,"FAGR",9.9,3,"N",0,"0","",0.00769768739945839
"596","Subplot","WVMO-02","WVMO-02",2023,"None",NA,NA,"",NA,"","NONE",0
"597","Subplot","WVRA-01","WVRA-01",2023,"FAGR",2,2,"N",0,"0","",0.000314159265358979
"598","Subplot","WVRA-01","WVRA-01",2023,"FAGR",1,2,"N",0,"0","",7.85398163397448e-05
"599","Subplot","WVRA-01","WVRA-01",2023,"FAGR",2,2,"N",0,"0","",0.000314159265358979
"600","Subplot","WVRA-01","WVRA-01",2023,"FAGR",1,2,"N",0,"0","",7.85398163397448e-05
"601","Subplot","WVRA-01","WVRA-01",2023,"FAGR",1.5,2,"N",0,"0","",0.000176714586764426
"602","Subplot","WVRA-01","WVRA-01",2023,"FAGR",1.3,2,"N",0,"0","",0.000132732289614169
"603","Subplot","WVRA-01","WVRA-01",2023,"FAGR",1,2,"N",0,"0","",7.85398163397448e-05
"604","Subplot","WVRA-01","WVRA-01",2023,"FAGR",1,2,"N",0,"0","",7.85398163397448e-05
"605","Subplot","WVRA-01","WVRA-01",2023,"FAGR",1,2,"N",0,"0","",7.85398163397448e-05
"606","Subplot","WVRA-01","WVRA-01",2023,"FAGR",1,2,"N",0,"0","",7.85398163397448e-05
"607","Subplot","WVRA-01","WVRA-01",2023,"FAGR",1.3,2,"N",0,"0","",0.000132732289614169
"608","Subplot","WVRA-01","WVRA-01",2023,"FAGR",1,2,"N",0,"0","",7.85398163397448e-05
"609","Subplot","WVRA-01","WVRA-01",2023,"FAGR",4.1,4,"N",0,"0","",0.00132025431267111
"610","Subplot","WVRA-01","WVRA-01",2023,"FAGR",2.5,4,"N",0,"0","",0.000490873852123405
"611","Subplot","WVRA-01","WVRA-01",2023,"FAGR",1.3,2,"N",0,"0","",0.000132732289614169
"612","Subplot","WVRA-01","WVRA-01",2023,"FAGR",1.5,2,"N",0,"0","",0.000176714586764426
"613","Subplot","WVRA-01","WVRA-01",2023,"FAGR",1.8,2,"N",0,"0","",0.000254469004940773
"614","Subplot","WVRA-01","WVRA-01",2023,"FAGR",3.6,2,"N",0,"0","",0.00101787601976309
"615","Subplot","WVRA-01","WVRA-01",2023,"FAGR",1,2,"N",0,"0","",7.85398163397448e-05
"616","Subplot","WVRA-01","WVRA-01",2023,"FAGR",1.8,2,"N",0,"0","",0.000254469004940773
"617","Subplot","WVRA-01","WVRA-01",2023,"FAGR",1,2,"N",0,"0","",7.85398163397448e-05
"618","Subplot","WVRA-01","WVRA-01",2023,"FAGR",1,2,"N",0,"0","",7.85398163397448e-05
"619","Subplot","WVRA-01","WVRA-01",2023,"FAGR",1,2,"N",0,"0","",7.85398163397448e-05
"620","Subplot","WVRA-01","WVRA-01",2023,"FAGR",5.1,7,"N",0,"0","",0.00204282062299676
"621","Subplot","WVRA-01","WVRA-01",2023,"FAGR",8.1,2,"N",0,"0","",0.00515299735005066
"622","Subplot","WVRA-01","WVRA-01",2023,"FAGR",1,2,"N",0,"0","",7.85398163397448e-05
"623","Subplot","WVRA-02","WVRA-02",2023,"FAGR",1,6,"N",0,"0","",7.85398163397448e-05
"624","Subplot","WVRA-02","WVRA-02",2023,"FAGR",1,2,"N",0,"0","",7.85398163397448e-05
"625","Subplot","WVRA-02","WVRA-02",2023,"FAGR",1,2,"N",0,"0","",7.85398163397448e-05
"626","Subplot","WVRA-02","WVRA-02",2023,"ACSA",7.1,2,"N",0,"0","",0.00395919214168654
"627","Subplot","WVRA-02","WVRA-02",2023,"FAGR",10.4,2,"N",0,"0","",0.0084948665353068
"628","Subplot","WVRA-02","WVRA-02",2023,"FAGR",2.54,2,"N",0,"0","",0.000506707479097498
"629","Subplot","WVRA-02","WVRA-02",2023,"FAGR",1.8,2,"N",0,"0","",0.000254469004940773
"630","Subplot","WVRA-02","WVRA-02",2023,"FAGR",1,2,"N",0,"0","",7.85398163397448e-05
"631","Subplot","WVRA-02","WVRA-02",2023,"FAGR",1,2,"N",0,"0","",7.85398163397448e-05
"632","Subplot","WVRA-02","WVRA-02",2023,"FAGR",1.8,2,"N",0,"0","",0.000254469004940773
"633","Subplot","WVRA-02","WVRA-02",2023,"FAGR",1,2,"N",0,"0","",7.85398163397448e-05
"634","Subplot","WVRA-02","WVRA-02",2023,"FAGR",1,2,"N",0,"0","",7.85398163397448e-05
"635","Subplot","WVRA-02","WVRA-02",2023,"FAGR",4.1,2,"N",0,"0","",0.00132025431267111
"636","Subplot","WVRA-02","WVRA-02",2023,"FAGR",1,2,"N",0,"0","",7.85398163397448e-05
"637","Subplot","WVTU-01","WVTU-01",2023,"None",NA,NA,"",NA,"","NONE",0
"638","Subplot","WVTU-02","WVTU-02",2023,"FAGR",11.9,2,"N",NA,"","",0.0111220233918713
"639","Subplot","WVTU-02","WVTU-02",2023,"FAGR",5.3,2,"N",NA,"","",0.00220618344098343
"640","Subplot","WVTU-02","WVTU-02",2023,"TSCA",5.3,3,"",NA,"","",0.00220618344098343
"641","Subplot","WVTU-02","WVTU-02",2023,"TSCA",6.1,3,"",NA,"","",0.0029224665660019
"642","Subplot","BP-1","BP-01",2024,"None",NA,NA,"",NA,NA,"",0
"643","Subplot","BP-2","BP-02",2024,"None",NA,NA,"",NA,NA,"",0
"644","Subplot","BW-1","BW-01",2024,"None",NA,NA,"",NA,NA,"",0
"645","Subplot","BW-2","BW-02",2024,"None",NA,NA,"",NA,NA,"",0
"646","Subplot","C-1","C-01",2024,"ACSA3",5.1,3,"",NA,NA,"",0.00204282062299676
"647","Subplot","C-1","C-01",2024,"ACSA3",5.7,2,"",NA,NA,"",0.00255175863287831
"648","Subplot","C-1","C-01",2024,"ACSA3",3.8,2,"",NA,NA,"",0.00113411494794592
"649","Subplot","C-1","C-01",2024,"SNAG",3.3,8,"",NA,NA,"",0.000855298599939821
"650","Subplot","C-10","C-10",2024,"ACSA3",4.8,4,"",NA,NA,"",0.00180955736846772
"651","Subplot","C-10","C-10",2024,"ACSA3",3.7,3,"",NA,NA,"",0.00107521008569111
"652","Subplot","C-11","C-11",2024,"None",NA,NA,"",NA,NA,"",0
"653","Subplot","C-12","C-12",2024,"ACSA3",3.1,2,"",NA,NA,"",0.000754767635024948
"654","Subplot","C-12","C-12",2024,"ACSA3",3.7,2,"",NA,NA,"",0.00107521008569111
"655","Subplot","C-12","C-12",2024,"ACSA3",9,2,"",NA,NA,"",0.00636172512351933
"656","Subplot","C-12","C-12",2024,"ACSA3",6.1,2,"",NA,NA,"",0.0029224665660019
"657","Subplot","C-12","C-12",2024,"ACSA3",5.6,2,"",NA,NA,"",0.0024630086404144
"658","Subplot","C-13","C-13",2024,"SNAG",4.5,8,"",NA,NA,"",0.00159043128087983
"659","Subplot","C-14","C-14",2024,"SNAG",1.5,8,"",NA,NA,"",0.000176714586764426
"660","Subplot","C-14","C-14",2024,"ACSA3",2.5,2,"",NA,NA,"",0.000490873852123405
"661","Subplot","C-14","C-14",2024,"ACSA3",2.4,3,"",NA,NA,"",0.00045238934211693
"662","Subplot","C-14","C-14",2024,"ACSA3",1.4,2,"",NA,NA,"",0.0001539380400259
"663","Subplot","C-14","C-14",2024,"ACSA3",4.6,3,"",NA,NA,"",0.001661902513749
"664","Subplot","C-14","C-14",2024,"ACSA3",3.5,3,"",NA,NA,"",0.000962112750161874
"665","Subplot","C-14","C-14",2024,"ACSA3",1.6,4,"",NA,NA,"",0.000201061929829747
"666","Subplot","C-14","C-14",2024,"ACSA3",3.5,2,"",NA,NA,"",0.000962112750161874
"667","Subplot","C-14","C-14",2024,"SNAG",2,7,"",NA,NA,"",0.000314159265358979
"668","Subplot","C-14","C-14",2024,"SNAG",2.3,7,"",NA,NA,"",0.00041547562843725
"669","Subplot","C-14","C-14",2024,"SNAG",1.1,7,"",NA,NA,"",9.50331777710913e-05
"670","Subplot","C-14","C-14",2024,"ACSA3",5.3,2,"",NA,NA,"",0.00220618344098343
"671","Subplot","C-14","C-14",2024,"ACSA3",3.3,2,"",NA,NA,"",0.000855298599939821
"672","Subplot","C-14","C-14",2024,"ACSA3",3.1,2,"",NA,NA,"",0.000754767635024948
"673","Subplot","C-14","C-14",2024,"ACSA3",2.4,2,"",NA,NA,"",0.00045238934211693
"674","Subplot","C-14","C-14",2024,"ACSA3",1.7,1,"",NA,NA,"",0.000226980069221863
"675","Subplot","C-14","C-14",2024,"ACSA3",2.3,3,"",NA,NA,"",0.00041547562843725
"676","Subplot","C-14","C-14",2024,"FAGR",9.1,5,"Y",4,"4","",0.00650388219109427
"677","Subplot","C-15","C-15",2024,"None",NA,NA,"",NA,NA,"",0
"678","Subplot","C-16","C-16",2024,"ACSA3",1.9,1,"",NA,NA,"",0.000283528736986479
"679","Subplot","C-16","C-16",2024,"ACSA3",9.1,2,"",NA,NA,"",0.00650388219109427
"680","Subplot","C-16","C-16",2024,"ACSA3",2.4,3,"",NA,NA,"",0.00045238934211693
"681","Subplot","C-16","C-16",2024,"ACSA3",8.7,2,"",NA,NA,"",0.00594467869875529
"682","Subplot","C-17","C-17",2024,"FAGR",7.1,5,"Y",3,"3","7.1 AND 2.3 CONNECTED",0.00395919214168654
"683","Subplot","C-17","C-17",2024,"FAGR",2.3,6,"Y",3,"2","",0.00041547562843725
"684","Subplot","C-17","C-17",2024,"FAGR",6.2,4,"Y",4,"4","",0.00301907054009979
"685","Subplot","C-17","C-17",2024,"FAGR",4.3,4,"Y",3,"2","",0.00145220120412188
"686","Subplot","C-17","C-17",2024,"SNAG",2.5,8,"",NA,NA,"",0.000490873852123405
"687","Subplot","C-17","C-17",2024,"FAGR",2,6,"Y",4,"3","",0.000314159265358979
"688","Subplot","C-17","C-17",2024,"FAGR",1.9,5,"Y",4,"4","1.9 AND 7.4 CONNECTED",0.000283528736986479
"689","Subplot","C-17","C-17",2024,"FAGR",7.4,4,"Y",4,"3","",0.00430084034276443
"690","Subplot","C-2","C-02",2024,"ACSA3",1.7,2,"",NA,NA,"",0.000226980069221863
"691","Subplot","C-2","C-02",2024,"ACSA3",1.8,2,"",NA,NA,"",0.000254469004940773
"692","Subplot","C-2","C-02",2024,"ACSA3",2.4,3,"",NA,NA,"",0.00045238934211693
"693","Subplot","C-3","C-03",2024,"None",NA,NA,"",NA,NA,"",0
"694","Subplot","C-4","C-04",2024,"ACSA3",3,3,"",NA,NA,"",0.000706858347057703
"695","Subplot","C-4","C-04",2024,"ACSA3",1.5,2,"",NA,NA,"",0.000176714586764426
"696","Subplot","C-4","C-04",2024,"ACSA3",3.3,3,"",NA,NA,"",0.000855298599939821
"697","Subplot","C-5","C-05",2024,"ACSA3",3.8,2,"",NA,NA,"",0.00113411494794592
"698","Subplot","C-5","C-05",2024,"ACSA3",5.3,2,"",NA,NA,"",0.00220618344098343
"699","Subplot","C-5","C-05",2024,"ACSA3",2,2,"",NA,NA,"",0.000314159265358979
"700","Subplot","CC-1","CC-01",2024,"ACSA3",3.5,2,"",NA,NA,"",0.000962112750161874
"701","Subplot","CC-1","CC-01",2024,"ACSA3",3.2,2,"",NA,NA,"",0.000804247719318987
"702","Subplot","CC-1","CC-01",2024,"ACSA3",6.8,2,"",NA,NA,"",0.0036316811075498
"703","Subplot","CC-1","CC-01",2024,"FAGR",4.5,2,"N",0,"0","",0.00159043128087983
"704","Subplot","CC-1","CC-01",2024,"FAGR",6,6,"N",0,"0","",0.00282743338823081
"705","Subplot","CC-1","CC-01",2024,"SNAG",2.2,8,"",NA,NA,"",0.000380132711084365
"706","Subplot","CC-1","CC-01",2024,"ACSA3",4.2,2,"",NA,NA,"",0.0013854423602331
"707","Subplot","CC-1","CC-01",2024,"ACSA3",7.3,2,"",NA,NA,"",0.004185386812745
"708","Subplot","CC-1","CC-01",2024,"ACSA3",3.5,2,"",NA,NA,"",0.000962112750161874
"709","Subplot","CC-1","CC-01",2024,"FAGR",5,2,"N",0,"0","",0.00196349540849362
"710","Subplot","CC-1","CC-01",2024,"ACRU",5,2,"",NA,NA,"",0.00196349540849362
"711","Subplot","CC-2","CC-02",2024,"FAGR",3.3,4,"Y",3,"2","",0.000855298599939821
"712","Subplot","CC-2","CC-02",2024,"FAGR",4.1,3,"Y",2,"2","",0.00132025431267111
"713","Subplot","CC-2","CC-02",2024,"FAGR",2.3,3,"Y",1,"2","beech blight aphid",0.00041547562843725
"714","Subplot","CC-2","CC-02",2024,"FAGR",1.6,3,"Y",1,"1","",0.000201061929829747
"715","Subplot","DL-1","DL-01",2024,"FAGR",7.3,2,"N",NA,NA,"",0.004185386812745
"716","Subplot","DL-1","DL-01",2024,"OSVI",5.5,3,"",NA,NA,"",0.00237582944427728
"717","Subplot","DL-2","DL-02",2024,"None",NA,NA,"",NA,NA,"",0
"718","Subplot","GW-1","GW-01",2024,"FAGR",6.5,2,"Y",2,"4","",0.00331830724035422
"719","Subplot","GW-1","GW-01",2024,"ACSA3",10.7,2,"",NA,NA,"",0.00899202357273739
"720","Subplot","GW-1","GW-01",2024,"ACSA3",3.9,2,"",NA,NA,"",0.00119459060652752
"721","Subplot","GW-1","GW-01",2024,"SNAG",2.1,7,"",NA,NA,"",0.000346360590058275
"722","Subplot","GW-1","GW-01",2024,"ACSA3",6.1,2,"",NA,NA,"",0.0029224665660019
"723","Subplot","GW-1","GW-01",2024,"FAGR",3.1,3,"Y",3,"4","",0.000754767635024948
"724","Subplot","HA-1","HA-01",2024,"None",NA,NA,"",NA,NA,"",0
"725","Subplot","HA-2","HA-02",2024,"None",NA,NA,"",NA,NA,"",0
"726","Subplot","HA-3","HA-03",2024,"PRSE2",6.8,3,"",NA,NA,"",0.0036316811075498
"727","Subplot","HA-3","HA-03",2024,"SNAG",8.3,8,"",NA,NA,"",0.00541060794764502
"728","Subplot","HH-1","HH-01",2024,"FAGR",7.8,3,"Y",1,"3","",0.00477836242611008
"729","Subplot","HH-1","HH-01",2024,"FAGR",8.2,3,"Y",2,"3","",0.00528101725068444
"730","Subplot","HH-1","HH-01",2024,"FAGR",7.9,3,"Y",2,"4","",0.00490166993776347
"731","Subplot","HH-1","HH-01",2024,"FAGR",2,2,"Y",2,"2","",0.000314159265358979
"732","Subplot","HH-1","HH-01",2024,"FAGR",0.8,2,"Y",1,"4","mites",5.02654824574367e-05
"733","Subplot","HR-1","HR-01",2024,"FAGR",11.3,5,"Y",3,"4","",0.010028749148422
"734","Subplot","HR-1","HR-01",2024,"FAGR",2.5,5,"Y",2,"2","",0.000490873852123405
"735","Subplot","HR-1","HR-01",2024,"SNAG",2.6,7,"",NA,NA,"",0.000530929158456675
"736","Subplot","HR-1","HR-01",2024,"FAGR",0.5,6,"Y",2,"1","",1.96349540849362e-05
"737","Subplot","HR-1","HR-01",2024,"FAGR",1.1,6,"Y",4,"4","",9.50331777710913e-05
"738","Subplot","HR-1","HR-01",2024,"FAGR",4.3,6,"Y",3,"3","",0.00145220120412188
"739","Subplot","HR-1","HR-01",2024,"FAGR",0.5,5,"Y",3,"3","",1.96349540849362e-05
"740","Subplot","HR-1","HR-01",2024,"SNAG",2.4,7,"",NA,NA,"",0.00045238934211693
"741","Subplot","HR-1","HR-01",2024,"FAGR",2.7,5,"Y",2,"1","",0.00057255526111674
"742","Subplot","HR-1","HR-01",2024,"SNAG",0.6,7,"",NA,NA,"",2.82743338823081e-05
"743","Subplot","HR-1","HR-01",2024,"FAGR",1,5,"Y",4,"4","",7.85398163397448e-05
"744","Subplot","HR-1","HR-01",2024,"FAGR",0.5,4,"Y",1,"1","",1.96349540849362e-05
"745","Subplot","HR-1","HR-01",2024,"ACRU",7.7,2,"",NA,NA,"",0.00465662571078347
"746","Subplot","HR-1","HR-01",2024,"FAGR",1.1,6,"Y",3,"3","",9.50331777710913e-05
"747","Subplot","HR-1","HR-01",2024,"FAGR",1.1,4,"Y",1,"2","",9.50331777710913e-05
"748","Subplot","HR-1","HR-01",2024,"FAGR",1,5,"Y",2,"3","",7.85398163397448e-05
"749","Subplot","HR-1","HR-01",2024,"FAGR",0.8,5,"Y",2,"2","",5.02654824574367e-05
"750","Subplot","HR-1","HR-01",2024,"FAGR",1.2,5,"Y",1,"3","",0.000113097335529233
"751","Subplot","HR-1","HR-01",2024,"FAGR",0.6,4,"Y",1,"1","",2.82743338823081e-05
"752","Subplot","HR-1","HR-01",2024,"FAGR",0.8,4,"Y",1,"1","",5.02654824574367e-05
"753","Subplot","HR-2","HR-02",2024,"ACSA3",11.5,2,"",NA,NA,"",0.0103868907109313
"754","Subplot","HR-2","HR-02",2024,"ACSA3",4.5,2,"",NA,NA,"",0.00159043128087983
"755","Subplot","HR-2","HR-02",2024,"SNAG",1,7,"",NA,NA,"",7.85398163397448e-05
"756","Subplot","HR-2","HR-02",2024,"ACSA3",2.2,2,"",NA,NA,"",0.000380132711084365
"757","Subplot","HR-2","HR-02",2024,"FAGR",1.1,5,"Y",2,"4","",9.50331777710913e-05
"758","Subplot","HR-2","HR-02",2024,"ACSA3",3.8,2,"",NA,NA,"",0.00113411494794592
"759","Subplot","NP-1","NP-01",2024,"None",NA,NA,"",NA,NA,"",0
"760","Subplot","NP-2","NP-02",2024,"None",NA,NA,"",NA,NA,"",0
"761","Subplot","NP-3","NP-03",2024,"FAGR",5.7,4,"Y",3,"3","",0.00255175863287831
"762","Subplot","PB-1","PB-01",2024,"FAGR",4.6,6,"Y",4,"4","",0.001661902513749
"763","Subplot","PB-1","PB-01",2024,"SNAG",6.4,7,"",NA,NA,"Attached to above FAGR (4.6 DBH)",0.00321699087727595
"764","Subplot","PB-1","PB-01",2024,"FAGR",7,6,"Y",4,"2","",0.0038484510006475
"765","Subplot","PC-1","PC-01",2024,"None",NA,NA,"",NA,NA,"",0
"766","Subplot","PC-10","PC-10",2024,"SNAG",1.8,7,"",NA,NA,"",0.000254469004940773
"767","Subplot","PC-10","PC-10",2024,"Witch Hazel",2.9,2,"",NA,NA,"",0.000660519855417254
"768","Subplot","PC-10","PC-10",2024,"Witch Hazel",1.5,2,"",NA,NA,"",0.000176714586764426
"769","Subplot","PC-10","PC-10",2024,"ACSA3",4.7,4,"",NA,NA,"",0.00173494454294496
"770","Subplot","PC-10","PC-10",2024,"FAGR",1.8,4,"Y",2,"1","",0.000254469004940773
"771","Subplot","PC-10","PC-10",2024,"CACA18",2.9,2,"",NA,NA,"",0.000660519855417254
"772","Subplot","PC-10","PC-10",2024,"SNAG",2.8,7,"",NA,NA,"",0.000615752160103599
"773","Subplot","PC-10","PC-10",2024,"PRSE2",5.4,2,"",NA,NA,"",0.00229022104446696
"774","Subplot","PC-11","PC-11",2024,"ACRU",2.9,2,"",NA,NA,"",0.000660519855417254
"775","Subplot","PC-11","PC-11",2024,"Witch Hazel",7.2,2,"",NA,NA,"",0.00407150407905237
"776","Subplot","PC-11","PC-11",2024,"Witch Hazel",2.9,2,"",NA,NA,"",0.000660519855417254
"777","Subplot","PC-11","PC-11",2024,"PRSE2",3.2,3,"",NA,NA,"",0.000804247719318987
"778","Subplot","PC-11","PC-11",2024,"ACSA3",3.9,3,"",NA,NA,"",0.00119459060652752
"779","Subplot","PC-11","PC-11",2024,"ACSA3",2.9,2,"",NA,NA,"",0.000660519855417254
"780","Subplot","PC-11","PC-11",2024,"PRSE2",8.5,4,"",NA,NA,"#813",0.00567450173054657
"781","Subplot","PC-12","PC-12",2024,"CACA18",1.9,2,"",NA,NA,"",0.000283528736986479
"782","Subplot","PC-12","PC-12",2024,"MAAC",6.9,2,"",NA,NA,"",0.00373928065593525
"783","Subplot","PC-12","PC-12",2024,"SNAG",3.7,7,"",NA,NA,"",0.00107521008569111
"784","Subplot","PC-12","PC-12",2024,"FAGR",3.9,5,"Y",3,"3","",0.00119459060652752
"785","Subplot","PC-2","PC-02",2024,"SNAG",9.6,7,"",NA,NA,"#524",0.00723822947387088
"786","Subplot","PC-2","PC-02",2024,"FAGR",2.8,6,"Y",3,"2","",0.000615752160103599
"787","Subplot","PC-2","PC-02",2024,"FAGR",5.1,3,"Y",3,"2","",0.00204282062299676
"788","Subplot","PC-3","PC-03",2024,"FAGR",3.5,6,"Y",3,"4","",0.000962112750161874
"789","Subplot","PC-3","PC-03",2024,"ACSA3",5,2,"",NA,NA,"",0.00196349540849362
"790","Subplot","PC-3","PC-03",2024,"SNAG",1.1,7,"",NA,NA,"",9.50331777710913e-05
"791","Subplot","PC-3","PC-03",2024,"ACSA3",3.8,3,"",NA,NA,"",0.00113411494794592
"792","Subplot","PC-3","PC-03",2024,"ACSA3",2,5,"",NA,NA,"",0.000314159265358979
"793","Subplot","PC-3","PC-03",2024,"ACSA3",1.7,0,"",NA,NA,"",0.000226980069221863
"794","Subplot","PC-3","PC-03",2024,"SNAG",2.5,7,"",NA,NA,"",0.000490873852123405
"795","Subplot","PC-4","PC-04",2024,"FAGR",6.6,5,"Y",4,"3","",0.00342119439975928
"796","Subplot","PC-4","PC-04",2024,"OSVI",9.8,3,"",NA,NA,"",0.00754296396126909
"797","Subplot","PC-4","PC-04",2024,"ACSA3",1.7,2,"",NA,NA,"",0.000226980069221863
"798","Subplot","PC-4","PC-04",2024,"CACA18",6.4,2,"",NA,NA,"",0.00321699087727595
"799","Subplot","PC-4","PC-04",2024,"SNAG",1,7,"",NA,NA,"",7.85398163397448e-05
"800","Subplot","PC-5","PC-05",2024,"ACSA3",1.8,2,"",NA,NA,"",0.000254469004940773
"801","Subplot","PC-5","PC-05",2024,"SNAG",1.5,7,"",NA,NA,"",0.000176714586764426
"802","Subplot","PC-5","PC-05",2024,"FAGR",3.5,5,"Y",2,"4","",0.000962112750161874
"803","Subplot","PC-6","PC-06",2024,"Witch Hazel",4.1,2,"",NA,NA,"",0.00132025431267111
"804","Subplot","PC-6","PC-06",2024,"FAGR",3.1,6,"Y",1,"2","Barely any leaves",0.000754767635024948
"805","Subplot","PC-6","PC-06",2024,"CACA18",4.8,2,"",NA,NA,"",0.00180955736846772
"806","Subplot","PC-6","PC-06",2024,"ACSA3",10.5,3,"",NA,NA,"#641",0.00865901475145687
"807","Subplot","PC-8","PC-08",2024,"ACSA3",3.8,NA,"",NA,NA,"",0.00113411494794592
"808","Subplot","PC-8","PC-08",2024,"ACSA3",2.5,NA,"",NA,NA,"Top snapped off but still alive",0.000490873852123405
"809","Subplot","PC-8","PC-08",2024,"ACSA3",2.2,NA,"",NA,NA,"",0.000380132711084365
"810","Subplot","PC-8","PC-08",2024,"ACSA3",2.8,NA,"",NA,NA,"",0.000615752160103599
"811","Subplot","PC-8","PC-08",2024,"ACSA3",2.2,NA,"",NA,NA,"",0.000380132711084365
"812","Subplot","PC-8","PC-08",2024,"TIAM",10.7,NA,"",NA,NA,"#705",0.00899202357273739
"813","Subplot","PC-8","PC-08",2024,"ACSA3",1.5,NA,"",NA,NA,"",0.000176714586764426
"814","Subplot","PC-9","PC-09",2024,"FAGR",2.1,5,"Y",4,"2","",0.000346360590058275
"815","Subplot","PC-9","PC-09",2024,"SNAG",3.5,7,"",NA,NA,"",0.000962112750161874
"816","Subplot","RH-1","RH-01",2024,"FAGR",1.9,3,"N",NA,NA,"",0.000283528736986479
"817","Subplot","RH-1","RH-01",2024,"FAGR",2,3,"N",NA,NA,"",0.000314159265358979
"818","Subplot","RH-1","RH-01",2024,"FAGR",2.6,2,"N",NA,NA,"",0.000530929158456675
"819","Subplot","RH-1","RH-01",2024,"FAGR",2,3,"N",NA,NA,"",0.000314159265358979
"820","Subplot","RH-1","RH-01",2024,"FAGR",2.5,2,"N",NA,NA,"",0.000490873852123405
"821","Subplot","RH-1","RH-01",2024,"FAGR",1.9,2,"N",NA,NA,"",0.000283528736986479
"822","Subplot","RH-1","RH-01",2024,"FAGR",5.2,3,"N",NA,NA,"",0.0021237166338267
"823","Subplot","RH-1","RH-01",2024,"FAGR",4.3,2,"N",NA,NA,"",0.00145220120412188
"824","Subplot","RH-1","RH-01",2024,"FAGR",3.7,4,"N",NA,NA,"",0.00107521008569111
"825","Subplot","RH-1","RH-01",2024,"FAGR",9.1,3,"N",NA,NA,"",0.00650388219109427
"826","Subplot","RH-1","RH-01",2024,"FAGR",5.2,2,"N",NA,NA,"",0.0021237166338267
"827","Subplot","RH-1","RH-01",2024,"FAGR",1.2,3,"N",NA,NA,"",0.000113097335529233
"828","Subplot","RH-1","RH-01",2024,"FAGR",6.4,3,"N",NA,NA,"",0.00321699087727595
"829","Subplot","RH-1","RH-01",2024,"FAGR",4.9,3,"N",NA,NA,"",0.00188574099031727
"830","Subplot","SB-1","SB-01",2024,"FAGR",1.8,2,"Y",4,"3","#SC1-36",0.000254469004940773
"831","Subplot","SB-1","SB-01",2024,"ACSA3",1.4,3,"",NA,NA,"",0.0001539380400259
"832","Subplot","SB-1","SB-01",2024,"FAGR",1,4,"Y",4,"3","",7.85398163397448e-05
"833","Subplot","SB-1","SB-01",2024,"FAGR",9.9,NA,"Y",4,"2","",0.00769768739945839
"834","Subplot","SB-1","SB-01",2024,"SNAG",8.8,7,"",NA,NA,"beech",0.00608212337734984
"835","Subplot","SB-1","SB-01",2024,"SNAG",6.7,8,"",NA,NA,"",0.00352565235549115
"836","Subplot","SB-1","SB-01",2024,"FAGR",1.5,3,"Y",4,"3","SC1-37",0.000176714586764426
"837","Subplot","SB-1","SB-01",2024,"FAGR",1.3,3,"Y",4,"3","",0.000132732289614169
"838","Subplot","SB-1","SB-01",2024,"FAGR",3.9,4,"Y",4,"3","top broken off",0.00119459060652752
"839","Subplot","SB-1A","SB-01A",2024,"FAGR",3.4,5,"Y",2,"1","",0.00090792027688745
"840","Subplot","SB-1A","SB-01A",2024,"FAGR",4.2,4,"Y",2,"1","",0.0013854423602331
"841","Subplot","SB-1A","SB-01A",2024,"FAGR",3,3,"Y",2,"3","",0.000706858347057703
"842","Subplot","SB-1A","SB-01A",2024,"FAGR",2.4,3,"Y",1,"1","snapped in half",0.00045238934211693
"843","Subplot","SB-1B","SB-01B",2024,"FAGR",3.3,6,"Y",2,"4","",0.000855298599939821
"844","Subplot","SB-1B","SB-01B",2024,"FAGR",2.5,4,"Y",3,"2","",0.000490873852123405
"845","Subplot","SB-1B","SB-01B",2024,"ACSA3",2.2,2,"",NA,NA,"",0.000380132711084365
"846","Subplot","SB-1B","SB-01B",2024,"ACSA3",2,1,"",NA,NA,"",0.000314159265358979
"847","Subplot","SB-2","SB-02",2024,"ACSA3",8.1,2,"",NA,NA,"",0.00515299735005066
"848","Subplot","SB-2","SB-02",2024,"SNAG",7.7,7,"",NA,NA,"",0.00465662571078347
"849","Subplot","SB-2","SB-02",2024,"FAGR",4.6,5,"Y",3,"4","",0.001661902513749
"850","Subplot","SB-2","SB-02",2024,"FAGR",4.9,5,"Y",3,"4","",0.00188574099031727
"851","Subplot","SB-2","SB-02",2024,"FAGR",2,6,"Y",3,"3","",0.000314159265358979
"852","Subplot","SB-2","SB-02",2024,"FAGR",1.7,5,"Y",3,"4","",0.000226980069221863
"853","Subplot","SB-2","SB-02",2024,"LITU",0.5,1,"",NA,NA,"",1.96349540849362e-05
"854","Subplot","SB-2","SB-02",2024,"ACSA3",6.1,2,"",NA,NA,"",0.0029224665660019
"855","Subplot","SB-2","SB-02",2024,"FAGR",1.3,5,"Y",4,"4","",0.000132732289614169
"856","Subplot","SB-2","SB-02",2024,"FAGR",1.8,6,"Y",3,"3","",0.000254469004940773
"857","Subplot","SB-2","SB-02",2024,"FAGR",1.6,4,"Y",3,"4","",0.000201061929829747
"858","Subplot","SB-2","SB-02",2024,"FAGR",1.6,5,"Y",4,"4","",0.000201061929829747
"859","Subplot","SB-2","SB-02",2024,"FAGR",1,4,"Y",2,"1","",7.85398163397448e-05
"860","Subplot","SB-2","SB-02",2024,"FAGR",0.9,5,"Y",2,"3","",6.36172512351933e-05
"861","Subplot","SB-2","SB-02",2024,"FAGR",1,6,"Y",2,"2","",7.85398163397448e-05
"862","Subplot","SB-2","SB-02",2024,"FAGR",6,4,"Y",3,"3","",0.00282743338823081
"863","Subplot","SB-2","SB-02",2024,"FAGR",0.3,4,"Y",2,"2","",7.06858347057703e-06
"864","Subplot","SB-2","SB-02",2024,"FAGR",0.4,6,"Y",4,"4","",1.25663706143592e-05
"865","Subplot","SB-2A","SB-02A",2024,"FAGR",2.8,6,"Y",4,"3","",0.000615752160103599
"866","Subplot","SB-2A","SB-02A",2024,"LITU",0.9,1,"",NA,NA,"",6.36172512351933e-05
"867","Subplot","SB-2A","SB-02A",2024,"LITU",1.2,1,"",NA,NA,"",0.000113097335529233
"868","Subplot","SB-2A","SB-02A",2024,"LITU",0.8,1,"",NA,NA,"",5.02654824574367e-05
"869","Subplot","SB-2A","SB-02A",2024,"LITU",0.7,1,"",NA,NA,"",3.8484510006475e-05
"870","Subplot","SB-2A","SB-02A",2024,"LITU",0.8,1,"",NA,NA,"",5.02654824574367e-05
"871","Subplot","SB-2A","SB-02A",2024,"LITU",0.7,1,"",NA,NA,"",3.8484510006475e-05
"872","Subplot","SB-2A","SB-02A",2024,"LITU",0.8,1,"",NA,NA,"",5.02654824574367e-05
"873","Subplot","SB-2A","SB-02A",2024,"LITU",0.8,1,"",NA,NA,"",5.02654824574367e-05
"874","Subplot","SB-2A","SB-02A",2024,"LITU",0.6,1,"",NA,NA,"",2.82743338823081e-05
"875","Subplot","SB-2A","SB-02A",2024,"LITU",0.6,1,"",NA,NA,"",2.82743338823081e-05
"876","Subplot","SB-2A","SB-02A",2024,"FAGR",2.5,3,"Y",2,"2","",0.000490873852123405
"877","Subplot","SB-2A","SB-02A",2024,"LITU",0.5,1,"",NA,NA,"",1.96349540849362e-05
"878","Subplot","SB-2A","SB-02A",2024,"ACSA3",7.4,2,"",NA,NA,"",0.00430084034276443
"879","Subplot","SB-2A","SB-02A",2024,"LITU",0.5,1,"",NA,NA,"",1.96349540849362e-05
"880","Subplot","SB-2B","SB-02B",2024,"LITU",0.7,1,"",NA,NA,"",3.8484510006475e-05
"881","Subplot","SB-2B","SB-02B",2024,"LITU",0.7,1,"",NA,NA,"",3.8484510006475e-05
"882","Subplot","SB-2B","SB-02B",2024,"LITU",0.8,1,"",NA,NA,"",5.02654824574367e-05
"883","Subplot","SB-2B","SB-02B",2024,"LITU",0.9,1,"",NA,NA,"",6.36172512351933e-05
"884","Subplot","SB-2B","SB-02B",2024,"LITU",0.5,1,"",NA,NA,"",1.96349540849362e-05
"885","Subplot","SB-2B","SB-02B",2024,"LITU",1.5,1,"",NA,NA,"",0.000176714586764426
"886","Subplot","SB-2B","SB-02B",2024,"LITU",0.4,1,"",NA,NA,"",1.25663706143592e-05
"887","Subplot","SB-2B","SB-02B",2024,"LITU",1,1,"",NA,NA,"",7.85398163397448e-05
"888","Subplot","SB-2B","SB-02B",2024,"LITU",2,1,"",NA,NA,"",0.000314159265358979
"889","Subplot","SB-2B","SB-02B",2024,"FAGR",2.2,4,"Y",4,"4","",0.000380132711084365
"890","Subplot","SB-2B","SB-02B",2024,"LITU",1.2,1,"",NA,NA,"",0.000113097335529233
"891","Subplot","SB-2B","SB-02B",2024,"LITU",1.3,1,"",NA,NA,"",0.000132732289614169
"892","Subplot","SB-2B","SB-02B",2024,"FAGR",2.1,5,"Y",4,"4","",0.000346360590058275
"893","Subplot","SB-2B","SB-02B",2024,"FRAMX",0.8,1,"",NA,NA,"",5.02654824574367e-05
"894","Subplot","SB-2B","SB-02B",2024,"PRSE2",0.4,1,"",NA,NA,"",1.25663706143592e-05
"895","Subplot","SB-2B","SB-02B",2024,"LITU",0.5,1,"",NA,NA,"",1.96349540849362e-05
"896","Subplot","SB-2B","SB-02B",2024,"LITU",0.7,1,"",NA,NA,"",3.8484510006475e-05
"897","Subplot","SB-2B","SB-02B",2024,"LITU",3.2,1,"",NA,NA,"",0.000804247719318987
"898","Subplot","SB-2B","SB-02B",2024,"LITU",1.5,1,"",NA,NA,"",0.000176714586764426
"899","Subplot","SB-2B","SB-02B",2024,"LITU",1.8,1,"",NA,NA,"",0.000254469004940773
"900","Subplot","SB-2B","SB-02B",2024,"FAGR",9.5,2,"Y",4,"3","",0.00708821842466197
"901","Subplot","SB-2B","SB-02B",2024,"LITU",0.8,1,"",NA,NA,"",5.02654824574367e-05
"902","Subplot","SB-2B","SB-02B",2024,"LITU",2,1,"",NA,NA,"",0.000314159265358979
"903","Subplot","SB-2B","SB-02B",2024,"LITU",0.6,1,"",NA,NA,"",2.82743338823081e-05
"904","Subplot","SB-2B","SB-02B",2024,"LITU",2.4,1,"",NA,NA,"",0.00045238934211693
"905","Subplot","SB-2B","SB-02B",2024,"LITU",1.7,1,"",NA,NA,"",0.000226980069221863
"906","Subplot","SB-2B","SB-02B",2024,"FRAMX",0.7,1,"",NA,NA,"",3.8484510006475e-05
"907","Subplot","SB-2B","SB-02B",2024,"LITU",1.4,1,"",NA,NA,"",0.0001539380400259
"908","Subplot","SB-2B","SB-02B",2024,"LITU",1.1,1,"",NA,NA,"",9.50331777710913e-05
"909","Subplot","SB-2B","SB-02B",2024,"LITU",1.4,1,"",NA,NA,"",0.0001539380400259
"910","Subplot","SB-2B","SB-02B",2024,"LITU",1.8,1,"",NA,NA,"",0.000254469004940773
"911","Subplot","SB-2B","SB-02B",2024,"LITU",1,1,"",NA,NA,"",7.85398163397448e-05
"912","Subplot","SB-2B","SB-02B",2024,"LITU",0.8,1,"",NA,NA,"",5.02654824574367e-05
"913","Subplot","SB-3A","SB-03A",2024,"FAGR",3.2,5,"Y",3,"4","",0.000804247719318987
"914","Subplot","SB-3A","SB-03A",2024,"LITU",0.8,1,"",NA,NA,"",5.02654824574367e-05
"915","Subplot","SB-3A","SB-03A",2024,"LITU",0.7,1,"",NA,NA,"",3.8484510006475e-05
"916","Subplot","SB-3A","SB-03A",2024,"LITU",0.6,1,"",NA,NA,"",2.82743338823081e-05
"917","Subplot","SB-3A","SB-03A",2024,"LITU",0.5,1,"",NA,NA,"",1.96349540849362e-05
"918","Subplot","SB-3A","SB-03A",2024,"LITU",0.5,1,"",NA,NA,"",1.96349540849362e-05
"919","Subplot","SB-3A","SB-03A",2024,"LITU",0.5,1,"",NA,NA,"",1.96349540849362e-05
"920","Subplot","SB-3A","SB-03A",2024,"LITU",0.4,1,"",NA,NA,"",1.25663706143592e-05
"921","Subplot","SB-3A","SB-03A",2024,"LITU",0.5,1,"",NA,NA,"",1.96349540849362e-05
"922","Subplot","SB-3A","SB-03A",2024,"LITU",0.5,1,"",NA,NA,"",1.96349540849362e-05
"923","Subplot","SB-3A","SB-03A",2024,"LITU",0.4,1,"",NA,NA,"",1.25663706143592e-05
"924","Subplot","SB-3A","SB-03A",2024,"LITU",0.4,1,"",NA,NA,"",1.25663706143592e-05
"925","Subplot","SB-3A","SB-03A",2024,"LITU",0.5,1,"",NA,NA,"",1.96349540849362e-05
"926","Subplot","SB-3A","SB-03A",2024,"LITU",0.5,1,"",NA,NA,"",1.96349540849362e-05
"927","Subplot","SB-3A","SB-03A",2024,"LITU",0.4,1,"",NA,NA,"",1.25663706143592e-05
"928","Subplot","SB-3A","SB-03A",2024,"LITU",0.3,1,"",NA,NA,"",7.06858347057703e-06
"929","Subplot","SB-3A","SB-03A",2024,"LITU",0.5,1,"",NA,NA,"",1.96349540849362e-05
"930","Subplot","SB-3A","SB-03A",2024,"LITU",0.5,1,"",NA,NA,"",1.96349540849362e-05
"931","Subplot","SB-3A","SB-03A",2024,"LITU",0.4,1,"",NA,NA,"",1.25663706143592e-05
"932","Subplot","SB-3A","SB-03A",2024,"LITU",0.8,1,"",NA,NA,"",5.02654824574367e-05
"933","Subplot","SB-3A","SB-03A",2024,"LITU",0.5,1,"",NA,NA,"",1.96349540849362e-05
"934","Subplot","SB-3A","SB-03A",2024,"FAGR",0.5,4,"Y",3,"3","",1.96349540849362e-05
"935","Subplot","SB-3A","SB-03A",2024,"LITU",0.6,1,"",NA,NA,"",2.82743338823081e-05
"936","Subplot","SB-3A","SB-03A",2024,"LITU",0.6,1,"",NA,NA,"",2.82743338823081e-05
"937","Subplot","SB-3A","SB-03A",2024,"LITU",0.5,1,"",NA,NA,"",1.96349540849362e-05
"938","Subplot","SB-3A","SB-03A",2024,"LITU",0.4,1,"",NA,NA,"",1.25663706143592e-05
"939","Subplot","SB-3A","SB-03A",2024,"LITU",0.5,1,"",NA,NA,"",1.96349540849362e-05
"940","Subplot","SB-3A","SB-03A",2024,"LITU",0.6,1,"",NA,NA,"",2.82743338823081e-05
"941","Subplot","SB-3A","SB-03A",2024,"LITU",0.5,1,"",NA,NA,"",1.96349540849362e-05
"942","Subplot","SB-3B","SB-03B",2024,"SNAG",1,7,"",NA,NA,"",7.85398163397448e-05
"943","Subplot","SB-3B","SB-03B",2024,"SNAG",5.3,7,"",NA,NA,"",0.00220618344098343
"944","Subplot","SC-1","SC-01",2024,"FAGR",3.5,3,"Y",4,"4","",0.000962112750161874
"945","Subplot","SC-1","SC-01",2024,"FAGR",10.7,3,"Y",2,"1","#16",0.00899202357273739
"946","Subplot","SC-1","SC-01",2024,"SNAG",2,8,"",NA,NA,"",0.000314159265358979
"947","Subplot","SC-1","SC-01",2024,"FAGR",5.1,3,"Y",3,"1","",0.00204282062299676
"948","Subplot","SC-1","SC-01",2024,"FAGR",4,4,"Y",3,"4","",0.00125663706143592
"949","Subplot","SC-10","SC-10",2024,"ACSA3",3.2,2,"",NA,NA,"",0.000804247719318987
"950","Subplot","SC-10","SC-10",2024,"ACSA3",1.5,1,"",NA,NA,"",0.000176714586764426
"951","Subplot","SC-10","SC-10",2024,"ACSA3",2,3,"",NA,NA,"",0.000314159265358979
"952","Subplot","SC-10","SC-10",2024,"ACSA3",5.8,2,"",NA,NA,"",0.00264207942166902
"953","Subplot","SC-10","SC-10",2024,"SNAG",5.9,8,"",NA,NA,"#943",0.00273397100678652
"954","Subplot","SC-10","SC-10",2024,"ACSA3",2.1,5,"",NA,NA,"#443",0.000346360590058275
"955","Subplot","SC-10","SC-10",2024,"ACSA3",10.3,2,"",NA,NA,"",0.00833228911548353
"956","Subplot","SC-10","SC-10",2024,"ACSA3",6.6,3,"",NA,NA,"",0.00342119439975928
"957","Subplot","SC-10","SC-10",2024,"ACSA3",3.2,3,"",NA,NA,"",0.000804247719318987
"958","Subplot","SC-3","SC-03",2024,"ACSA3",5.8,2,"",NA,NA,"",0.00264207942166902
"959","Subplot","SC-3","SC-03",2024,"ACSA3",1.2,0,"",NA,NA,"",0.000113097335529233
"960","Subplot","SC-3","SC-03",2024,"ACSA3",5.2,2,"",NA,NA,"",0.0021237166338267
"961","Subplot","SC-3","SC-03",2024,"ACSA3",1.9,0,"",NA,NA,"",0.000283528736986479
"962","Subplot","SC-5","SC-05",2024,"ACSA3",4.9,2,"",NA,NA,"",0.00188574099031727
"963","Subplot","SC-7","SC-07",2024,"ACSA3",2.6,3,"",NA,NA,"",0.000530929158456675
"964","Subplot","SC-7","SC-07",2024,"FAGR",0.4,4,"Y",2,"2","",1.25663706143592e-05
"965","Subplot","SC-7","SC-07",2024,"FAGR",3.1,3,"Y",3,"3","",0.000754767635024948
"966","Subplot","SC-7","SC-07",2024,"FAGR",5,4,"Y",2,"4","",0.00196349540849362
"967","Subplot","SC-7","SC-07",2024,"ACSA3",5.8,3,"",NA,NA,"",0.00264207942166902
"968","Subplot","SC-7","SC-07",2024,"SNAG",1.8,7,"",NA,NA,"",0.000254469004940773
"969","Subplot","SC-7","SC-07",2024,"SNAG",4.6,8,"",NA,NA,"",0.001661902513749
"970","Subplot","SC-8","SC-08",2024,"ACSA3",5.7,4,"",NA,NA,"",0.00255175863287831
"971","Subplot","SC-8","SC-08",2024,"ACSA3",2.5,3,"",NA,NA,"",0.000490873852123405
"972","Subplot","SC-8","SC-08",2024,"ACSA3",4.1,2,"",NA,NA,"",0.00132025431267111
"973","Subplot","SC-8","SC-08",2024,"ACSA3",2.9,3,"",NA,NA,"",0.000660519855417254
"974","Subplot","SC-9","SC-09",2024,"SNAG",5.1,7,"",NA,NA,"",0.00204282062299676
"975","Subplot","SC-9","SC-09",2024,"ACSA3",2.4,2,"",NA,NA,"",0.00045238934211693
"976","Subplot","SC-9","SC-09",2024,"ACSA3",2.8,3,"",NA,NA,"",0.000615752160103599
"977","Subplot","SP-1","SP-01",2024,"Norway Maple",7.9,2,"",NA,NA,"",0.00490166993776347
"978","Subplot","SP-1","SP-01",2024,"FAGR",1,3,"N",NA,NA,"",7.85398163397448e-05
"979","Subplot","SP-1","SP-01",2024,"OSVI",1.5,2,"",NA,NA,"",0.000176714586764426
"980","Subplot","SP-2","SP-02",2024,"FAGR",9.6,2,"N",NA,NA,"",0.00723822947387088
"981","Subplot","SP-2","SP-02",2024,"FAGR",1.9,5,"N",NA,NA,"",0.000283528736986479
"982","Subplot","SP-2","SP-02",2024,"FAGR",1.7,3,"N",NA,NA,"",0.000226980069221863
"983","Subplot","SP-2","SP-02",2024,"FAGR",1.8,3,"N",NA,NA,"",0.000254469004940773
"984","Subplot","SP-2","SP-02",2024,"FAGR",1.8,4,"N",NA,NA,"Brown curling leaves",0.000254469004940773
"985","Subplot","SP-2","SP-02",2024,"FAGR",1.4,2,"N",NA,NA,"",0.0001539380400259
"986","Subplot","SP-2","SP-02",2024,"FAGR",1.8,4,"N",NA,NA,"",0.000254469004940773
"987","Subplot","SP-2","SP-02",2024,"FAGR",2.1,4,"N",NA,NA,"",0.000346360590058275
"988","Subplot","SP-2","SP-02",2024,"FAGR",4.4,2,"N",NA,NA,"",0.00152053084433746
"989","Subplot","SP-2","SP-02",2024,"FAGR",2.5,2,"N",NA,NA,"",0.000490873852123405
"990","Subplot","SP-2","SP-02",2024,"FAGR",1.3,3,"N",NA,NA,"",0.000132732289614169
"991","Subplot","SP-2","SP-02",2024,"FAGR",4.4,2,"N",NA,NA,"",0.00152053084433746
"992","Subplot","SP-2","SP-02",2024,"FAGR",1.4,2,"N",NA,NA,"",0.0001539380400259
"993","Subplot","SP-3","SP-03",2024,"FAGR",1.5,2,"N",NA,NA,"",0.000176714586764426
"994","Subplot","SP-3","SP-03",2024,"FAGR",2,3,"N",NA,NA,"",0.000314159265358979
"995","Subplot","SP-3","SP-03",2024,"FAGR",5.1,3,"N",NA,NA,"",0.00204282062299676
"996","Subplot","SP-3","SP-03",2024,"ACSA3",7.1,3,"",NA,NA,"",0.00395919214168654
"997","Subplot","SP-3","SP-03",2024,"CACA18",2.1,2,"",NA,NA,"",0.000346360590058275
"998","Subplot","SV-1","SV-01",2024,"FAGR",5.7,5,"Y",3,"2","",0.00255175863287831
"999","Subplot","SV-1","SV-01",2024,"FAGR",4.6,6,"Y",4,"3","",0.001661902513749
"1000","Subplot","SV-1","SV-01",2024,"FAGR",3.5,5,"Y",3,"4","",0.000962112750161874
"1001","Subplot","SV-1","SV-01",2024,"SNAG",3.8,7,"",NA,NA,"",0.00113411494794592
"1002","Subplot","SV-1","SV-01",2024,"FAGR",6.6,6,"Y",3,"4","#2428",0.00342119439975928
"1003","Subplot","SV-1","SV-01",2024,"FAGR",2.9,6,"Y",2,"1","Sprouted at base",0.000660519855417254
"1004","Subplot","SV-1","SV-01",2024,"FAGR",4.7,3,"Y",3,"3","Broken top",0.00173494454294496
"1005","Subplot","SV-1","SV-01",2024,"FAGR",7.7,3,"Y",2,"2","#2424",0.00465662571078347
"1006","Subplot","SV-1","SV-01",2024,"SNAG",3.4,7,"",NA,NA,"",0.00090792027688745
"1007","Subplot","SV-1","SV-01",2024,"SNAG",1.8,7,"",NA,NA,"",0.000254469004940773
"1008","Subplot","SV-1","SV-01",2024,"FAGR",1.4,4,"Y",4,"4","",0.0001539380400259
"1009","Subplot","SV-1","SV-01",2024,"FAGR",7.2,2,"Y",4,"2","#2427",0.00407150407905237
"1010","Subplot","SV-10","SV-10",2024,"SNAG",3.2,7,"",NA,NA,"",0.000804247719318987
"1011","Subplot","SV-10","SV-10",2024,"FAGR",3.1,4,"Y",2,"4","",0.000754767635024948
"1012","Subplot","SV-10","SV-10",2024,"FAGR",2.3,4,"Y",3,"3","",0.00041547562843725
"1013","Subplot","SV-11","SV-11",2024,"SNAG",1.7,8,"",NA,NA,"",0.000226980069221863
"1014","Subplot","SV-11","SV-11",2024,"FAGR",4.8,4,"Y",1,"2","",0.00180955736846772
"1015","Subplot","SV-11","SV-11",2024,"SNAG",2.3,7,"",NA,NA,"",0.00041547562843725
"1016","Subplot","SV-11","SV-11",2024,"SNAG",3.6,8,"",NA,NA,"",0.00101787601976309
"1017","Subplot","SV-11","SV-11",2024,"FAGR",5.5,4,"Y",2,"2","",0.00237582944427728
"1018","Subplot","SV-11","SV-11",2024,"FAGR",5.8,4,"Y",3,"4","",0.00264207942166902
"1019","Subplot","SV-11","SV-11",2024,"ACRU",5.6,6,"",NA,NA,"Severely bent over",0.0024630086404144
"1020","Subplot","SV-12","SV-12",2024,"SNAG",6.9,7,"",NA,NA,"#2883",0.00373928065593525
"1021","Subplot","SV-12","SV-12",2024,"SNAG",2.6,7,"",NA,NA,"Attached to #2883 under DBH",0.000530929158456675
"1022","Subplot","SV-12","SV-12",2024,"FAGR",5.3,4,"Y",4,"2","Severely bent overr",0.00220618344098343
"1023","Subplot","SV-12","SV-12",2024,"FAGR",4.1,4,"",NA,NA,"",0.00132025431267111
"1024","Subplot","SV-12","SV-12",2024,"SNAG",3.9,7,"",NA,NA,"",0.00119459060652752
"1025","Subplot","SV-12","SV-12",2024,"SNAG",1.7,7,"",NA,NA,"",0.000226980069221863
"1026","Subplot","SV-2","SV-02",2024,"FAGR",6.7,4,"Y",4,"4","#2467",0.00352565235549115
"1027","Subplot","SV-3","SV-03",2024,"None",NA,NA,"",NA,NA,"",0
"1028","Subplot","SV-4","SV-04",2024,"SNAG",8.7,8,"",NA,NA,"#2577",0.00594467869875529
"1029","Subplot","SV-4","SV-04",2024,"FAGR",4.3,4,"Y",3,"3","",0.00145220120412188
"1030","Subplot","SV-4","SV-04",2024,"FAGR",12.5,5,"Y",3,"3","#2580, bent over",0.0122718463030851
"1031","Subplot","SV-5","SV-05",2024,"FAGR",7.5,4,"Y",2,"2","#2596",0.00441786466911065
"1032","Subplot","SV-5","SV-05",2024,"FAGR",4.6,4,"Y",4,"4","",0.001661902513749
"1033","Subplot","SV-5","SV-05",2024,"FAGR",7.8,4,"Y",4,"4","#2597",0.00477836242611008
"1034","Subplot","SV-5","SV-05",2024,"FAGR",1.1,6,"N",NA,NA,"only has 2 leaves, 2nd bud break",9.50331777710913e-05
"1035","Subplot","SV-5","SV-05",2024,"SNAG",8.4,7,"",NA,NA,"#2604",0.0055417694409324
"1036","Subplot","SV-5","SV-05",2024,"FAGR",7.2,3,"Y",3,"4","",0.00407150407905237
"1037","Subplot","SV-5","SV-05",2024,"FAGR",2.6,3,"Y",3,"4","",0.000530929158456675
"1038","Subplot","SV-5","SV-05",2024,"SNAG",4.6,7,"Y",NA,NA,"",0.001661902513749
"1039","Subplot","SV-6","SV-06",2024,"FAGR",7.4,5,"Y",3,"2","#2654",0.00430084034276443
"1040","Subplot","SV-6","SV-06",2024,"FAGR",4.9,4,"Y",3,"3","",0.00188574099031727
"1041","Subplot","SV-6","SV-06",2024,"FAGR",4.1,5,"Y",2,"2","",0.00132025431267111
"1042","Subplot","SV-6","SV-06",2024,"FAGR",3.5,5,"Y",2,"2","",0.000962112750161874
"1043","Subplot","SV-6","SV-06",2024,"FAGR",2,5,"Y",2,"1","",0.000314159265358979
"1044","Subplot","SV-6","SV-06",2024,"FAGR",1.4,5,"Y",3,"2","",0.0001539380400259
"1045","Subplot","SV-6","SV-06",2024,"FAGR",4.9,4,"Y",2,"3","",0.00188574099031727
"1046","Subplot","SV-6","SV-06",2024,"FAGR",2.6,6,"Y",4,"3","",0.000530929158456675
"1047","Subplot","SV-6","SV-06",2024,"FAGR",7.1,4,"Y",2,"2","#2668",0.00395919214168654
"1048","Subplot","SV-6","SV-06",2024,"FAGR",5.9,4,"Y",2,"2","#2669",0.00273397100678652
"1049","Subplot","SV-6","SV-06",2024,"FAGR",3.7,3,"Y",2,"2","",0.00107521008569111
"1050","Subplot","SV-6","SV-06",2024,"FAGR",7.4,6,"Y",3,"4","#2673",0.00430084034276443
"1051","Subplot","SV-7","SV-07",2024,"ACRU",6.9,3,"",NA,NA,"#2748",0.00373928065593525
"1052","Subplot","SV-7","SV-07",2024,"FAGR",1.5,5,"Y",1,"4","",0.000176714586764426
"1053","Subplot","SV-8","SV-08",2024,"ACSA3",4.4,2,"",NA,NA,"",0.00152053084433746
"1054","Subplot","SV-8","SV-08",2024,"ACSA3",2.5,2,"",NA,NA,"",0.000490873852123405
"1055","Subplot","SV-8","SV-08",2024,"ACSA3",3.3,2,"",NA,NA,"",0.000855298599939821
"1056","Subplot","SV-8","SV-08",2024,"ACSA3",1.5,2,"",NA,NA,"",0.000176714586764426
"1057","Subplot","SV-9","SV-09",2024,"ACSA3",2.6,3,"",NA,NA,"",0.000530929158456675
"1058","Subplot","SV-9","SV-09",2024,"SNAG",1.6,7,"",NA,NA,"",0.000201061929829747
"1059","Subplot","SV-9","SV-09",2024,"ACSA3",6,2,"",NA,NA,"",0.00282743338823081
"1060","Subplot","SV-9","SV-09",2024,"ACSA3",2.2,1,"",NA,NA,"",0.000380132711084365
"1061","Subplot","WVHA-01","WVHA-01",2024,"FAGR",2.2,5,"Y",2,"3","",0.000380132711084365
"1062","Subplot","WVHA-01","WVHA-01",2024,"FAGR",1.5,4,"Y",2,"3","",0.000176714586764426
"1063","Subplot","WVHA-01","WVHA-01",2024,"FAGR",4.7,3,"Y",3,"4","",0.00173494454294496
"1064","Subplot","WVHA-01","WVHA-01",2024,"FAGR",11.3,5,"Y",3,"4","",0.010028749148422
"1065","Subplot","WVHA-02","WVHA-02",2024,"FAGR",2.8,5,"Y",2,"2","",0.000615752160103599
"1066","Subplot","WVHA-02","WVHA-02",2024,"SNAG",3.9,7,"",NA,NA,"",0.00119459060652752
"1067","Subplot","WVHA-02","WVHA-02",2024,"SNAG",1.8,7,"",NA,NA,"",0.000254469004940773
"1068","Subplot","WVHA-02","WVHA-02",2024,"FAGR",1.6,6,"Y",2,"2","",0.000201061929829747
"1069","Subplot","WVHA-02","WVHA-02",2024,"FAGR",2,6,"Y",2,"3","",0.000314159265358979
"1070","Subplot","WVHA-02","WVHA-02",2024,"FAGR",5,4,"Y",3,"3","",0.00196349540849362
"1071","Subplot","WVHA-02","WVHA-02",2024,"FAGR",2.4,6,"Y",2,"2","",0.00045238934211693
"1072","Subplot","WVHA-02","WVHA-02",2024,"FAGR",4.4,5,"Y",3,"2","",0.00152053084433746
"1073","Subplot","WVHA-02","WVHA-02",2024,"FAGR",11,4,"Y",3,"2","",0.00950331777710912
"1074","Subplot","BP-1","BP-01",2025,"None",NA,NA,"",NA,NA,"NONE",0
"1075","Subplot","BP-2","BP-02",2025,"None",NA,NA,"",NA,NA,"NONE",0
"1076","Subplot","BW-1","BW-01",2025,"None",NA,NA,"",NA,NA,"none",0
"1077","Subplot","BW-2","BW-02",2025,"None",NA,NA,"",NA,NA,"none",0
"1078","Subplot","C-1","C-01",2025,"ACSA",5.1,3,"",NA,NA,"",0.00204282062299676
"1079","Subplot","C-1","C-01",2025,"ACSA",6.1,2,"",NA,NA,"",0.0029224665660019
"1080","Subplot","C-1","C-01",2025,"ACSA",4.3,2,"",NA,NA,"",0.00145220120412188
"1081","Subplot","C-1","C-01",2025,"SNAG",2.9,8,"",NA,NA,"",0.000660519855417254
"1082","Subplot","C-10","C-10",2025,"ACSA",5,6,"",NA,NA,"",0.00196349540849362
"1083","Subplot","C-10","C-10",2025,"ACSA",3.8,2,"",NA,NA,"",0.00113411494794592
"1084","Subplot","C-11","C-11",2025,"None",NA,NA,"",NA,NA,"NONE",0
"1085","Subplot","C-12","C-12",2025,"ACSA",5.8,2,"",NA,NA,"",0.00264207942166902
"1086","Subplot","C-12","C-12",2025,"ACSA",6.3,2,"",NA,NA,"",0.00311724531052447
"1087","Subplot","C-12","C-12",2025,"ACSA",9,2,"",NA,NA,"",0.00636172512351933
"1088","Subplot","C-12","C-12",2025,"ACSA",3.2,2,"",NA,NA,"",0.000804247719318987
"1089","Subplot","C-12","C-12",2025,"ACSA",3.8,2,"",NA,NA,"",0.00113411494794592
"1090","Subplot","C-13","C-13",2025,"None",NA,NA,"",NA,NA,"NONE",0
"1091","Subplot","C-14","C-14",2025,"SNAG",1.2,7,"",NA,NA,"",0.000113097335529233
"1092","Subplot","C-14","C-14",2025,"SNAG",2.3,7,"",NA,NA,"",0.00041547562843725
"1093","Subplot","C-14","C-14",2025,"SNAG",2,7,"",NA,NA,"",0.000314159265358979
"1094","Subplot","C-14","C-14",2025,"ACSA",3.5,2,"",NA,NA,"",0.000962112750161874
"1095","Subplot","C-14","C-14",2025,"SNAG",1.6,7,"",NA,NA,"",0.000201061929829747
"1096","Subplot","C-14","C-14",2025,"ACSA",3.5,2,"",NA,NA,"",0.000962112750161874
"1097","Subplot","C-14","C-14",2025,"ACSA",4.7,2,"",NA,NA,"",0.00173494454294496
"1098","Subplot","C-14","C-14",2025,"ACSA",1.4,2,"",NA,NA,"",0.0001539380400259
"1099","Subplot","C-14","C-14",2025,"ACSA",2.5,2,"",NA,NA,"",0.000490873852123405
"1100","Subplot","C-14","C-14",2025,"ACSA",2.6,2,"",NA,NA,"",0.000530929158456675
"1101","Subplot","C-14","C-14",2025,"ACSA",2.5,2,"",NA,NA,"",0.000490873852123405
"1102","Subplot","C-14","C-14",2025,"ACSA",1.7,2,"",NA,NA,"",0.000226980069221863
"1103","Subplot","C-14","C-14",2025,"FAGR",9.4,6,"Y",3,"3","",0.00693977817177985
"1104","Subplot","C-14","C-14",2025,"ACSA",2.6,2,"",NA,NA,"",0.000530929158456675
"1105","Subplot","C-14","C-14",2025,"ACSA",3.2,2,"",NA,NA,"",0.000804247719318987
"1106","Subplot","C-14","C-14",2025,"ACSA",5.6,2,"",NA,NA,"",0.0024630086404144
"1107","Subplot","C-14","C-14",2025,"ACSA",3.4,2,"",NA,NA,"",0.00090792027688745
"1108","Subplot","C-15","C-15",2025,"None",NA,NA,"",NA,NA,"NONE",0
"1109","Subplot","C-16","C-16",2025,"ACSA",6.5,2,"",NA,NA,"",0.00331830724035422
"1110","Subplot","C-16","C-16",2025,"ACSA",1.7,2,"",NA,NA,"",0.000226980069221863
"1111","Subplot","C-16","C-16",2025,"ACSA",8.8,2,"",NA,NA,"",0.00608212337734984
"1112","Subplot","C-16","C-16",2025,"ACSA",2.3,2,"",NA,NA,"",0.00041547562843725
"1113","Subplot","C-17","C-17",2025,"FAGR",7.5,6,"Y",4,"4","attached",0.00441786466911065
"1114","Subplot","C-17","C-17",2025,"FAGR",1.7,6,"Y",3,"0","attached",0.000226980069221863
"1115","Subplot","C-17","C-17",2025,"FAGR",1.8,6,"Y",3,"4","",0.000254469004940773
"1116","Subplot","C-17","C-17",2025,"FAGR",7.3,6,"Y",3,"4","",0.004185386812745
"1117","Subplot","C-17","C-17",2025,"FAGR",2.5,6,"Y",1,"0","",0.000490873852123405
"1118","Subplot","C-17","C-17",2025,"FAGR",6.4,6,"Y",2,"4","",0.00321699087727595
"1119","Subplot","C-17","C-17",2025,"FAGR",1,5,"Y",3,"2","",7.85398163397448e-05
"1120","Subplot","C-17","C-17",2025,"FAGR",1,6,"Y",3,"3","sprout from root",7.85398163397448e-05
"1121","Subplot","C-17","C-17",2025,"FAGR",4.3,5,"Y",4,"4","",0.00145220120412188
"1122","Subplot","C-17","C-17",2025,"SNAG",2.4,8,"",NA,NA,"",0.00045238934211693
"1123","Subplot","C-2","C-02",2025,"ACSA",1.7,2,"",NA,NA,"",0.000226980069221863
"1124","Subplot","C-2","C-02",2025,"ACSA",1.8,2,"",NA,NA,"",0.000254469004940773
"1125","Subplot","C-2","C-02",2025,"ACSA",2.4,2,"",NA,NA,"",0.00045238934211693
"1126","Subplot","C-3","C-03",2025,"ACSA",2.9,3,"",NA,NA,"",0.000660519855417254
"1127","Subplot","C-4","C-04",2025,"ACSA",3.4,2,"",NA,NA,"",0.00090792027688745
"1128","Subplot","C-4","C-04",2025,"ACA",1.6,2,"",NA,NA,"",0.000201061929829747
"1129","Subplot","C-5","C-05",2025,"ACSA",2.3,2,"",NA,NA,"",0.00041547562843725
"1130","Subplot","C-5","C-05",2025,"ACSA",4,2,"",NA,NA,"",0.00125663706143592
"1131","Subplot","C-5","C-05",2025,"ACSA",5.2,3,"",NA,NA,"",0.0021237166338267
"1132","Subplot","CC-1","CC-01",2025,"ACSA",3.5,2,"",NA,NA,"",0.000962112750161874
"1133","Subplot","CC-1","CC-01",2025,"FAGR",4.6,2,"Y",1,"0","",0.001661902513749
"1134","Subplot","CC-1","CC-01",2025,"ACSA",3.1,2,"",NA,NA,"",0.000754767635024948
"1135","Subplot","CC-1","CC-01",2025,"ACSA",6.7,2,"",NA,NA,"",0.00352565235549115
"1136","Subplot","CC-1","CC-01",2025,"SNAG",1,7,"",NA,NA,"",7.85398163397448e-05
"1137","Subplot","CC-1","CC-01",2025,"FAGR",5.9,6,"Y",1,"0","",0.00273397100678652
"1138","Subplot","CC-1","CC-01",2025,"SNAG",2.1,8,"",NA,NA,"",0.000346360590058275
"1139","Subplot","CC-1","CC-01",2025,"ACSA",4.3,2,"",NA,NA,"",0.00145220120412188
"1140","Subplot","CC-1","CC-01",2025,"ACSA",7.3,3,"",NA,NA,"",0.004185386812745
"1141","Subplot","CC-1","CC-01",2025,"ACSA",3,2,"",NA,NA,"",0.000706858347057703
"1142","Subplot","CC-1","CC-01",2025,"ACSA",4.9,2,"",NA,NA,"",0.00188574099031727
"1143","Subplot","CC-1","CC-01",2025,"FAGR",4.9,3,"Y",2,"1","",0.00188574099031727
"1144","Subplot","CC-2","CC-02",2025,"FAGR",2.3,4,"Y",3,"3","",0.00041547562843725
"1145","Subplot","CC-2","CC-02",2025,"FAGR",4.3,6,"Y",3,"2","",0.00145220120412188
"1146","Subplot","CC-2","CC-02",2025,"FAGR",3.3,5,"Y",3,"3","",0.000855298599939821
"1147","Subplot","CC-2","CC-02",2025,"FAGR",1.6,5,"Y",2,"2","",0.000201061929829747
"1148","Subplot","DL-1","DL-01",2025,"FAGR",7.5,2,"N",NA,NA,"",0.00441786466911065
"1149","Subplot","DL-1","DL-01",2025,"OSVI",1.4,2,"",NA,NA,"",0.0001539380400259
"1150","Subplot","DL-1","DL-01",2025,"OSVI",5.6,4,"",NA,NA,"",0.0024630086404144
"1151","Subplot","DL-2","DL-02",2025,"None",NA,NA,"",NA,NA,"NONE",0
"1152","Subplot","GW-1","GW-01",2025,"FAGR",7.4,3,"Y",1,"2","",0.00430084034276443
"1153","Subplot","GW-1","GW-01",2025,"FAGR",3.3,3,"Y",1,"2","",0.000855298599939821
"1154","Subplot","GW-1","GW-01",2025,"ACSA",6,4,"",NA,NA,"",0.00282743338823081
"1155","Subplot","GW-1","GW-01",2025,"ACSA",10.9,3,"",NA,NA,"",0.00933131557932508
"1156","Subplot","GW-1","GW-01",2025,"ACSA",4.3,3,"",NA,NA,"",0.00145220120412188
"1157","Subplot","GW-1","GW-01",2025,"SNAG",2,7,"",NA,NA,"",0.000314159265358979
"1158","Subplot","HA-1","HA-01",2025,"None",NA,NA,"",NA,NA,"NONE",0
"1159","Subplot","HA-2","HA-02",2025,"LINBEN",1.2,3,"",NA,NA,"",0.000113097335529233
"1160","Subplot","HA-2","HA-02",2025,"LINBEN",1,4,"",NA,NA,"",7.85398163397448e-05
"1161","Subplot","HA-3","HA-03",2025,"PRSE",6.9,4,"",NA,NA,"",0.00373928065593525
"1162","Subplot","HH-1","HH-01",2025,"FAGR",7.7,5,"Y",3,"2","",0.00465662571078347
"1163","Subplot","HH-1","HH-01",2025,"FAGR",8,5,"Y",3,"2","",0.00502654824574367
"1164","Subplot","HH-1","HH-01",2025,"FAGR",7.6,5,"Y",3,"2","",0.00453645979178366
"1165","Subplot","HH-1","HH-01",2025,"FAGR",2.1,6,"Y",3,"2","lots of necrosis and dead leaves",0.000346360590058275
"1166","Subplot","HR-1","HR-01",2025,"SNAG",0.8,7,"",NA,NA,"FAGR, beech",5.02654824574367e-05
"1167","Subplot","HR-1","HR-01",2025,"FAGR",3.3,6,"Y",1,"0","",0.000855298599939821
"1168","Subplot","HR-1","HR-01",2025,"FAGR",0.5,5,"Y",2,"2","",1.96349540849362e-05
"1169","Subplot","HR-1","HR-01",2025,"FAGR",0.4,5,"Y",2,"2","",1.25663706143592e-05
"1170","Subplot","HR-1","HR-01",2025,"FAGR",11.2,5,"Y",2,"3","",0.00985203456165759
"1171","Subplot","HR-1","HR-01",2025,"FAGR",2.5,5,"Y",1,"0","",0.000490873852123405
"1172","Subplot","HR-1","HR-01",2025,"FAGR",1,6,"Y",4,"4","",7.85398163397448e-05
"1173","Subplot","HR-1","HR-01",2025,"FAGR",0.5,5,"Y",2,"0","",1.96349540849362e-05
"1174","Subplot","HR-1","HR-01",2025,"FAGR",1.1,4,"Y",1,"0","",9.50331777710913e-05
"1175","Subplot","HR-1","HR-01",2025,"FAGR",0.8,6,"Y",1,"0","",5.02654824574367e-05
"1176","Subplot","HR-1","HR-01",2025,"SNAG",1,7,"",NA,NA,"",7.85398163397448e-05
"1177","Subplot","HR-1","HR-01",2025,"FAGR",0.4,6,"Y",4,"4","",1.25663706143592e-05
"1178","Subplot","HR-1","HR-01",2025,"FAGR",1.1,5,"Y",1,"0","",9.50331777710913e-05
"1179","Subplot","HR-1","HR-01",2025,"FAGR",1.1,6,"Y",2,"0","",9.50331777710913e-05
"1180","Subplot","HR-1","HR-01",2025,"ACRU",0.8,2,"",NA,NA,"",5.02654824574367e-05
"1181","Subplot","HR-1","HR-01",2025,"FAGR",2.6,5,"Y",1,"0","producing nuts",0.000530929158456675
"1182","Subplot","HR-1","HR-01",2025,"FAGR",1.1,6,"Y",4,"4","",9.50331777710913e-05
"1183","Subplot","HR-1","HR-01",2025,"SNAG",2.4,7,"",NA,NA,"FAGR, beech",0.00045238934211693
"1184","Subplot","HR-1","HR-01",2025,"SNAG",0.7,7,"",NA,NA,"",3.8484510006475e-05
"1185","Subplot","HR-2","HR-02",2025,"ACSA",3.8,2,"",NA,NA,"",0.00113411494794592
"1186","Subplot","HR-2","HR-02",2025,"FAGR",1,6,"Y",2,"0","",7.85398163397448e-05
"1187","Subplot","HR-2","HR-02",2025,"ACSA",2.2,3,"",NA,NA,"",0.000380132711084365
"1188","Subplot","HR-2","HR-02",2025,"ACSA",4.5,2,"",NA,NA,"",0.00159043128087983
"1189","Subplot","HR-2","HR-02",2025,"ACSA",11.6,2,"",NA,NA,"",0.0105683176866761
"1190","Subplot","NP-1","NP-01",2025,"SNAG",1.6,8,"",NA,NA,"",0.000201061929829747
"1191","Subplot","NP-1","NP-01",2025,"HAVI",3.1,3,"",NA,NA,"",0.000754767635024948
"1192","Subplot","NP-2","NP-02",2025,"None",NA,NA,"",NA,NA,"NONE",0
"1193","Subplot","NP-3","NP-03",2025,"FAGR",6,5,"Y",4,"4","measured live thick stem",0.00282743338823081
"1194","Subplot","PB-1","PB-01",2025,"SNAG",6.4,7,"",NA,NA,"FAGR attached",0.00321699087727595
"1195","Subplot","PB-1","PB-01",2025,"FAGR",4.3,5,"Y",4,"4","FAGR attached",0.00145220120412188
"1196","Subplot","PB-1","PB-01",2025,"FAGR",7,5,"Y",3,"4","",0.0038484510006475
"1197","Subplot","PB-1","PB-01",2025,"FAGR",2.1,6,"Y",4,"3","",0.000346360590058275
"1198","Subplot","PB-1","PB-01",2025,"ACSA",2.3,2,"",NA,NA,"",0.00041547562843725
"1199","Subplot","PC-1","PC-01",2025,"None",NA,NA,"",NA,NA,"NONE",0
"1200","Subplot","PC-10","PC-10",2025,"HAVI",1.6,2,"",NA,NA,"",0.000201061929829747
"1201","Subplot","PC-10","PC-10",2025,"HAVI",2.8,3,"",NA,NA,"",0.000615752160103599
"1202","Subplot","PC-10","PC-10",2025,"HAVI",0.9,2,"",NA,NA,"",6.36172512351933e-05
"1203","Subplot","PC-10","PC-10",2025,"ACSA",4.7,2,"",NA,NA,"missing top",0.00173494454294496
"1204","Subplot","PC-10","PC-10",2025,"FAGR",1.8,4,"Y",1,"0","",0.000254469004940773
"1205","Subplot","PC-10","PC-10",2025,"CACA",2.9,2,"",NA,NA,"musclewood",0.000660519855417254
"1206","Subplot","PC-10","PC-10",2025,"SNAG",2.7,7,"",NA,NA,"",0.00057255526111674
"1207","Subplot","PC-10","PC-10",2025,"PRSE",5.4,3,"",NA,NA,"",0.00229022104446696
"1208","Subplot","PC-10","PC-10",2025,"ACSA",1.9,2,"",NA,NA,"",0.000283528736986479
"1209","Subplot","PC-10","PC-10",2025,"SNAG",1.8,8,"",NA,NA,"",0.000254469004940773
"1210","Subplot","PC-10","PC-10",2025,"ACSA",4,2,"",NA,NA,"",0.00125663706143592
"1211","Subplot","PC-11","PC-11",2025,"ACSA",3,2,"",NA,NA,"",0.000706858347057703
"1212","Subplot","PC-11","PC-11",2025,"PRSE",8.3,4,"",NA,NA,"#813",0.00541060794764502
"1213","Subplot","PC-11","PC-11",2025,"SNAG",1.2,7,"",NA,NA,"",0.000113097335529233
"1214","Subplot","PC-11","PC-11",2025,"SNAG",1.3,7,"",NA,NA,"",0.000132732289614169
"1215","Subplot","PC-11","PC-11",2025,"HAVI",2.2,2,"",NA,NA,"",0.000380132711084365
"1216","Subplot","PC-11","PC-11",2025,"FAGR",4.1,5,"Y",1,"0","",0.00132025431267111
"1217","Subplot","PC-11","PC-11",2025,"ACRU",3,2,"",NA,NA,"",0.000706858347057703
"1218","Subplot","PC-11","PC-11",2025,"HAVI",6.7,2,"",NA,NA,"",0.00352565235549115
"1219","Subplot","PC-11","PC-11",2025,"HAVI",1.7,1,"",NA,NA,"",0.000226980069221863
"1220","Subplot","PC-11","PC-11",2025,"HAVI",3.1,1,"",NA,NA,"",0.000754767635024948
"1221","Subplot","PC-11","PC-11",2025,"HAVI",3,2,"",NA,NA,"",0.000706858347057703
"1222","Subplot","PC-11","PC-11",2025,"HAVI",1.7,1,"",NA,NA,"",0.000226980069221863
"1223","Subplot","PC-11","PC-11",2025,"HAVI",0.6,1,"",NA,NA,"",2.82743338823081e-05
"1224","Subplot","PC-11","PC-11",2025,"PRSE",3.2,2,"",NA,NA,"",0.000804247719318987
"1225","Subplot","PC-11","PC-11",2025,"ACSA",3.9,2,"",NA,NA,"",0.00119459060652752
"1226","Subplot","PC-12","PC-12",2025,"NYSY",6.6,3,"",NA,NA,"#858? two tags",0.00342119439975928
"1227","Subplot","PC-12","PC-12",2025,"CACA",1.6,2,"",NA,NA,"musclewood",0.000201061929829747
"1228","Subplot","PC-12","PC-12",2025,"FAGR",3.4,4,"Y",4,"3","",0.00090792027688745
"1229","Subplot","PC-12","PC-12",2025,"SNAG",3.7,7,"",NA,NA,"",0.00107521008569111
"1230","Subplot","PC-2","PC-02",2025,"SNAG",3.6,8,"",NA,NA,"topped off",0.00101787601976309
"1231","Subplot","PC-2","PC-02",2025,"SNAG",9.6,8,"",NA,NA,"#524, topped off, beech",0.00723822947387088
"1232","Subplot","PC-2","PC-02",2025,"FAGR",2.7,4,"Y",2,"0","bent in half, alive, probable second bud break ",0.00057255526111674
"1233","Subplot","PC-2","PC-02",2025,"CACA",7.9,2,"",NA,NA,"topped off",0.00490166993776347
"1234","Subplot","PC-2","PC-02",2025,"FAGR",5,4,"Y",4,"4","top snapped off",0.00196349540849362
"1235","Subplot","PC-3","PC-03",2025,"ACSA",2.2,2,"",NA,NA,"",0.000380132711084365
"1236","Subplot","PC-3","PC-03",2025,"SNAG",2.3,7,"",NA,NA,"",0.00041547562843725
"1237","Subplot","PC-3","PC-03",2025,"ACSA",4,3,"",NA,NA,"",0.00125663706143592
"1238","Subplot","PC-3","PC-03",2025,"ACSA",5,2,"",NA,NA,"",0.00196349540849362
"1239","Subplot","PC-3","PC-03",2025,"FAGR",3.5,4,"Y",4,"3","",0.000962112750161874
"1240","Subplot","PC-3","PC-03",2025,"SNAG",2,8,"",NA,NA,"",0.000314159265358979
"1241","Subplot","PC-4","PC-04",2025,"OSVI",9.6,3,"",NA,NA,"#532",0.00723822947387088
"1242","Subplot","PC-4","PC-04",2025,"ACSA",4.4,2,"",NA,NA,"",0.00152053084433746
"1243","Subplot","PC-4","PC-04",2025,"ACSA",3.5,2,"",NA,NA,"",0.000962112750161874
"1244","Subplot","PC-4","PC-04",2025,"FAGR",7,5,"Y",3,"3","second bud break?",0.0038484510006475
"1245","Subplot","PC-4","PC-04",2025,"CACA",6.3,NA,"",NA,NA,"musclewood, #552",0.00311724531052447
"1246","Subplot","PC-4","PC-04",2025,"SNAG",1,8,"",NA,NA,"",7.85398163397448e-05
"1247","Subplot","PC-4","PC-04",2025,"ACSA",1.6,2,"",NA,NA,"",0.000201061929829747
"1248","Subplot","PC-5","PC-05",2025,"FAGR",3.4,6,"Y",4,"4","",0.00090792027688745
"1249","Subplot","PC-5","PC-05",2025,"SNAG",1.4,8,"",NA,NA,"",0.0001539380400259
"1250","Subplot","PC-5","PC-05",2025,"ACSA",2,2,"",NA,NA,"",0.000314159265358979
"1251","Subplot","PC-6","PC-06",2025,"SNAG",3.1,7,"",NA,NA,"probable beech",0.000754767635024948
"1252","Subplot","PC-6","PC-06",2025,"HAVI",2.5,4,"",NA,NA,"connected at base",0.000490873852123405
"1253","Subplot","PC-6","PC-06",2025,"HAVI",4,2,"",NA,NA,"connected at base",0.00125663706143592
"1254","Subplot","PC-6","PC-06",2025,"ACSA",10.4,2,"",NA,NA,"#641",0.0084948665353068
"1255","Subplot","PC-6","PC-06",2025,"CACA",4.7,2,"",NA,NA,"muscle wood; bent in half",0.00173494454294496
"1256","Subplot","PC-6","PC-06",2025,"SNAG",1.3,8,"",NA,NA,"",0.000132732289614169
"1257","Subplot","PC-8","PC-08",2025,"ACSA",2.3,3,"",NA,NA,"",0.00041547562843725
"1258","Subplot","PC-8","PC-08",2025,"ACSA",0.7,4,"",NA,NA,"",3.8484510006475e-05
"1259","Subplot","PC-8","PC-08",2025,"ACSA",3.9,3,"",NA,NA,"",0.00119459060652752
"1260","Subplot","PC-8","PC-08",2025,"ACSA",1.2,4,"",NA,NA,"",0.000113097335529233
"1261","Subplot","PC-8","PC-08",2025,"TIAM",10.2,2,"",NA,NA,"#705 Basswood",0.00817128249198705
"1262","Subplot","PC-8","PC-08",2025,"ACSA",2.3,3,"",NA,NA,"",0.00041547562843725
"1263","Subplot","PC-8","PC-08",2025,"ACSA",2.9,4,"",NA,NA,"",0.000660519855417254
"1264","Subplot","PC-8","PC-08",2025,"ACSA",1.6,3,"",NA,NA,"",0.000201061929829747
"1265","Subplot","PC-9","PC-09",2025,"FAGR",2,6,"Y",2,"2","possible second bud break",0.000314159265358979
"1266","Subplot","PC-9","PC-09",2025,"SNAG",3.2,8,"",NA,NA,"",0.000804247719318987
"1267","Subplot","PC-9","PC-09",2025,"SNAG",3.6,8,"",NA,NA,"",0.00101787601976309
"1268","Subplot","RH-1","RH-01",2025,"FAGR",9.6,2,"N",0,"0","",0.00723822947387088
"1269","Subplot","RH-1","RH-01",2025,"FAGR",5.2,3,"Y",1,"0","",0.0021237166338267
"1270","Subplot","RH-1","RH-01",2025,"FAGR",6.7,2,"N",0,"0","leaf herbivory",0.00352565235549115
"1271","Subplot","RH-1","RH-01",2025,"FAGR",5.4,3,"N",0,"0","",0.00229022104446696
"1272","Subplot","RH-1","RH-01",2025,"FAGR",7.3,2,"Y",1,"0","",0.004185386812745
"1273","Subplot","RH-1","RH-01",2025,"FAGR",1.8,4,"N",0,"0","",0.000254469004940773
"1274","Subplot","RH-1","RH-01",2025,"FAGR",2.7,3,"N",0,"0","",0.00057255526111674
"1275","Subplot","RH-1","RH-01",2025,"FAGR",1.9,6,"N",0,"0","",0.000283528736986479
"1276","Subplot","RH-1","RH-01",2025,"FAGR",2.2,4,"N",0,"0","",0.000380132711084365
"1277","Subplot","RH-1","RH-01",2025,"FAGR",2.6,3,"N",0,"0","",0.000530929158456675
"1278","Subplot","RH-1","RH-01",2025,"FAGR",1.6,3,"N",0,"0","",0.000201061929829747
"1279","Subplot","RH-1","RH-01",2025,"FAGR",5.3,3,"N",0,"0","",0.00220618344098343
"1280","Subplot","RH-1","RH-01",2025,"FAGR",4.7,2,"N",0,"0","Necrosis on leaves",0.00173494454294496
"1281","Subplot","SB-1","SB-01",2025,"FAGR",1.8,3,"Y",4,"3","",0.000254469004940773
"1282","Subplot","SB-1","SB-01",2025,"ACSA",1.2,3,"",NA,NA,"",0.000113097335529233
"1283","Subplot","SB-1","SB-01",2025,"FAGR",1.8,3,"Y",4,"3","SC1-36",0.000254469004940773
"1284","Subplot","SB-1","SB-01",2025,"FAGR",0.9,4,"Y",4,"3","SC1-1",6.36172512351933e-05
"1285","Subplot","SB-1","SB-01",2025,"FAGR",10.1,3,"Y",3,"3","",0.00801184666481737
"1286","Subplot","SB-1","SB-01",2025,"FAGR",0.9,5,"Y",4,"4","",6.36172512351933e-05
"1287","Subplot","SB-1","SB-01",2025,"FAGR",0.5,4,"Y",4,"4","",1.96349540849362e-05
"1288","Subplot","SB-1","SB-01",2025,"FAGR",0.6,4,"Y",4,"3","",2.82743338823081e-05
"1289","Subplot","SB-1","SB-01",2025,"FAGR",0.8,5,"Y",3,"3","measure live leader",5.02654824574367e-05
"1290","Subplot","SB-1","SB-01",2025,"SNAG",8.6,7,"",NA,NA,"FAGR",0.00580880481648753
"1291","Subplot","SB-1","SB-01",2025,"FAGR",1.5,3,"Y",4,"3","",0.000176714586764426
"1292","Subplot","SB-1","SB-01",2025,"FAGR",1.5,4,"Y",4,"4","bent in half, DBH from live leader",0.000176714586764426
"1293","Subplot","SB-1A","SB-01A",2025,"FAGR",2.7,5,"Y",3,"4","",0.00057255526111674
"1294","Subplot","SB-1A","SB-01A",2025,"FAGR",4.3,4,"Y",4,"4","",0.00145220120412188
"1295","Subplot","SB-1A","SB-01A",2025,"FAGR",3.2,4,"Y",4,"4","",0.000804247719318987
"1296","Subplot","SB-1A","SB-01A",2025,"FAGR",2.4,5,"Y",4,"4","broken main trunk",0.00045238934211693
"1297","Subplot","SB-1B","SB-01B",2025,"FAGR",2.6,5,"Y",3,"2","",0.000530929158456675
"1298","Subplot","SB-1B","SB-01B",2025,"FAGR",3.6,6,"Y",4,"4","",0.00101787601976309
"1299","Subplot","SB-1B","SB-01B",2025,"ACSA",2.5,2,"",NA,NA,"",0.000490873852123405
"1300","Subplot","SB-1B","SB-01B",2025,"ACSA",2.5,2,"",NA,NA,"",0.000490873852123405
"1301","Subplot","SB-1B","SB-01B",2025,"LITU",0.7,1,"",NA,NA,"",3.8484510006475e-05
"1302","Subplot","SB-1B","SB-01B",2025,"LITU",0.6,1,"",NA,NA,"",2.82743338823081e-05
"1303","Subplot","SB-1B","SB-01B",2025,"LITU",1.2,1,"",NA,NA,"",0.000113097335529233
"1304","Subplot","SB-1B","SB-01B",2025,"LITU",1.1,1,"",NA,NA,"",9.50331777710913e-05
"1305","Subplot","SB-1B","SB-01B",2025,"LITU",0.9,1,"",NA,NA,"",6.36172512351933e-05
"1306","Subplot","SB-2","SB-02",2025,"FAGR",6.5,5,"Y",4,"3","",0.00331830724035422
"1307","Subplot","SB-2","SB-02",2025,"FAGR",1.1,5,"Y",2,"0","",9.50331777710913e-05
"1308","Subplot","SB-2","SB-02",2025,"FAGR",1,4,"Y",2,"0","",7.85398163397448e-05
"1309","Subplot","SB-2","SB-02",2025,"FAGR",1.2,4,"Y",2,"0","",0.000113097335529233
"1310","Subplot","SB-2","SB-02",2025,"SNAG",7.6,8,"",NA,NA,"FAGR",0.00453645979178366
"1311","Subplot","SB-2","SB-02",2025,"FAGR",4.7,4,"Y",2,"0","",0.00173494454294496
"1312","Subplot","SB-2","SB-02",2025,"FAGR",4.9,5,"Y",4,"4","",0.00188574099031727
"1313","Subplot","SB-2","SB-02",2025,"ACSA",6.3,2,"",NA,NA,"",0.00311724531052447
"1314","Subplot","SB-2","SB-02",2025,"FAGR",1.7,4,"Y",3,"4","",0.000226980069221863
"1315","Subplot","SB-2","SB-02",2025,"LITU",0.7,1,"",NA,NA,"",3.8484510006475e-05
"1316","Subplot","SB-2","SB-02",2025,"FAGR",1.8,6,"Y",4,"4","",0.000254469004940773
"1317","Subplot","SB-2","SB-02",2025,"FAGR",1.4,4,"Y",3,"0","",0.0001539380400259
"1318","Subplot","SB-2","SB-02",2025,"FAGR",1.7,4,"Y",1,"0","",0.000226980069221863
"1319","Subplot","SB-2","SB-02",2025,"LITU",0.7,1,"",NA,NA,"",3.8484510006475e-05
"1320","Subplot","SB-2","SB-02",2025,"FAGR",0.8,4,"Y",3,"4","",5.02654824574367e-05
"1321","Subplot","SB-2A","SB-02A",2025,"ACSA",7.9,2,"",NA,NA,"",0.00490166993776347
"1322","Subplot","SB-2A","SB-02A",2025,"LITU",1.2,1,"",NA,NA,"",0.000113097335529233
"1323","Subplot","SB-2A","SB-02A",2025,"LITU",0.9,1,"",NA,NA,"",6.36172512351933e-05
"1324","Subplot","SB-2A","SB-02A",2025,"LITU",1,1,"",NA,NA,"",7.85398163397448e-05
"1325","Subplot","SB-2A","SB-02A",2025,"LITU",1.5,2,"",NA,NA,"",0.000176714586764426
"1326","Subplot","SB-2A","SB-02A",2025,"FAGR",2.6,6,"Y",1,"0","",0.000530929158456675
"1327","Subplot","SB-2A","SB-02A",2025,"LITU",1.1,1,"",NA,NA,"",9.50331777710913e-05
"1328","Subplot","SB-2A","SB-02A",2025,"LITU",0.8,2,"",NA,NA,"",5.02654824574367e-05
"1329","Subplot","SB-2A","SB-02A",2025,"LITU",1,1,"",NA,NA,"",7.85398163397448e-05
"1330","Subplot","SB-2A","SB-02A",2025,"LITU",2.5,1,"",NA,NA,"",0.000490873852123405
"1331","Subplot","SB-2A","SB-02A",2025,"LITU",0.6,1,"",NA,NA,"",2.82743338823081e-05
"1332","Subplot","SB-2A","SB-02A",2025,"LITU",1.7,1,"",NA,NA,"",0.000226980069221863
"1333","Subplot","SB-2A","SB-02A",2025,"LITU",1.6,1,"",NA,NA,"",0.000201061929829747
"1334","Subplot","SB-2A","SB-02A",2025,"LITU",2.7,2,"",NA,NA,"",0.00057255526111674
"1335","Subplot","SB-2A","SB-02A",2025,"LITU",1.9,1,"",NA,NA,"",0.000283528736986479
"1336","Subplot","SB-2A","SB-02A",2025,"FAGR",6.5,6,"Y",4,"4","main trunk snapped",0.00331830724035422
"1337","Subplot","SB-2A","SB-02A",2025,"LITU",1.7,2,"",NA,NA,"",0.000226980069221863
"1338","Subplot","SB-2A","SB-02A",2025,"LITU",0.7,1,"",NA,NA,"",3.8484510006475e-05
"1339","Subplot","SB-2A","SB-02A",2025,"LITU",1.3,1,"",NA,NA,"",0.000132732289614169
"1340","Subplot","SB-2A","SB-02A",2025,"LITU",1.5,2,"",NA,NA,"",0.000176714586764426
"1341","Subplot","SB-2A","SB-02A",2025,"FAGR",2.3,4,"Y",4,"4","",0.00041547562843725
"1342","Subplot","SB-2A","SB-02A",2025,"LITU",1.5,1,"",NA,NA,"",0.000176714586764426
"1343","Subplot","SB-2A","SB-02A",2025,"LITU",1.2,1,"",NA,NA,"",0.000113097335529233
"1344","Subplot","SB-2A","SB-02A",2025,"LITU",1.8,1,"",NA,NA,"",0.000254469004940773
"1345","Subplot","SB-2A","SB-02A",2025,"LITU",0.9,1,"",NA,NA,"",6.36172512351933e-05
"1346","Subplot","SB-2A","SB-02A",2025,"LITU",0.7,1,"",NA,NA,"",3.8484510006475e-05
"1347","Subplot","SB-2B","SB-02B",2025,"LITU",5,2,"",NA,NA,"",0.00196349540849362
"1348","Subplot","SB-2B","SB-02B",2025,"LITU",1.8,2,"",NA,NA,"",0.000254469004940773
"1349","Subplot","SB-2B","SB-02B",2025,"LITU",2.2,2,"",NA,NA,"",0.000380132711084365
"1350","Subplot","SB-2B","SB-02B",2025,"LITU",2.4,2,"",NA,NA,"",0.00045238934211693
"1351","Subplot","SB-2B","SB-02B",2025,"LITU",3.8,2,"",NA,NA,"",0.00113411494794592
"1352","Subplot","SB-2B","SB-02B",2025,"LITU",1.5,1,"",NA,NA,"",0.000176714586764426
"1353","Subplot","SB-2B","SB-02B",2025,"LITU",2,2,"",NA,NA,"",0.000314159265358979
"1354","Subplot","SB-2B","SB-02B",2025,"LITU",3.1,2,"",NA,NA,"",0.000754767635024948
"1355","Subplot","SB-2B","SB-02B",2025,"LITU",1.7,2,"",NA,NA,"",0.000226980069221863
"1356","Subplot","SB-2B","SB-02B",2025,"LITU",1.3,1,"",NA,NA,"",0.000132732289614169
"1357","Subplot","SB-2B","SB-02B",2025,"LITU",1.6,1,"",NA,NA,"",0.000201061929829747
"1358","Subplot","SB-2B","SB-02B",2025,"LITU",0.8,1,"",NA,NA,"",5.02654824574367e-05
"1359","Subplot","SB-2B","SB-02B",2025,"LITU",1.9,2,"",NA,NA,"",0.000283528736986479
"1360","Subplot","SB-2B","SB-02B",2025,"LITU",2.2,2,"",NA,NA,"",0.000380132711084365
"1361","Subplot","SB-2B","SB-02B",2025,"LITU",1.3,2,"",NA,NA,"",0.000132732289614169
"1362","Subplot","SB-2B","SB-02B",2025,"LITU",0.8,2,"",NA,NA,"",5.02654824574367e-05
"1363","Subplot","SB-2B","SB-02B",2025,"LITU",1.3,1,"",NA,NA,"",0.000132732289614169
"1364","Subplot","SB-2B","SB-02B",2025,"LITU",2.6,1,"",NA,NA,"",0.000530929158456675
"1365","Subplot","SB-2B","SB-02B",2025,"FAGR",2.2,6,"Y",4,"4","4",0.000380132711084365
"1366","Subplot","SB-2B","SB-02B",2025,"FAGR",2.5,6,"Y",3,"4","",0.000490873852123405
"1367","Subplot","SB-2B","SB-02B",2025,"LITU",3.2,2,"",NA,NA,"",0.000804247719318987
"1368","Subplot","SB-2B","SB-02B",2025,"LITU",1.5,2,"",NA,NA,"",0.000176714586764426
"1369","Subplot","SB-2B","SB-02B",2025,"LITU",2.6,2,"",NA,NA,"",0.000530929158456675
"1370","Subplot","SB-2B","SB-02B",2025,"FAMX",1.4,2,"",NA,NA,"",0.0001539380400259
"1371","Subplot","SB-2B","SB-02B",2025,"LITU",1.2,1,"",NA,NA,"",0.000113097335529233
"1372","Subplot","SB-3A","SB-03A",2025,"LITU",0.8,2,"",NA,NA,"",5.02654824574367e-05
"1373","Subplot","SB-3A","SB-03A",2025,"LITU",0.8,1,"",NA,NA,"",5.02654824574367e-05
"1374","Subplot","SB-3A","SB-03A",2025,"LITU",0.8,1,"",NA,NA,"",5.02654824574367e-05
"1375","Subplot","SB-3A","SB-03A",2025,"LITU",1.3,1,"",NA,NA,"",0.000132732289614169
"1376","Subplot","SB-3A","SB-03A",2025,"LITU",0.9,2,"",NA,NA,"",6.36172512351933e-05
"1377","Subplot","SB-3A","SB-03A",2025,"LITU",1.1,1,"",NA,NA,"",9.50331777710913e-05
"1378","Subplot","SB-3A","SB-03A",2025,"LITU",1.7,1,"",NA,NA,"",0.000226980069221863
"1379","Subplot","SB-3A","SB-03A",2025,"LITU",0.9,1,"",NA,NA,"",6.36172512351933e-05
"1380","Subplot","SB-3A","SB-03A",2025,"LITU",1.1,1,"",NA,NA,"",9.50331777710913e-05
"1381","Subplot","SB-3A","SB-03A",2025,"LITU",1.1,1,"",NA,NA,"",9.50331777710913e-05
"1382","Subplot","SB-3A","SB-03A",2025,"LITU",1.1,2,"",NA,NA,"",9.50331777710913e-05
"1383","Subplot","SB-3A","SB-03A",2025,"LITU",0.9,1,"",NA,NA,"",6.36172512351933e-05
"1384","Subplot","SB-3A","SB-03A",2025,"LITU",0.8,1,"",NA,NA,"",5.02654824574367e-05
"1385","Subplot","SB-3A","SB-03A",2025,"LITU",1,1,"",NA,NA,"",7.85398163397448e-05
"1386","Subplot","SB-3A","SB-03A",2025,"LITU",1,2,"",NA,NA,"",7.85398163397448e-05
"1387","Subplot","SB-3A","SB-03A",2025,"LITU",0.7,1,"",NA,NA,"",3.8484510006475e-05
"1388","Subplot","SB-3A","SB-03A",2025,"LITU",0.8,1,"",NA,NA,"",5.02654824574367e-05
"1389","Subplot","SB-3A","SB-03A",2025,"LITU",0.6,2,"",NA,NA,"",2.82743338823081e-05
"1390","Subplot","SB-3A","SB-03A",2025,"LITU",0.8,2,"",NA,NA,"",5.02654824574367e-05
"1391","Subplot","SB-3A","SB-03A",2025,"LITU",1,2,"",NA,NA,"",7.85398163397448e-05
"1392","Subplot","SB-3A","SB-03A",2025,"LITU",0.7,1,"",NA,NA,"",3.8484510006475e-05
"1393","Subplot","SB-3A","SB-03A",2025,"LITU",0.9,1,"",NA,NA,"",6.36172512351933e-05
"1394","Subplot","SB-3A","SB-03A",2025,"LITU",0.7,1,"",NA,NA,"",3.8484510006475e-05
"1395","Subplot","SB-3A","SB-03A",2025,"LITU",0.9,1,"",NA,NA,"",6.36172512351933e-05
"1396","Subplot","SB-3A","SB-03A",2025,"LITU",0.5,1,"",NA,NA,"",1.96349540849362e-05
"1397","Subplot","SB-3A","SB-03A",2025,"LITU",0.7,1,"",NA,NA,"",3.8484510006475e-05
"1398","Subplot","SB-3A","SB-03A",2025,"LITU",0.6,1,"",NA,NA,"",2.82743338823081e-05
"1399","Subplot","SB-3A","SB-03A",2025,"LITU",1,1,"",NA,NA,"",7.85398163397448e-05
"1400","Subplot","SB-3A","SB-03A",2025,"LITU",0.7,1,"",NA,NA,"",3.8484510006475e-05
"1401","Subplot","SB-3A","SB-03A",2025,"LITU",0.8,2,"",NA,NA,"",5.02654824574367e-05
"1402","Subplot","SB-3A","SB-03A",2025,"LITU",0.8,1,"",NA,NA,"",5.02654824574367e-05
"1403","Subplot","SB-3A","SB-03A",2025,"LITU",0.7,2,"",NA,NA,"",3.8484510006475e-05
"1404","Subplot","SB-3A","SB-03A",2025,"LITU",0.6,1,"",NA,NA,"",2.82743338823081e-05
"1405","Subplot","SB-3A","SB-03A",2025,"LITU",0.8,1,"",NA,NA,"",5.02654824574367e-05
"1406","Subplot","SB-3A","SB-03A",2025,"LITU",0.9,1,"",NA,NA,"",6.36172512351933e-05
"1407","Subplot","SB-3A","SB-03A",2025,"LITU",0.6,1,"",NA,NA,"",2.82743338823081e-05
"1408","Subplot","SB-3A","SB-03A",2025,"LITU",1.1,1,"",NA,NA,"",9.50331777710913e-05
"1409","Subplot","SB-3A","SB-03A",2025,"LITU",0.7,2,"",NA,NA,"",3.8484510006475e-05
"1410","Subplot","SB-3A","SB-03A",2025,"LITU",1.1,1,"",NA,NA,"",9.50331777710913e-05
"1411","Subplot","SB-3A","SB-03A",2025,"LITU",0.7,1,"",NA,NA,"",3.8484510006475e-05
"1412","Subplot","SB-3A","SB-03A",2025,"LITU",1,1,"",NA,NA,"",7.85398163397448e-05
"1413","Subplot","SB-3A","SB-03A",2025,"LITU",1.2,1,"",NA,NA,"",0.000113097335529233
"1414","Subplot","SB-3A","SB-03A",2025,"LITU",1.2,2,"",NA,NA,"",0.000113097335529233
"1415","Subplot","SB-3A","SB-03A",2025,"LITU",0.7,1,"",NA,NA,"",3.8484510006475e-05
"1416","Subplot","SB-3A","SB-03A",2025,"LITU",0.9,1,"",NA,NA,"",6.36172512351933e-05
"1417","Subplot","SB-3A","SB-03A",2025,"LITU",0.8,1,"",NA,NA,"",5.02654824574367e-05
"1418","Subplot","SB-3A","SB-03A",2025,"LITU",0.7,1,"",NA,NA,"",3.8484510006475e-05
"1419","Subplot","SB-3A","SB-03A",2025,"SNAG",3.1,7,"",NA,NA,"FAGR",0.000754767635024948
"1420","Subplot","SB-3B","SB-03B",2025,"SNAG",4.4,8,"",NA,NA,"FAGR",0.00152053084433746
"1421","Subplot","SB-3B","SB-03B",2025,"SNAG",1.1,7,"",NA,NA,"",9.50331777710913e-05
"1422","Subplot","SB-3B","SB-03B",2025,"LITU",0.7,1,"",NA,NA,"",3.8484510006475e-05
"1423","Subplot","SC-1","SC-01",2025,"FAGR",1,4,"Y",4,"3","",7.85398163397448e-05
"1424","Subplot","SC-1","SC-01",2025,"FAGR",3.6,4,"Y",3,"4","",0.00101787601976309
"1425","Subplot","SC-1","SC-01",2025,"FAGR",5.5,3,"Y",4,"4","",0.00237582944427728
"1426","Subplot","SC-1","SC-01",2025,"FAGR",10.9,3,"Y",3,"4","",0.00933131557932508
"1427","Subplot","SC-1","SC-01",2025,"FAGR",0.9,2,"Y",4,"4","",6.36172512351933e-05
"1428","Subplot","SC-1","SC-01",2025,"FAGR",1,3,"Y",4,"3","",7.85398163397448e-05
"1429","Subplot","SC-10","SC-10",2025,"ACSA",3.4,2,"",NA,NA,"",0.00090792027688745
"1430","Subplot","SC-10","SC-10",2025,"ACSA",1.8,2,"",NA,NA,"",0.000254469004940773
"1431","Subplot","SC-10","SC-10",2025,"ACSA",2.1,3,"",NA,NA,"",0.000346360590058275
"1432","Subplot","SC-10","SC-10",2025,"ACSA",6.1,2,"",NA,NA,"",0.0029224665660019
"1433","Subplot","SC-10","SC-10",2025,"ACSA",10.7,1,"",NA,NA,"#443",0.00899202357273739
"1434","Subplot","SC-10","SC-10",2025,"ACSA",7,2,"",NA,NA,"",0.0038484510006475
"1435","Subplot","SC-10","SC-10",2025,"ACSA",3.4,3,"",NA,NA,"",0.00090792027688745
"1436","Subplot","SC-3","SC-03",2025,"ACSA",2.1,2,"",NA,NA,"",0.000346360590058275
"1437","Subplot","SC-3","SC-03",2025,"ACSA",5.4,3,"",NA,NA,"",0.00229022104446696
"1438","Subplot","SC-3","SC-03",2025,"ACSA",1.3,2,"",NA,NA,"",0.000132732289614169
"1439","Subplot","SC-3","SC-03",2025,"ACSA",6,3,"",NA,NA,"",0.00282743338823081
"1440","Subplot","SC-3","SC-03",2025,"SNAG",1.7,8,"",NA,NA,"",0.000226980069221863
"1441","Subplot","SC-5","SC-05",2025,"ACSA",4.9,2,"",NA,NA,"",0.00188574099031727
"1442","Subplot","SC-7","SC-07",2025,"ACSA",2.5,3,"",NA,NA,"",0.000490873852123405
"1443","Subplot","SC-7","SC-07",2025,"FAGR",1.3,5,"Y",4,"2","",0.000132732289614169
"1444","Subplot","SC-7","SC-07",2025,"FAGR",2.4,4,"Y",2,"3","",0.00045238934211693
"1445","Subplot","SC-7","SC-07",2025,"FAGR",4.9,5,"Y",1,"0","",0.00188574099031727
"1446","Subplot","SC-7","SC-07",2025,"FAGR",3.7,6,"Y",2,"3","",0.00107521008569111
"1447","Subplot","SC-7","SC-07",2025,"SNAG",2.1,7,"",NA,NA,"possibly beech",0.000346360590058275
"1448","Subplot","SC-7","SC-07",2025,"SNAG",4.7,8,"",NA,NA,"missing top",0.00173494454294496
"1449","Subplot","SC-7","SC-07",2025,"ACSA",5.2,2,"",NA,NA,"",0.0021237166338267
"1450","Subplot","SC-8","SC-08",2025,"SNAG",1.3,7,"",NA,NA,"",0.000132732289614169
"1451","Subplot","SC-8","SC-08",2025,"ACSA",5.4,4,"",NA,NA,"",0.00229022104446696
"1452","Subplot","SC-8","SC-08",2025,"ACSA",2.6,2,"",NA,NA,"",0.000530929158456675
"1453","Subplot","SC-8","SC-08",2025,"ACSA",4.7,2,"",NA,NA,"",0.00173494454294496
"1454","Subplot","SC-8","SC-08",2025,"ACSA",3.2,2,"",NA,NA,"",0.000804247719318987
"1455","Subplot","SC-9","SC-09",2025,"ACSA",2.5,3,"",NA,NA,"",0.000490873852123405
"1456","Subplot","SC-9","SC-09",2025,"ACSA",3.4,2,"",NA,NA,"",0.00090792027688745
"1457","Subplot","SC-9","SC-09",2025,"SNAG",5.4,7,"",NA,NA,"",0.00229022104446696
"1458","Subplot","SC-9","SC-09",2025,"ACSA",4.1,2,"",NA,NA,"",0.00132025431267111
"1459","Subplot","SC-9","SC-09",2025,"ACSA",3.2,NA,"",NA,NA,"",0.000804247719318987
"1460","Subplot","SP-1","SP-01",2025,"ACPL",6.8,2,"",NA,NA,"",0.0036316811075498
"1461","Subplot","SP-1","SP-01",2025,"FAGR",0.9,2,"N",0,"0","",6.36172512351933e-05
"1462","Subplot","SP-2","SP-02",2025,"FAGR",9.7,2,"N",0,"0","",0.00738981131940659
"1463","Subplot","SP-2","SP-02",2025,"FAGR",1.8,5,"N",0,"0","",0.000254469004940773
"1464","Subplot","SP-2","SP-02",2025,"FAGR",1.9,3,"N",0,"0","",0.000283528736986479
"1465","Subplot","SP-2","SP-02",2025,"FAGR",1.2,3,"N",0,"0","",0.000113097335529233
"1466","Subplot","SP-2","SP-02",2025,"FAGR",1,4,"N",0,"0","",7.85398163397448e-05
"1467","Subplot","SP-2","SP-02",2025,"FAGR",1.2,2,"N",0,"0","",0.000113097335529233
"1468","Subplot","SP-2","SP-02",2025,"FAGR",2.2,4,"N",0,"0","",0.000380132711084365
"1469","Subplot","SP-2","SP-02",2025,"FAGR",1.2,3,"N",0,"0","",0.000113097335529233
"1470","Subplot","SP-2","SP-02",2025,"FAGR",1.4,2,"N",0,"0","",0.0001539380400259
"1471","Subplot","SP-2","SP-02",2025,"FAGR",2.4,3,"N",0,"0","",0.00045238934211693
"1472","Subplot","SP-2","SP-02",2025,"FAGR",5.2,4,"N",0,"0","herbivory on many leaves",0.0021237166338267
"1473","Subplot","SP-2","SP-02",2025,"FAGR",3.5,3,"N",0,"0","",0.000962112750161874
"1474","Subplot","SP-2","SP-02",2025,"FAGR",1.7,4,"N",0,"0","",0.000226980069221863
"1475","Subplot","SP-2","SP-02",2025,"FAGR",2.1,3,"N",0,"0","",0.000346360590058275
"1476","Subplot","SP-2","SP-02",2025,"SNAG",0.7,8,"",NA,NA,"",3.8484510006475e-05
"1477","Subplot","SP-2","SP-02",2025,"FAGR",1.3,1,"N",0,"0","",0.000132732289614169
"1478","Subplot","SP-2","SP-02",2025,"FAGR",1.9,2,"N",0,"0","",0.000283528736986479
"1479","Subplot","SP-2","SP-02",2025,"FAGR",1.3,2,"N",0,"0","",0.000132732289614169
"1480","Subplot","SP-3","SP-03",2025,"FAGR",1.8,3,"N",0,"0","",0.000254469004940773
"1481","Subplot","SP-3","SP-03",2025,"FAGR",1.8,3,"N",0,"0","",0.000254469004940773
"1482","Subplot","SP-3","SP-03",2025,"ACPL",7.7,3,"",NA,NA,"",0.00465662571078347
"1483","Subplot","SP-3","SP-03",2025,"OSVI",2.3,2,"",NA,NA,"",0.00041547562843725
"1484","Subplot","SP-3","SP-03",2025,"FAGR",4.9,4,"N",0,"0","Necrosis on leaves",0.00188574099031727
"1485","Subplot","SV-1","SV-01",2025,"FAGR",1.2,6,"Y",4,"4","few leaves",0.000113097335529233
"1486","Subplot","SV-1","SV-01",2025,"SNAG",3.4,7,"",NA,NA,"FAGR",0.00090792027688745
"1487","Subplot","SV-1","SV-01",2025,"FAGR",7.1,5,"Y",3,"1","#2427",0.00395919214168654
"1488","Subplot","SV-1","SV-01",2025,"SNAG",1.4,7,"",NA,NA,"FAGR?",0.0001539380400259
"1489","Subplot","SV-1","SV-01",2025,"FAGR",5.7,5,"Y",3,"1","FAGR",0.00255175863287831
"1490","Subplot","SV-1","SV-01",2025,"SNAG",0.9,7,"",NA,NA,"FAGR",6.36172512351933e-05
"1491","Subplot","SV-1","SV-01",2025,"SNAG",3.2,7,"",NA,NA,"FAGR",0.000804247719318987
"1492","Subplot","SV-1","SV-01",2025,"SNAG",4.5,7,"",NA,NA,"FAGR",0.00159043128087983
"1493","Subplot","SV-1","SV-01",2025,"SNAG",3.7,7,"",NA,NA,"FAGR",0.00107521008569111
"1494","Subplot","SV-1","SV-01",2025,"SNAG",6.1,7,"",NA,NA,"6.1 NOT 6-JAN, WONT LET ME ENTER THAT , FAGR",0.0029224665660019
"1495","Subplot","SV-1","SV-01",2025,"SNAG",2.8,8,"",NA,NA,"FAGR",0.000615752160103599
"1496","Subplot","SV-1","SV-01",2025,"FAGR",4.6,6,"Y",4,"3","",0.001661902513749
"1497","Subplot","SV-1","SV-01",2025,"FAGR",7.6,6,"Y",4,"3","#2424",0.00453645979178366
"1498","Subplot","SV-10","SV-10",2025,"SNAG",3,7,"",NA,NA,"",0.000706858347057703
"1499","Subplot","SV-10","SV-10",2025,"FAGR",3,5,"Y",2,"0","",0.000706858347057703
"1500","Subplot","SV-10","SV-10",2025,"FAGR",2.4,5,"Y",1,"0","",0.00045238934211693
"1501","Subplot","SV-11","SV-11",2025,"FAGR",4.8,4,"Y",3,"3","",0.00180955736846772
"1502","Subplot","SV-11","SV-11",2025,"SNAG",5.7,7,"",NA,NA,"FAGR",0.00255175863287831
"1503","Subplot","SV-11","SV-11",2025,"FAGR",5.4,4,"Y",4,"4","",0.00229022104446696
"1504","Subplot","SV-12","SV-12",2025,"SNAG",2.7,7,"",NA,NA,"FAGR",0.00057255526111674
"1505","Subplot","SV-12","SV-12",2025,"SNAG",7,7,"",NA,NA,"#2883; FAGR",0.0038484510006475
"1506","Subplot","SV-12","SV-12",2025,"FAGR",5.1,5,"Y",3,"1","",0.00204282062299676
"1507","Subplot","SV-12","SV-12",2025,"FAGR",4.3,5,"Y",2,"0","",0.00145220120412188
"1508","Subplot","SV-12","SV-12",2025,"SNAG",3.8,7,"",NA,NA,"FAGR",0.00113411494794592
"1509","Subplot","SV-2","SV-02",2025,"FAGR",6.6,6,"Y",4,"3","#2467",0.00342119439975928
"1510","Subplot","SV-3","SV-03",2025,"None",NA,NA,"",NA,NA,"NONE",0
"1511","Subplot","SV-4","SV-04",2025,"FAGR",4.4,3,"y",4,"3","",0.00152053084433746
"1512","Subplot","SV-4","SV-04",2025,"FAGR",12.5,5,"Y",4,"3","#2580; bent almost to ground",0.0122718463030851
"1513","Subplot","SV-4","SV-04",2025,"ACSA",9.6,2,"",NA,NA,"",0.00723822947387088
"1514","Subplot","SV-5","SV-05",2025,"FAGR",2.5,4,"Y",3,"4","",0.000490873852123405
"1515","Subplot","SV-5","SV-05",2025,"SNAG",7.9,7,"",NA,NA,"#2604; FAGR",0.00490166993776347
"1516","Subplot","SV-5","SV-05",2025,"SNAG",1,7,"",NA,NA,"FAGR",7.85398163397448e-05
"1517","Subplot","SV-5","SV-05",2025,"FAGR",7.8,5,"Y",3,"4","#2597",0.00477836242611008
"1518","Subplot","SV-5","SV-05",2025,"FAGR",4.5,5,"Y",2,"0","",0.00159043128087983
"1519","Subplot","SV-5","SV-05",2025,"FAGR",7.3,5,"Y",4,"4","#2596",0.004185386812745
"1520","Subplot","SV-5","SV-05",2025,"SNAG",4.6,7,"",NA,NA,"PRSE",0.001661902513749
"1521","Subplot","SV-6","SV-06",2025,"FAGR",4.1,4,"Y",2,"0","",0.00132025431267111
"1522","Subplot","SV-6","SV-06",2025,"FAGR",7.5,4,"Y",4,"3","#2654",0.00441786466911065
"1523","Subplot","SV-6","SV-06",2025,"FAGR",4.9,4,"Y",2,"1","second flush",0.00188574099031727
"1524","Subplot","SV-6","SV-06",2025,"FAGR",3.7,3,"Y",2,"1","second flush",0.00107521008569111
"1525","Subplot","SV-6","SV-06",2025,"FAGR",7.2,6,"Y",4,"3","#2673",0.00407150407905237
"1526","Subplot","SV-6","SV-06",2025,"FAGR",5.9,4,"Y",4,"3","#2669",0.00273397100678652
"1527","Subplot","SV-6","SV-06",2025,"FAGR",7.1,4,"Y",4,"4","#2668",0.00395919214168654
"1528","Subplot","SV-6","SV-06",2025,"SNAG",2.3,7,"",NA,NA,"FAGR",0.00041547562843725
"1529","Subplot","SV-6","SV-06",2025,"FAGR",4.8,4,"Y",3,"3","",0.00180955736846772
"1530","Subplot","SV-6","SV-06",2025,"FAGR",3.6,4,"Y",2,"1","second flush",0.00101787601976309
"1531","Subplot","SV-7","SV-07",2025,"FAGR",1.1,4,"Y",4,"1","second bud break",9.50331777710913e-05
"1532","Subplot","SV-7","SV-07",2025,"ACRU",6.9,6,"",NA,NA,"#2748; broken at base bent over",0.00373928065593525
"1533","Subplot","SV-8","SV-08",2025,"ACSA",1.5,2,"",NA,NA,"",0.000176714586764426
"1534","Subplot","SV-8","SV-08",2025,"ACSA",4.3,2,"",NA,NA,"",0.00145220120412188
"1535","Subplot","SV-8","SV-08",2025,"ACSA",2.3,3,"",NA,NA,"",0.00041547562843725
"1536","Subplot","SV-8","SV-08",2025,"ACSA",3.1,2,"",NA,NA,"",0.000754767635024948
"1537","Subplot","SV-8","SV-08",2025,"ACRU",11.7,2,"",NA,NA,"#2694",0.0107513154587477
"1538","Subplot","SV-9","SV-09",2025,"ACSA",6.1,2,"",NA,NA,"",0.0029224665660019
"1539","Subplot","SV-9","SV-09",2025,"SNAG",1.6,7,"",NA,NA,"",0.000201061929829747
"1540","Subplot","SV-9","SV-09",2025,"ACSA",2.8,2,"",NA,NA,"",0.000615752160103599
"1541","Subplot","SV-9","SV-09",2025,"ACSA",2.1,2,"",NA,NA,"",0.000346360590058275
"1542","Subplot","WVHA-01","WVHA-01",2025,"FAGR",2,4,"Y",2,"2","",0.000314159265358979
"1543","Subplot","WVHA-01","WVHA-01",2025,"FAGR",1.5,6,"Y",3,"3","",0.000176714586764426
"1544","Subplot","WVHA-01","WVHA-01",2025,"FAGR",4.8,5,"Y",3,"3","",0.00180955736846772
"1545","Subplot","WVHA-02","WVHA-02",2025,"SNAG",0.9,8,"",NA,NA,"",6.36172512351933e-05
"1546","Subplot","WVHA-02","WVHA-02",2025,"FAGR",1.5,6,"Y",4,"3","",0.000176714586764426
"1547","Subplot","WVHA-02","WVHA-02",2025,"FAGR",1.9,6,"Y",1,"0","",0.000283528736986479
"1548","Subplot","WVHA-02","WVHA-02",2025,"FAGR",3.9,6,"Y",2,"0","",0.00119459060652752
"1549","Subplot","WVHA-02","WVHA-02",2025,"FAGR",2,5,"Y",4,"2","",0.000314159265358979
"1550","Subplot","WVHA-02","WVHA-02",2025,"FAGR",4.9,3,"Y",3,"2","",0.00188574099031727
"1551","Subplot","WVHA-02","WVHA-02",2025,"FAGR",2.5,5,"Y",3,"3","",0.000490873852123405
"1552","Subplot","WVHA-02","WVHA-02",2025,"FAGR",3.1,5,"Y",3,"3","",0.000754767635024948
"1553","Subplot","WVHA-02","WVHA-02",2025,"FAGR",11.4,3,"Y",3,"2","",0.0102070345315132
"1554","Subplot","WVHA-02","WVHA-02",2025,"FAGR",2.9,4,"Y",4,"2","",0.000660519855417254
"1555","Subplot","WVHA-02","WVHA-02",2025,"FAGR",1.4,6,"Y",4,"4","",0.0001539380400259
