"","plot_type.x","plot_id.x","plot_id_new","date.x","species","dbh","overall_dieback","percent_bld","comments","high_temp","low_temp","moisture","northness","eastness","windward_exposure","mTPI","slope","aspect","macro_bio1","macro_bio12","macro_bio5","macro_bio6","elevation","X","Y","plot_id.y","surveyors","state","county","local.name","landowner","basal_area","bri_aspect","slope_percent","slope_shape","slope_position","site_remarks","plot_type.y","date.y","plot_area_m2","living_basal_area_m2","living_n_trees","fagus_basal_area_m2","fagus_n_trees","nonfagus_basal_area_m2"
"1","Main","BW-1","BW-01",2025,"FAGR",29.1,4,3,"",25.9883927906981,-5.84398838713522,1153.59450888432,-0.0242300117476278,0.0384532767393685,-0.0313052630077418,3.28988698444027,0.0454661628986665,2.13306586206039,9.75645557568351,1158.56424257107,25.9291982871684,-5.89375872939776,316.916809082031,-81.29129,41.611435,"BW-1","Bri, Rosana","OH","Lake","Bole Woods","Holden",110,119,3,"Concave","Middle","","Main",2025,401.149965936881,1.0448222453511,13,0.0878907668731549,2,0.956931478477941
"2","Main","BW-1","BW-01",2025,"FAGR",16.5,6,4,"",25.9883927906981,-5.84398838713522,1153.59450888432,-0.0242300117476278,0.0384532767393685,-0.0313052630077418,3.28988698444027,0.0454661628986665,2.13306586206039,9.75645557568351,1158.56424257107,25.9291982871684,-5.89375872939776,316.916809082031,-81.29129,41.611435,"BW-1","Bri, Rosana","OH","Lake","Bole Woods","Holden",110,119,3,"Concave","Middle","","Main",2025,401.149965936881,1.0448222453511,13,0.0878907668731549,2,0.956931478477941
"3","Main","BW-2","BW-02",2025,"FAGR",16.4,4,3,"necrosis present",25.9868616246059,-5.84178818062595,1154.78085888085,-0.0151460496731534,0.0543652742448617,-0.0538595226616596,3.72052963559664,0.0564656798270927,1.84250436350425,9.75747595849324,1159.49211015815,25.9380879211151,-5.88486913783995,314.266082763672,-81.2905383,41.6114383,"BW-2","Bri, Rosana","OH","Lake","Bole Woods","Holden",140,67,5,"Concave","Middle","","Main",2025,401.149965936881,0.535536304083164,16,0.0990088632742091,5,0.436527440808955
"4","Main","BW-2","BW-02",2025,"FAGR",13.7,4,3,"",25.9868616246059,-5.84178818062595,1154.78085888085,-0.0151460496731534,0.0543652742448617,-0.0538595226616596,3.72052963559664,0.0564656798270927,1.84250436350425,9.75747595849324,1159.49211015815,25.9380879211151,-5.88486913783995,314.266082763672,-81.2905383,41.6114383,"BW-2","Bri, Rosana","OH","Lake","Bole Woods","Holden",140,67,5,"Concave","Middle","","Main",2025,401.149965936881,0.535536304083164,16,0.0990088632742091,5,0.436527440808955
"5","Main","BW-2","BW-02",2025,"FAGR",20.2,4,3,"",25.9868616246059,-5.84178818062595,1154.78085888085,-0.0151460496731534,0.0543652742448617,-0.0538595226616596,3.72052963559664,0.0564656798270927,1.84250436350425,9.75747595849324,1159.49211015815,25.9380879211151,-5.88486913783995,314.266082763672,-81.2905383,41.6114383,"BW-2","Bri, Rosana","OH","Lake","Bole Woods","Holden",140,67,5,"Concave","Middle","","Main",2025,401.149965936881,0.535536304083164,16,0.0990088632742091,5,0.436527440808955
"6","Main","BW-2","BW-02",2025,"FAGR",13.3,4,4,"",25.9868616246059,-5.84178818062595,1154.78085888085,-0.0151460496731534,0.0543652742448617,-0.0538595226616596,3.72052963559664,0.0564656798270927,1.84250436350425,9.75747595849324,1159.49211015815,25.9380879211151,-5.88486913783995,314.266082763672,-81.2905383,41.6114383,"BW-2","Bri, Rosana","OH","Lake","Bole Woods","Holden",140,67,5,"Concave","Middle","","Main",2025,401.149965936881,0.535536304083164,16,0.0990088632742091,5,0.436527440808955
"7","Main","BW-2","BW-02",2025,"FAGR",14.8,6,3,"",25.9868616246059,-5.84178818062595,1154.78085888085,-0.0151460496731534,0.0543652742448617,-0.0538595226616596,3.72052963559664,0.0564656798270927,1.84250436350425,9.75747595849324,1159.49211015815,25.9380879211151,-5.88486913783995,314.266082763672,-81.2905383,41.6114383,"BW-2","Bri, Rosana","OH","Lake","Bole Woods","Holden",140,67,5,"Concave","Middle","","Main",2025,401.149965936881,0.535536304083164,16,0.0990088632742091,5,0.436527440808955
"8","Main","C-1","C-01",2025,"FAGR",38,5,3,"#965, covered in vitis, second bud break?",26.0879389783363,-5.44403915965475,1146.0598627501,0.0792275827673127,-0.192310280051388,0.178012921523772,6.92694401734066,0.209520586045016,5.10317828631162,10.0563444103283,1115.50726822801,26.233359490897,-5.62067085609889,248.412063598633,-81.30677333,41.63092167,"C-1","Bri, Rosana","OH","Lake","Upper Baldwin","Holden",70,218,4,"Convex","Summit","Tree #965","Main",2025,401.149965936881,1.58211705592211,12,0.716418998900741,7,0.865698057021367
"9","Main","C-1","C-01",2025,"FAGR",15.3,5,3,"covered in vitis",26.0879389783363,-5.44403915965475,1146.0598627501,0.0792275827673127,-0.192310280051388,0.178012921523772,6.92694401734066,0.209520586045016,5.10317828631162,10.0563444103283,1115.50726822801,26.233359490897,-5.62067085609889,248.412063598633,-81.30677333,41.63092167,"C-1","Bri, Rosana","OH","Lake","Upper Baldwin","Holden",70,218,4,"Convex","Summit","Tree #965","Main",2025,401.149965936881,1.58211705592211,12,0.716418998900741,7,0.865698057021367
"10","Main","C-1","C-01",2025,"FAGR",24.7,6,4,"covered in vitis",26.0879389783363,-5.44403915965475,1146.0598627501,0.0792275827673127,-0.192310280051388,0.178012921523772,6.92694401734066,0.209520586045016,5.10317828631162,10.0563444103283,1115.50726822801,26.233359490897,-5.62067085609889,248.412063598633,-81.30677333,41.63092167,"C-1","Bri, Rosana","OH","Lake","Upper Baldwin","Holden",70,218,4,"Convex","Summit","Tree #965","Main",2025,401.149965936881,1.58211705592211,12,0.716418998900741,7,0.865698057021367
"11","Main","C-1","C-01",2025,"FAGR",68.9,3,1,"covered in vitis",26.0879389783363,-5.44403915965475,1146.0598627501,0.0792275827673127,-0.192310280051388,0.178012921523772,6.92694401734066,0.209520586045016,5.10317828631162,10.0563444103283,1115.50726822801,26.233359490897,-5.62067085609889,248.412063598633,-81.30677333,41.63092167,"C-1","Bri, Rosana","OH","Lake","Upper Baldwin","Holden",70,218,4,"Convex","Summit","Tree #965","Main",2025,401.149965936881,1.58211705592211,12,0.716418998900741,7,0.865698057021367
"12","Main","C-1","C-01",2025,"FAGR",26.3,5,4,"covered in vitis",26.0879389783363,-5.44403915965475,1146.0598627501,0.0792275827673127,-0.192310280051388,0.178012921523772,6.92694401734066,0.209520586045016,5.10317828631162,10.0563444103283,1115.50726822801,26.233359490897,-5.62067085609889,248.412063598633,-81.30677333,41.63092167,"C-1","Bri, Rosana","OH","Lake","Upper Baldwin","Holden",70,218,4,"Convex","Summit","Tree #965","Main",2025,401.149965936881,1.58211705592211,12,0.716418998900741,7,0.865698057021367
"13","Main","C-1","C-01",2025,"FAGR",16.3,3,4,"",26.0879389783363,-5.44403915965475,1146.0598627501,0.0792275827673127,-0.192310280051388,0.178012921523772,6.92694401734066,0.209520586045016,5.10317828631162,10.0563444103283,1115.50726822801,26.233359490897,-5.62067085609889,248.412063598633,-81.30677333,41.63092167,"C-1","Bri, Rosana","OH","Lake","Upper Baldwin","Holden",70,218,4,"Convex","Summit","Tree #965","Main",2025,401.149965936881,1.58211705592211,12,0.716418998900741,7,0.865698057021367
"14","Main","C-1","C-01",2025,"FAGR",33.6,2,2,"",26.0879389783363,-5.44403915965475,1146.0598627501,0.0792275827673127,-0.192310280051388,0.178012921523772,6.92694401734066,0.209520586045016,5.10317828631162,10.0563444103283,1115.50726822801,26.233359490897,-5.62067085609889,248.412063598633,-81.30677333,41.63092167,"C-1","Bri, Rosana","OH","Lake","Upper Baldwin","Holden",70,218,4,"Convex","Summit","Tree #965","Main",2025,401.149965936881,1.58211705592211,12,0.716418998900741,7,0.865698057021367
"15","Main","C-10","C-10",2025,"FAGR",56.3,3,4,"#666",25.6782190319004,-5.92290673460499,1144.67267270294,0.180688783796616,-0.0531556520859479,-0.0298183898808918,-6.88992935868028,0.189477040763141,5.99707329101139,9.83565390431272,1119.74129009176,26.0004452700841,-5.7395691431841,267.309204101562,-81.29686,41.63199167,"C-10","Bri, Rosana","OH","Lake","Upper Baldwin","Holden",70,308,5,"Flat","Lower","No soil sample taken for North plot bc in creek, Tree #666","Main",2025,401.149965936881,1.21564163350106,10,0.248946870453926,1,0.966694763047135
"16","Main","C-11","C-11",2025,"FAGR",21.3,2,1,"#407",26.3140765260574,-5.60574872881014,1090.34888236846,-0.196905203949014,0.0269206336377393,0.0675137790442185,2.47689559507554,0.200069006696002,3.00571632393758,9.81787466821122,1118.19021768509,25.9715541790464,-5.74290274001816,283.064208984375,-81.2966049,41.6329262,"C-11","Bri, Rosana","OH","Lake","Upper Baldwin","Holden",120,213,5,"Convex","Upper","","Main",2025,401.149965936881,1.88970332405161,11,0.835790880357355,4,1.05391244369426
"17","Main","C-11","C-11",2025,"FAGR",86.9,3,1,"",26.3140765260574,-5.60574872881014,1090.34888236846,-0.196905203949014,0.0269206336377393,0.0675137790442185,2.47689559507554,0.200069006696002,3.00571632393758,9.81787466821122,1118.19021768509,25.9715541790464,-5.74290274001816,283.064208984375,-81.2966049,41.6329262,"C-11","Bri, Rosana","OH","Lake","Upper Baldwin","Holden",120,213,5,"Convex","Upper","","Main",2025,401.149965936881,1.88970332405161,11,0.835790880357355,4,1.05391244369426
"18","Main","C-11","C-11",2025,"FAGR",23.6,3,3,"",26.3140765260574,-5.60574872881014,1090.34888236846,-0.196905203949014,0.0269206336377393,0.0675137790442185,2.47689559507554,0.200069006696002,3.00571632393758,9.81787466821122,1118.19021768509,25.9715541790464,-5.74290274001816,283.064208984375,-81.2966049,41.6329262,"C-11","Bri, Rosana","OH","Lake","Upper Baldwin","Holden",120,213,5,"Convex","Upper","","Main",2025,401.149965936881,1.88970332405161,11,0.835790880357355,4,1.05391244369426
"19","Main","C-11","C-11",2025,"FAGR",45.6,3,3,"",26.3140765260574,-5.60574872881014,1090.34888236846,-0.196905203949014,0.0269206336377393,0.0675137790442185,2.47689559507554,0.200069006696002,3.00571632393758,9.81787466821122,1118.19021768509,25.9715541790464,-5.74290274001816,283.064208984375,-81.2966049,41.6329262,"C-11","Bri, Rosana","OH","Lake","Upper Baldwin","Holden",120,213,5,"Convex","Upper","","Main",2025,401.149965936881,1.88970332405161,11,0.835790880357355,4,1.05391244369426
"20","Main","C-12","C-12",2025,"FAGR",35.3,5,4,"#579; covered in vitis",25.9351939558076,-5.75425958427337,1119.68783924555,-0.0415320588253696,-0.0373186346323226,0.062888390069399,0.64467017715693,0.0558644573311037,3.87360611486066,9.74521639171491,1122.75923428067,25.8673659009715,-5.80957467670145,300.226226806641,-81.290965,41.632825,"C-12","Bri, Rosana","OH","Lake","Upper Baldwin","Holden",200,3,209,"Flat","Upper","Tree #579","Main",2025,401.149965936881,1.6905483409626,16,0.140025496959477,3,1.55052284400312
"21","Main","C-12","C-12",2025,"FAGR",18.9,5,3,"vitis on top",25.9351939558076,-5.75425958427337,1119.68783924555,-0.0415320588253696,-0.0373186346323226,0.062888390069399,0.64467017715693,0.0558644573311037,3.87360611486066,9.74521639171491,1122.75923428067,25.8673659009715,-5.80957467670145,300.226226806641,-81.290965,41.632825,"C-12","Bri, Rosana","OH","Lake","Upper Baldwin","Holden",200,3,209,"Flat","Upper","Tree #579","Main",2025,401.149965936881,1.6905483409626,16,0.140025496959477,3,1.55052284400312
"22","Main","C-12","C-12",2025,"FAGR",13.4,5,4,"",25.9351939558076,-5.75425958427337,1119.68783924555,-0.0415320588253696,-0.0373186346323226,0.062888390069399,0.64467017715693,0.0558644573311037,3.87360611486066,9.74521639171491,1122.75923428067,25.8673659009715,-5.80957467670145,300.226226806641,-81.290965,41.632825,"C-12","Bri, Rosana","OH","Lake","Upper Baldwin","Holden",200,3,209,"Flat","Upper","Tree #579","Main",2025,401.149965936881,1.6905483409626,16,0.140025496959477,3,1.55052284400312
"23","Main","C-13","C-13",2025,"FAGR",35.7,3,3,"#595",25.9327505292506,-5.74354811839182,1124.13697743219,-0.0255882808484465,-0.0417511216239162,0.0599521941061149,1.34942304287262,0.0489881148454247,4.16255523342226,9.76077325112155,1124.14755573828,25.8903439657025,-5.80512988092263,296.794067382812,-81.291344,41.631888,"C-13","Bri, Rosana","OH","Lake","Upper Baldwin","Holden",90,237,3,"Flat","Upper","Tree #595","Main",2025,401.149965936881,1.04274800880156,10,0.431395649209316,5,0.611352359592247
"24","Main","C-13","C-13",2025,"FAGR",41.1,3,4,"",25.9327505292506,-5.74354811839182,1124.13697743219,-0.0255882808484465,-0.0417511216239162,0.0599521941061149,1.34942304287262,0.0489881148454247,4.16255523342226,9.76077325112155,1124.14755573828,25.8903439657025,-5.80512988092263,296.794067382812,-81.291344,41.631888,"C-13","Bri, Rosana","OH","Lake","Upper Baldwin","Holden",90,237,3,"Flat","Upper","Tree #595","Main",2025,401.149965936881,1.04274800880156,10,0.431395649209316,5,0.611352359592247
"25","Main","C-13","C-13",2025,"FAGR",16.4,5,4,"",25.9327505292506,-5.74354811839182,1124.13697743219,-0.0255882808484465,-0.0417511216239162,0.0599521941061149,1.34942304287262,0.0489881148454247,4.16255523342226,9.76077325112155,1124.14755573828,25.8903439657025,-5.80512988092263,296.794067382812,-81.291344,41.631888,"C-13","Bri, Rosana","OH","Lake","Upper Baldwin","Holden",90,237,3,"Flat","Upper","Tree #595","Main",2025,401.149965936881,1.04274800880156,10,0.431395649209316,5,0.611352359592247
"26","Main","C-13","C-13",2025,"FAGR",26,5,3,"second bud break",25.9327505292506,-5.74354811839182,1124.13697743219,-0.0255882808484465,-0.0417511216239162,0.0599521941061149,1.34942304287262,0.0489881148454247,4.16255523342226,9.76077325112155,1124.14755573828,25.8903439657025,-5.80512988092263,296.794067382812,-81.291344,41.631888,"C-13","Bri, Rosana","OH","Lake","Upper Baldwin","Holden",90,237,3,"Flat","Upper","Tree #595","Main",2025,401.149965936881,1.04274800880156,10,0.431395649209316,5,0.611352359592247
"27","Main","C-13","C-13",2025,"FAGR",39.8,4,3,"vitis on top, second bud break",25.9327505292506,-5.74354811839182,1124.13697743219,-0.0255882808484465,-0.0417511216239162,0.0599521941061149,1.34942304287262,0.0489881148454247,4.16255523342226,9.76077325112155,1124.14755573828,25.8903439657025,-5.80512988092263,296.794067382812,-81.291344,41.631888,"C-13","Bri, Rosana","OH","Lake","Upper Baldwin","Holden",90,237,3,"Flat","Upper","Tree #595","Main",2025,401.149965936881,1.04274800880156,10,0.431395649209316,5,0.611352359592247
"28","Main","C-14","C-14",2025,"FAGR",25.3,5,3,"#451",25.8298196162658,-5.83093750351954,1145.57234404876,0.111909369517517,0.0108134863868026,-0.0680732841433699,0.847114585301483,0.112668817363707,0.0963281200377242,9.8339185702836,1130.61145695106,26.0030404856798,-5.78087752300663,277.760528564453,-81.29294667,41.62782667,"C-14","Bri, Rosana","OH","Lake","Upper Baldwin","Holden",110,14,8,"Convex","Upper","Tree #451","Main",2025,401.149965936881,1.66728798895542,18,0.680265550643229,9,0.987022438312188
"29","Main","C-14","C-14",2025,"FAGR",37.8,3,2,"some leaves browning",25.8298196162658,-5.83093750351954,1145.57234404876,0.111909369517517,0.0108134863868026,-0.0680732841433699,0.847114585301483,0.112668817363707,0.0963281200377242,9.8339185702836,1130.61145695106,26.0030404856798,-5.78087752300663,277.760528564453,-81.29294667,41.62782667,"C-14","Bri, Rosana","OH","Lake","Upper Baldwin","Holden",110,14,8,"Convex","Upper","Tree #451","Main",2025,401.149965936881,1.66728798895542,18,0.680265550643229,9,0.987022438312188
"30","Main","C-14","C-14",2025,"FAGR",29.2,3,2,"",25.8298196162658,-5.83093750351954,1145.57234404876,0.111909369517517,0.0108134863868026,-0.0680732841433699,0.847114585301483,0.112668817363707,0.0963281200377242,9.8339185702836,1130.61145695106,26.0030404856798,-5.78087752300663,277.760528564453,-81.29294667,41.62782667,"C-14","Bri, Rosana","OH","Lake","Upper Baldwin","Holden",110,14,8,"Convex","Upper","Tree #451","Main",2025,401.149965936881,1.66728798895542,18,0.680265550643229,9,0.987022438312188
"31","Main","C-14","C-14",2025,"FAGR",26.1,3,3,"",25.8298196162658,-5.83093750351954,1145.57234404876,0.111909369517517,0.0108134863868026,-0.0680732841433699,0.847114585301483,0.112668817363707,0.0963281200377242,9.8339185702836,1130.61145695106,26.0030404856798,-5.78087752300663,277.760528564453,-81.29294667,41.62782667,"C-14","Bri, Rosana","OH","Lake","Upper Baldwin","Holden",110,14,8,"Convex","Upper","Tree #451","Main",2025,401.149965936881,1.66728798895542,18,0.680265550643229,9,0.987022438312188
"32","Main","C-14","C-14",2025,"FAGR",38.8,3,2,"",25.8298196162658,-5.83093750351954,1145.57234404876,0.111909369517517,0.0108134863868026,-0.0680732841433699,0.847114585301483,0.112668817363707,0.0963281200377242,9.8339185702836,1130.61145695106,26.0030404856798,-5.78087752300663,277.760528564453,-81.29294667,41.62782667,"C-14","Bri, Rosana","OH","Lake","Upper Baldwin","Holden",110,14,8,"Convex","Upper","Tree #451","Main",2025,401.149965936881,1.66728798895542,18,0.680265550643229,9,0.987022438312188
"33","Main","C-14","C-14",2025,"FAGR",29.8,3,2,"",25.8298196162658,-5.83093750351954,1145.57234404876,0.111909369517517,0.0108134863868026,-0.0680732841433699,0.847114585301483,0.112668817363707,0.0963281200377242,9.8339185702836,1130.61145695106,26.0030404856798,-5.78087752300663,277.760528564453,-81.29294667,41.62782667,"C-14","Bri, Rosana","OH","Lake","Upper Baldwin","Holden",110,14,8,"Convex","Upper","Tree #451","Main",2025,401.149965936881,1.66728798895542,18,0.680265550643229,9,0.987022438312188
"34","Main","C-14","C-14",2025,"FAGR",34.7,3,2,"",25.8298196162658,-5.83093750351954,1145.57234404876,0.111909369517517,0.0108134863868026,-0.0680732841433699,0.847114585301483,0.112668817363707,0.0963281200377242,9.8339185702836,1130.61145695106,26.0030404856798,-5.78087752300663,277.760528564453,-81.29294667,41.62782667,"C-14","Bri, Rosana","OH","Lake","Upper Baldwin","Holden",110,14,8,"Convex","Upper","Tree #451","Main",2025,401.149965936881,1.66728798895542,18,0.680265550643229,9,0.987022438312188
"35","Main","C-14","C-14",2025,"FAGR",30.9,2,2,"",25.8298196162658,-5.83093750351954,1145.57234404876,0.111909369517517,0.0108134863868026,-0.0680732841433699,0.847114585301483,0.112668817363707,0.0963281200377242,9.8339185702836,1130.61145695106,26.0030404856798,-5.78087752300663,277.760528564453,-81.29294667,41.62782667,"C-14","Bri, Rosana","OH","Lake","Upper Baldwin","Holden",110,14,8,"Convex","Upper","Tree #451","Main",2025,401.149965936881,1.66728798895542,18,0.680265550643229,9,0.987022438312188
"36","Main","C-14","C-14",2025,"FAGR",22.5,4,2,"",25.8298196162658,-5.83093750351954,1145.57234404876,0.111909369517517,0.0108134863868026,-0.0680732841433699,0.847114585301483,0.112668817363707,0.0963281200377242,9.8339185702836,1130.61145695106,26.0030404856798,-5.78087752300663,277.760528564453,-81.29294667,41.62782667,"C-14","Bri, Rosana","OH","Lake","Upper Baldwin","Holden",110,14,8,"Convex","Upper","Tree #451","Main",2025,401.149965936881,1.66728798895542,18,0.680265550643229,9,0.987022438312188
"37","Main","C-15","C-15",2025,"FAGR",20.2,5,4,"#639",25.6781916199405,-5.90789250328409,1163.67504614175,0.183874175825853,-0.0200174108530508,-0.0693157458701227,-1.09879629998591,0.186031731155053,6.17474762469567,9.83041936141128,1137.10274843151,25.978263545003,-5.80215572875424,281.350952148438,-81.2895232,41.6263138,"C-15","Bri, Rosana","OH","Lake","Upper Baldwin","Holden",180,339,14,"Convex","Lower","Tree #639","Main",2025,401.149965936881,2.85357850769215,14,0.179950427197623,5,2.67362808049453
"38","Main","C-15","C-15",2025,"FAGR",16.7,5,3,"",25.6781916199405,-5.90789250328409,1163.67504614175,0.183874175825853,-0.0200174108530508,-0.0693157458701227,-1.09879629998591,0.186031731155053,6.17474762469567,9.83041936141128,1137.10274843151,25.978263545003,-5.80215572875424,281.350952148438,-81.2895232,41.6263138,"C-15","Bri, Rosana","OH","Lake","Upper Baldwin","Holden",180,339,14,"Convex","Lower","Tree #639","Main",2025,401.149965936881,2.85357850769215,14,0.179950427197623,5,2.67362808049453
"39","Main","C-15","C-15",2025,"FAGR",27.7,3,3,"",25.6781916199405,-5.90789250328409,1163.67504614175,0.183874175825853,-0.0200174108530508,-0.0693157458701227,-1.09879629998591,0.186031731155053,6.17474762469567,9.83041936141128,1137.10274843151,25.978263545003,-5.80215572875424,281.350952148438,-81.2895232,41.6263138,"C-15","Bri, Rosana","OH","Lake","Upper Baldwin","Holden",180,339,14,"Convex","Lower","Tree #639","Main",2025,401.149965936881,2.85357850769215,14,0.179950427197623,5,2.67362808049453
"40","Main","C-15","C-15",2025,"FAGR",24.3,5,2,"",25.6781916199405,-5.90789250328409,1163.67504614175,0.183874175825853,-0.0200174108530508,-0.0693157458701227,-1.09879629998591,0.186031731155053,6.17474762469567,9.83041936141128,1137.10274843151,25.978263545003,-5.80215572875424,281.350952148438,-81.2895232,41.6263138,"C-15","Bri, Rosana","OH","Lake","Upper Baldwin","Holden",180,339,14,"Convex","Lower","Tree #639","Main",2025,401.149965936881,2.85357850769215,14,0.179950427197623,5,2.67362808049453
"41","Main","C-15","C-15",2025,"FAGR",15.7,4,2,"",25.6781916199405,-5.90789250328409,1163.67504614175,0.183874175825853,-0.0200174108530508,-0.0693157458701227,-1.09879629998591,0.186031731155053,6.17474762469567,9.83041936141128,1137.10274843151,25.978263545003,-5.80215572875424,281.350952148438,-81.2895232,41.6263138,"C-15","Bri, Rosana","OH","Lake","Upper Baldwin","Holden",180,339,14,"Convex","Lower","Tree #639","Main",2025,401.149965936881,2.85357850769215,14,0.179950427197623,5,2.67362808049453
"42","Main","C-16","C-16",2025,"FAGR",26.4,3,3,"#616",25.8491435946909,-5.91582704942134,1143.41845210512,0.0710917140859276,-0.0265712212341772,-0.00549190522225166,-5.70074556872866,0.0759681192830828,5.92550242310699,9.82867525593127,1135.1271388532,25.9803311765822,-5.79834388417998,276.291137695312,-81.2904717,41.626733,"C-16","Bri, Rosana","OH","Lake","Upper Baldwin","Holden",160,16,6,"Flat","Summit","Tree #616","Main",2025,401.149965936881,2.11675407910818,17,0.157060783123568,3,1.95969329598461
"43","Main","C-16","C-16",2025,"FAGR",31.4,4,3,"",25.8491435946909,-5.91582704942134,1143.41845210512,0.0710917140859276,-0.0265712212341772,-0.00549190522225166,-5.70074556872866,0.0759681192830828,5.92550242310699,9.82867525593127,1135.1271388532,25.9803311765822,-5.79834388417998,276.291137695312,-81.2904717,41.626733,"C-16","Bri, Rosana","OH","Lake","Upper Baldwin","Holden",160,16,6,"Flat","Summit","Tree #616","Main",2025,401.149965936881,2.11675407910818,17,0.157060783123568,3,1.95969329598461
"44","Main","C-16","C-16",2025,"FAGR",17.8,5,4,"",25.8491435946909,-5.91582704942134,1143.41845210512,0.0710917140859276,-0.0265712212341772,-0.00549190522225166,-5.70074556872866,0.0759681192830828,5.92550242310699,9.82867525593127,1135.1271388532,25.9803311765822,-5.79834388417998,276.291137695312,-81.2904717,41.626733,"C-16","Bri, Rosana","OH","Lake","Upper Baldwin","Holden",160,16,6,"Flat","Summit","Tree #616","Main",2025,401.149965936881,2.11675407910818,17,0.157060783123568,3,1.95969329598461
"45","Main","C-17","C-17",2025,"FAGR",32,5,4,"#606; white dots on trunk",25.8336477487694,-5.79228775448045,1144.712312977,-0.00730369848191421,-0.128668216222596,0.149123434670908,-0.515718553461568,0.129234780653366,4.6556860172346,9.73391488955792,1136.5163387845,25.8430057449927,-5.85922828588663,304.631896972656,-81.28594,41.6281158,"C-17","Bri, Rosana","OH","Lake","Upper Baldwin","Holden",130,261,8,"Convex","Upper","Tree #606","Main",2025,401.149965936881,1.97460250932039,17,0.728751320862407,8,1.24585118845798
"46","Main","C-17","C-17",2025,"FAGR",49.9,5,4,"white dots on trunk",25.8336477487694,-5.79228775448045,1144.712312977,-0.00730369848191421,-0.128668216222596,0.149123434670908,-0.515718553461568,0.129234780653366,4.6556860172346,9.73391488955792,1136.5163387845,25.8430057449927,-5.85922828588663,304.631896972656,-81.28594,41.6281158,"C-17","Bri, Rosana","OH","Lake","Upper Baldwin","Holden",130,261,8,"Convex","Upper","Tree #606","Main",2025,401.149965936881,1.97460250932039,17,0.728751320862407,8,1.24585118845798
"47","Main","C-17","C-17",2025,"FAGR",54.7,4,4,"",25.8336477487694,-5.79228775448045,1144.712312977,-0.00730369848191421,-0.128668216222596,0.149123434670908,-0.515718553461568,0.129234780653366,4.6556860172346,9.73391488955792,1136.5163387845,25.8430057449927,-5.85922828588663,304.631896972656,-81.28594,41.6281158,"C-17","Bri, Rosana","OH","Lake","Upper Baldwin","Holden",130,261,8,"Convex","Upper","Tree #606","Main",2025,401.149965936881,1.97460250932039,17,0.728751320862407,8,1.24585118845798
"48","Main","C-17","C-17",2025,"FAGR",42.8,4,4,"",25.8336477487694,-5.79228775448045,1144.712312977,-0.00730369848191421,-0.128668216222596,0.149123434670908,-0.515718553461568,0.129234780653366,4.6556860172346,9.73391488955792,1136.5163387845,25.8430057449927,-5.85922828588663,304.631896972656,-81.28594,41.6281158,"C-17","Bri, Rosana","OH","Lake","Upper Baldwin","Holden",130,261,8,"Convex","Upper","Tree #606","Main",2025,401.149965936881,1.97460250932039,17,0.728751320862407,8,1.24585118845798
"49","Main","C-17","C-17",2025,"FAGR",16.4,4,4,"",25.8336477487694,-5.79228775448045,1144.712312977,-0.00730369848191421,-0.128668216222596,0.149123434670908,-0.515718553461568,0.129234780653366,4.6556860172346,9.73391488955792,1136.5163387845,25.8430057449927,-5.85922828588663,304.631896972656,-81.28594,41.6281158,"C-17","Bri, Rosana","OH","Lake","Upper Baldwin","Holden",130,261,8,"Convex","Upper","Tree #606","Main",2025,401.149965936881,1.97460250932039,17,0.728751320862407,8,1.24585118845798
"50","Main","C-17","C-17",2025,"FAGR",16.3,2,3,"",25.8336477487694,-5.79228775448045,1144.712312977,-0.00730369848191421,-0.128668216222596,0.149123434670908,-0.515718553461568,0.129234780653366,4.6556860172346,9.73391488955792,1136.5163387845,25.8430057449927,-5.85922828588663,304.631896972656,-81.28594,41.6281158,"C-17","Bri, Rosana","OH","Lake","Upper Baldwin","Holden",130,261,8,"Convex","Upper","Tree #606","Main",2025,401.149965936881,1.97460250932039,17,0.728751320862407,8,1.24585118845798
"51","Main","C-17","C-17",2025,"FAGR",13,5,3,"second bud break",25.8336477487694,-5.79228775448045,1144.712312977,-0.00730369848191421,-0.128668216222596,0.149123434670908,-0.515718553461568,0.129234780653366,4.6556860172346,9.73391488955792,1136.5163387845,25.8430057449927,-5.85922828588663,304.631896972656,-81.28594,41.6281158,"C-17","Bri, Rosana","OH","Lake","Upper Baldwin","Holden",130,261,8,"Convex","Upper","Tree #606","Main",2025,401.149965936881,1.97460250932039,17,0.728751320862407,8,1.24585118845798
"52","Main","C-17","C-17",2025,"FAGR",15.4,6,4,"",25.8336477487694,-5.79228775448045,1144.712312977,-0.00730369848191421,-0.128668216222596,0.149123434670908,-0.515718553461568,0.129234780653366,4.6556860172346,9.73391488955792,1136.5163387845,25.8430057449927,-5.85922828588663,304.631896972656,-81.28594,41.6281158,"C-17","Bri, Rosana","OH","Lake","Upper Baldwin","Holden",130,261,8,"Convex","Upper","Tree #606","Main",2025,401.149965936881,1.97460250932039,17,0.728751320862407,8,1.24585118845798
"53","Main","C-2","C-02",2025,"FAGR",23.7,5,3,"",26.1537837926709,-5.65451137024066,1123.31981189353,0.0538970614016022,0.0572510188481518,-0.091444187902432,3.56325349582739,0.0787105835842595,0.815564586385387,10.0290026266667,1118.77434610409,26.2160183017213,-5.65400682444045,251.415191650391,-81.30395667,41.63015167,"C-2","Bri, Rosana","OH","Lake","Upper Baldwin","Holden",110,37,3,"Convex","Upper","Tree #659","Main",2025,401.149965936881,0.870097072134556,11,0.428496744588216,3,0.441600327546339
"54","Main","C-2","C-02",2025,"FAGR",21.1,6,3,"",26.1537837926709,-5.65451137024066,1123.31981189353,0.0538970614016022,0.0572510188481518,-0.091444187902432,3.56325349582739,0.0787105835842595,0.815564586385387,10.0290026266667,1118.77434610409,26.2160183017213,-5.65400682444045,251.415191650391,-81.30395667,41.63015167,"C-2","Bri, Rosana","OH","Lake","Upper Baldwin","Holden",110,37,3,"Convex","Upper","Tree #659","Main",2025,401.149965936881,0.870097072134556,11,0.428496744588216,3,0.441600327546339
"55","Main","C-2","C-02",2025,"FAGR",66.7,2,3,"",26.1537837926709,-5.65451137024066,1123.31981189353,0.0538970614016022,0.0572510188481518,-0.091444187902432,3.56325349582739,0.0787105835842595,0.815564586385387,10.0290026266667,1118.77434610409,26.2160183017213,-5.65400682444045,251.415191650391,-81.30395667,41.63015167,"C-2","Bri, Rosana","OH","Lake","Upper Baldwin","Holden",110,37,3,"Convex","Upper","Tree #659","Main",2025,401.149965936881,0.870097072134556,11,0.428496744588216,3,0.441600327546339
"56","Main","C-3","C-03",2025,"FAGR",51.6,4,2,"missing tag, should be #826",26.33568802297,-5.67276705128578,1102.17078606458,-0.105897540077962,-0.0191365943392421,0.0741958286054877,-4.86107717061696,0.107821514791184,3.32037185168668,9.99566661593592,1118.12631677337,26.1737925982639,-5.6662300128325,244.370727539062,-81.3029844,41.6308466,"C-3","Bri, Rosana","OH","Lake","Upper Baldwin","Holden",110,229,13,"Convex","Middle","Tree #826; S, E, & W microplots are in a floodplain. Floodplain is a quick dropoff ~5m from plot center","Main",2025,401.149965936881,1.71421003143127,16,0.328107936740918,3,1.38610209469035
"57","Main","C-3","C-03",2025,"FAGR",14.8,5,4,"",26.33568802297,-5.67276705128578,1102.17078606458,-0.105897540077962,-0.0191365943392421,0.0741958286054877,-4.86107717061696,0.107821514791184,3.32037185168668,9.99566661593592,1118.12631677337,26.1737925982639,-5.6662300128325,244.370727539062,-81.3029844,41.6308466,"C-3","Bri, Rosana","OH","Lake","Upper Baldwin","Holden",110,229,13,"Convex","Middle","Tree #826; S, E, & W microplots are in a floodplain. Floodplain is a quick dropoff ~5m from plot center","Main",2025,401.149965936881,1.71421003143127,16,0.328107936740918,3,1.38610209469035
"58","Main","C-3","C-03",2025,"FAGR",36,3,3,"",26.33568802297,-5.67276705128578,1102.17078606458,-0.105897540077962,-0.0191365943392421,0.0741958286054877,-4.86107717061696,0.107821514791184,3.32037185168668,9.99566661593592,1118.12631677337,26.1737925982639,-5.6662300128325,244.370727539062,-81.3029844,41.6308466,"C-3","Bri, Rosana","OH","Lake","Upper Baldwin","Holden",110,229,13,"Convex","Middle","Tree #826; S, E, & W microplots are in a floodplain. Floodplain is a quick dropoff ~5m from plot center","Main",2025,401.149965936881,1.71421003143127,16,0.328107936740918,3,1.38610209469035
"59","Main","C-4","C-04",2025,"FAGR",39.3,3,2,"#522",26.1604660676973,-5.72534046034863,1117.05145449381,-0.00994721457377802,-0.0273208462574019,0.035813798063065,-4.22103217918564,0.0290794436930318,4.36321842341854,9.97455385188216,1119.22002173032,26.1560133632752,-5.67845320122437,246.958602905273,-81.3019292,41.630603,"C-4","Bri, Rosana","OH","Lake","Upper Baldwin","Holden",110,244,4,"Concave","Middle","Tree #522","Main",2025,401.149965936881,0.688559355248706,9,0.272595209153823,6,0.415964146094883
"60","Main","C-4","C-04",2025,"FAGR",24,3,4,"",26.1604660676973,-5.72534046034863,1117.05145449381,-0.00994721457377802,-0.0273208462574019,0.035813798063065,-4.22103217918564,0.0290794436930318,4.36321842341854,9.97455385188216,1119.22002173032,26.1560133632752,-5.67845320122437,246.958602905273,-81.3019292,41.630603,"C-4","Bri, Rosana","OH","Lake","Upper Baldwin","Holden",110,244,4,"Concave","Middle","Tree #522","Main",2025,401.149965936881,0.688559355248706,9,0.272595209153823,6,0.415964146094883
"61","Main","C-4","C-04",2025,"FAGR",16.6,4,4,"",26.1604660676973,-5.72534046034863,1117.05145449381,-0.00994721457377802,-0.0273208462574019,0.035813798063065,-4.22103217918564,0.0290794436930318,4.36321842341854,9.97455385188216,1119.22002173032,26.1560133632752,-5.67845320122437,246.958602905273,-81.3019292,41.630603,"C-4","Bri, Rosana","OH","Lake","Upper Baldwin","Holden",110,244,4,"Concave","Middle","Tree #522","Main",2025,401.149965936881,0.688559355248706,9,0.272595209153823,6,0.415964146094883
"62","Main","C-4","C-04",2025,"FAGR",12.7,3,3,"",26.1604660676973,-5.72534046034863,1117.05145449381,-0.00994721457377802,-0.0273208462574019,0.035813798063065,-4.22103217918564,0.0290794436930318,4.36321842341854,9.97455385188216,1119.22002173032,26.1560133632752,-5.67845320122437,246.958602905273,-81.3019292,41.630603,"C-4","Bri, Rosana","OH","Lake","Upper Baldwin","Holden",110,244,4,"Concave","Middle","Tree #522","Main",2025,401.149965936881,0.688559355248706,9,0.272595209153823,6,0.415964146094883
"63","Main","C-4","C-04",2025,"FAGR",20.4,5,4,"",26.1604660676973,-5.72534046034863,1117.05145449381,-0.00994721457377802,-0.0273208462574019,0.035813798063065,-4.22103217918564,0.0290794436930318,4.36321842341854,9.97455385188216,1119.22002173032,26.1560133632752,-5.67845320122437,246.958602905273,-81.3019292,41.630603,"C-4","Bri, Rosana","OH","Lake","Upper Baldwin","Holden",110,244,4,"Concave","Middle","Tree #522","Main",2025,401.149965936881,0.688559355248706,9,0.272595209153823,6,0.415964146094883
"64","Main","C-4","C-04",2025,"FAGR",22.3,5,2,"",26.1604660676973,-5.72534046034863,1117.05145449381,-0.00994721457377802,-0.0273208462574019,0.035813798063065,-4.22103217918564,0.0290794436930318,4.36321842341854,9.97455385188216,1119.22002173032,26.1560133632752,-5.67845320122437,246.958602905273,-81.3019292,41.630603,"C-4","Bri, Rosana","OH","Lake","Upper Baldwin","Holden",110,244,4,"Concave","Middle","Tree #522","Main",2025,401.149965936881,0.688559355248706,9,0.272595209153823,6,0.415964146094883
"65","Main","C-5","C-05",2025,"FAGR",36.7,3,2,"#697; vitis in canopy",26.2807581472876,-5.6426326507682,1109.66497532625,-0.104554293269211,-0.080936217801312,0.143418478520787,-3.37129788420793,0.132608856772986,3.80034461844575,9.94788507720892,1119.89212368908,26.1293445085888,-5.691787588561,251.124542236328,-81.3008515,41.6305533,"C-5","Bri, Tonya, Rosana","OH","Lake","Upper Baldwin","Holden",110,166,1,"Flat","Middle","Tree #697","Main",2025,401.149965936881,1.46023032954629,9,0.330585082548274,2,1.12964524699802
"66","Main","C-5","C-05",2025,"FAGR",53.5,3,3,"vitis",26.2807581472876,-5.6426326507682,1109.66497532625,-0.104554293269211,-0.080936217801312,0.143418478520787,-3.37129788420793,0.132608856772986,3.80034461844575,9.94788507720892,1119.89212368908,26.1293445085888,-5.691787588561,251.124542236328,-81.3008515,41.6305533,"C-5","Bri, Tonya, Rosana","OH","Lake","Upper Baldwin","Holden",110,166,1,"Flat","Middle","Tree #697","Main",2025,401.149965936881,1.46023032954629,9,0.330585082548274,2,1.12964524699802
"67","Main","PB-1","PB-01",2025,"FAGR",44.5,4,4,"",25.9133391978283,-5.79132916732061,1162.50002276833,0.059282664128865,-0.0594808962904791,0.0376162300977299,4.74724562781339,0.0840776591408861,5.49611801246928,9.82629874650073,1146.74764964225,26.0014138541526,-5.8737014265838,295.075439453125,-81.3063583,41.6103517,"PB-1","Bri, Rosana","OH","Lake","Aborertum/Mike's Plot","Holden",110,312,6,"Convex","Middle","Tree is 315 degrees NW of Mikes plot center.","Main",2025,401.149965936881,1.03620956909128,8,0.890172634589158,5,0.146036934502122
"68","Main","PB-1","PB-01",2025,"FAGR",90.3,3,2,"#PB41",25.9133391978283,-5.79132916732061,1162.50002276833,0.059282664128865,-0.0594808962904791,0.0376162300977299,4.74724562781339,0.0840776591408861,5.49611801246928,9.82629874650073,1146.74764964225,26.0014138541526,-5.8737014265838,295.075439453125,-81.3063583,41.6103517,"PB-1","Bri, Rosana","OH","Lake","Aborertum/Mike's Plot","Holden",110,312,6,"Convex","Middle","Tree is 315 degrees NW of Mikes plot center.","Main",2025,401.149965936881,1.03620956909128,8,0.890172634589158,5,0.146036934502122
"69","Main","PB-1","PB-01",2025,"FAGR",15,6,0,"second bud break",25.9133391978283,-5.79132916732061,1162.50002276833,0.059282664128865,-0.0594808962904791,0.0376162300977299,4.74724562781339,0.0840776591408861,5.49611801246928,9.82629874650073,1146.74764964225,26.0014138541526,-5.8737014265838,295.075439453125,-81.3063583,41.6103517,"PB-1","Bri, Rosana","OH","Lake","Aborertum/Mike's Plot","Holden",110,312,6,"Convex","Middle","Tree is 315 degrees NW of Mikes plot center.","Main",2025,401.149965936881,1.03620956909128,8,0.890172634589158,5,0.146036934502122
"70","Main","PB-1","PB-01",2025,"FAGR",18.7,5,1,"second bud break",25.9133391978283,-5.79132916732061,1162.50002276833,0.059282664128865,-0.0594808962904791,0.0376162300977299,4.74724562781339,0.0840776591408861,5.49611801246928,9.82629874650073,1146.74764964225,26.0014138541526,-5.8737014265838,295.075439453125,-81.3063583,41.6103517,"PB-1","Bri, Rosana","OH","Lake","Aborertum/Mike's Plot","Holden",110,312,6,"Convex","Middle","Tree is 315 degrees NW of Mikes plot center.","Main",2025,401.149965936881,1.03620956909128,8,0.890172634589158,5,0.146036934502122
"71","Main","PB-1","PB-01",2025,"FAGR",25,4,2,"recent light gap changed crown class",25.9133391978283,-5.79132916732061,1162.50002276833,0.059282664128865,-0.0594808962904791,0.0376162300977299,4.74724562781339,0.0840776591408861,5.49611801246928,9.82629874650073,1146.74764964225,26.0014138541526,-5.8737014265838,295.075439453125,-81.3063583,41.6103517,"PB-1","Bri, Rosana","OH","Lake","Aborertum/Mike's Plot","Holden",110,312,6,"Convex","Middle","Tree is 315 degrees NW of Mikes plot center.","Main",2025,401.149965936881,1.03620956909128,8,0.890172634589158,5,0.146036934502122
"72","Main","PC-1","PC-01",2025,"FAGR",5.9,3,1,"second bud break",25.9603949981802,-5.75000716925654,1150.69308871993,0.00408093338009947,0.00460386755337752,-0.00724002857147261,8.42703457522547,0.00615224278150481,0.845538122070286,9.810741887094,1145.76504164207,25.9380759887432,-5.88925821180992,302.428192138672,-81.310405,41.609095,"PC-1","Bri, Rosana","OH","Lake","Pierson Creek","Holden",NA,305,3,"Concave","Middle","No basal area recorded. ","Main",2025,401.149965936881,1.62648105657978,8,0.00273397100678652,1,1.62374708557299
"73","Main","PC-11","PC-11",2025,"FAGR",2,5,3,"",25.9530708810007,-5.76263827039526,1147.47097689081,0.00931313177650321,0.0037421465762741,-0.00887307528904586,6.88359241571008,0.0100370049012215,0.382069177011643,9.82629874650073,1142.67249728837,25.9436320743934,-5.8737014265838,301.518310546875,-81.3111625,41.6103619,"PC-11","Bri, Rosana","OH","Lake","Pierson Creek","Holden",160,34,1,"Flat","Upper","Next to tree #813.","Main",2025,401.149965936881,1.4842454491885,13,0.0137923771474226,2,1.47045307204108
"74","Main","PC-11","PC-11",2025,"FAGR",13.1,4,3,"#806",25.9530708810007,-5.76263827039526,1147.47097689081,0.00931313177650321,0.0037421465762741,-0.00887307528904586,6.88359241571008,0.0100370049012215,0.382069177011643,9.82629874650073,1142.67249728837,25.9436320743934,-5.8737014265838,301.518310546875,-81.3111625,41.6103619,"PC-11","Bri, Rosana","OH","Lake","Pierson Creek","Holden",160,34,1,"Flat","Upper","Next to tree #813.","Main",2025,401.149965936881,1.4842454491885,13,0.0137923771474226,2,1.47045307204108
"75","Main","PC-12","PC-12",2025,"FAGR",9.4,3,2,"#854",25.9900370163691,-5.81933877080741,1139.04739103659,-0.011948300241144,0.0672625396489235,-0.0700618672229925,5.1470271836299,0.0683687763199885,1.746599260522,9.82185392952736,1143.35545168052,25.9391872721147,-5.8781462223627,301.006591796875,-81.3111793,41.610047,"PC-12","Bri, Rosana","OH","Lake","Pierson Creek","Holden",170,106,4,"Flat","Middle","Tree #854","Main",2025,401.149965936881,1.80891805436272,12,0.00693977817177985,1,1.80197827619094
"76","Main","PC-2","PC-02",2025,"FAGR",12.4,6,3,"#525",26.0942957204169,-5.75765651063981,1134.77550915391,-0.0811282910806316,0.0453197317223067,-0.0107355535730732,6.7106949452956,0.0930626194350609,2.63215694683129,9.807408274364,1146.12069363215,25.9325200092411,-5.89259180864407,301.433135986328,-81.31055833,41.60884833,"PC-2","Bri, Rosana","OH","Lake","Pierson Creek","Holden",NA,159,5,"Convex","Upper","No basal area recorded. ","Main",2025,401.149965936881,1.61337040503818,14,0.0471113234332325,3,1.56625908160495
"77","Main","PC-2","PC-02",2025,"FAGR",12.8,5,3,"",26.0942957204169,-5.75765651063981,1134.77550915391,-0.0811282910806316,0.0453197317223067,-0.0107355535730732,6.7106949452956,0.0930626194350609,2.63215694683129,9.807408274364,1146.12069363215,25.9325200092411,-5.89259180864407,301.433135986328,-81.31055833,41.60884833,"PC-2","Bri, Rosana","OH","Lake","Pierson Creek","Holden",NA,159,5,"Convex","Upper","No basal area recorded. ","Main",2025,401.149965936881,1.61337040503818,14,0.0471113234332325,3,1.56625908160495
"78","Main","PC-2","PC-02",2025,"FAGR",16.8,5,4,"",26.0942957204169,-5.75765651063981,1134.77550915391,-0.0811282910806316,0.0453197317223067,-0.0107355535730732,6.7106949452956,0.0930626194350609,2.63215694683129,9.807408274364,1146.12069363215,25.9325200092411,-5.89259180864407,301.433135986328,-81.31055833,41.60884833,"PC-2","Bri, Rosana","OH","Lake","Pierson Creek","Holden",NA,159,5,"Convex","Upper","No basal area recorded. ","Main",2025,401.149965936881,1.61337040503818,14,0.0471113234332325,3,1.56625908160495
"79","Main","PC-3","PC-03",2025,"FAGR",7.3,3,2,"#981, second bud break",25.8625406754832,-5.84702251862785,1153.5822101863,0.0849316875065502,0.10285498667602,-0.158637671372578,8.11612747591071,0.133787434441171,0.880554910952106,9.817409112554,1145.28913887679,25.9525215091382,-5.8825910181416,297.897613525391,-81.3097518,41.6096504,"PC-3","Bri, Rosana","OH","Lake","Pierson Creek","Holden",NA,40,7,"Convex","Upper","Tree #981; No basal area recorded. ","Main",2025,401.149965936881,2.85091365172374,11,0.004185386812745,1,2.846728264911
"80","Main","PC-4","PC-04",2025,"FAGR",11.8,5,3,"#533",25.8561169797434,-5.77761130859859,1161.62959020808,0.0676019179152001,-0.0498024495135266,0.0225598957908394,6.48384623759811,0.0840650628647795,5.64824956069689,9.820742725284,1144.46512869573,25.9514103425433,-5.87925742130745,297.8076171875,-81.31006833,41.609955,"PC-4","Bri, Rosana","OH","Lake","Pierson Creek","Holden",100,317,4,"Concave","Middle","Tree #533","Main",2025,401.149965936881,2.33062742377927,10,0.0109358840271461,1,2.31969153975212
"81","Main","PC-5","PC-05",2025,"FAGR",6.2,6,3,"possible second bud break",25.9248156889004,-5.78712603387539,1148.42458728449,0.0381059678914972,0.00757660334823393,-0.0275574325270926,5.56573350344462,0.0388616754511796,0.19627014942383,9.84185560590736,1140.67572673798,25.9647448062443,-5.85814464135777,292.486236572266,-81.31069833,41.61168333,"PC-5","Bri, Rosana","OH","Lake","Pierson Creek","Holden",170,86,2,"Convex","Upper","","Main",2025,401.149965936881,2.2116600223768,13,0.00301907054009979,1,2.2086409518367
"82","Main","PC-6","PC-06",2025,"FAGR",3.7,6,4,"",25.8591104647018,-5.83321109237839,1152.28808535589,0.0766623904642492,0.033862832514921,-0.0764887224784047,5.27391919405373,0.0839066151838136,0.415941755514908,9.83629958469072,1141.37162146011,25.9569664373784,-5.86370063608133,295.422668457031,-81.31095,41.611225,"PC-6","Bri, Rosana","OH","Lake","Pierson Creek","Holden",150,33,5,"Convex","Upper","Plot center next to tree #639.","Main",2025,401.149965936881,2.02179865575527,11,0.00107521008569111,1,2.02072344566958
"83","Main","PC-8","PC-08",2025,"FAGR",5.9,4,2,"second bud break",25.9483708478462,-5.89478394260703,1137.42305289599,0.0395549362460459,0.155523613752965,-0.195497942459746,4.36296401289261,0.161171750409169,1.3217428223029,9.83629958469072,1142.00034560424,25.9658559249999,-5.86370063608133,290.758453369141,-81.31015,41.61125,"PC-8","Bri, Rosana","OH","Lake","Pierson Creek","Holden",110,13,57,"Concave","Middle","Next to tree #704.","Main",2025,401.149965936881,0.703502340705506,7,0.00273397100678652,1,0.70076836969872
"84","Main","PC-9","PC-09",2025,"FAGR",9.3,5,4,"tag no longer on tree",25.9252542013749,-5.78522986567615,1148.32838583591,0.0378508165181707,0.0469262551060956,-0.0719099720172898,7.68713442946946,0.060325534457615,0.892042650773794,9.82963235923073,1142.47405102362,25.9514104255654,-5.87036782974964,300.090423583984,-81.310815,41.61064167,"PC-9","Bri, Rosana, David","OH","Lake","Pierson Creek","Holden",80,37,4,"Convex","Upper","Tree #743","Main",2025,401.149965936881,0.994591320412849,12,0.0202711265972881,2,0.974320193815561
"85","Main","PC-9","PC-09",2025,"FAGR",13.1,3,3,"#728; topped off",25.9252542013749,-5.78522986567615,1148.32838583591,0.0378508165181707,0.0469262551060956,-0.0719099720172898,7.68713442946946,0.060325534457615,0.892042650773794,9.82963235923073,1142.47405102362,25.9514104255654,-5.87036782974964,300.090423583984,-81.310815,41.61064167,"PC-9","Bri, Rosana, David","OH","Lake","Pierson Creek","Holden",80,37,4,"Convex","Upper","Tree #743","Main",2025,401.149965936881,0.994591320412849,12,0.0202711265972881,2,0.974320193815561
"86","Main","SB-1","SB-01",2025,"FAGR",65.8,3,3,"SC1-41, beech nuts",26.2255951806859,-5.66524668853278,1177.82757347424,-0.0774440217226689,-0.0683920009737214,0.116432136823024,7.98163307013268,0.103504809393718,3.86500048995311,9.81226989274223,1178.3876425681,26.0897117235481,-5.88252970008681,285.782836914062,-81.28622667,41.60458833,"SB-1","Bri, Rosana, David, Kaylin","OH","Lake","Stebbins","Holden",90,222,6,"Convex","Middle","Red tag SC1-41","Main",2025,401.149965936881,0.860687216738891,9,0.77610768852262,7,0.0845795282162712
"87","Main","SB-1","SB-01",2025,"FAGR",60.6,3,3,"SC1-43, BBD?, beech nuts",26.2255951806859,-5.66524668853278,1177.82757347424,-0.0774440217226689,-0.0683920009737214,0.116432136823024,7.98163307013268,0.103504809393718,3.86500048995311,9.81226989274223,1178.3876425681,26.0897117235481,-5.88252970008681,285.782836914062,-81.28622667,41.60458833,"SB-1","Bri, Rosana, David, Kaylin","OH","Lake","Stebbins","Holden",90,222,6,"Convex","Middle","Red tag SC1-41","Main",2025,401.149965936881,0.860687216738891,9,0.77610768852262,7,0.0845795282162712
"88","Main","SB-1","SB-01",2025,"FAGR",18,2,3,"",26.2255951806859,-5.66524668853278,1177.82757347424,-0.0774440217226689,-0.0683920009737214,0.116432136823024,7.98163307013268,0.103504809393718,3.86500048995311,9.81226989274223,1178.3876425681,26.0897117235481,-5.88252970008681,285.782836914062,-81.28622667,41.60458833,"SB-1","Bri, Rosana, David, Kaylin","OH","Lake","Stebbins","Holden",90,222,6,"Convex","Middle","Red tag SC1-41","Main",2025,401.149965936881,0.860687216738891,9,0.77610768852262,7,0.0845795282162712
"89","Main","SB-1","SB-01",2025,"FAGR",17.5,4,3,"bent over",26.2255951806859,-5.66524668853278,1177.82757347424,-0.0774440217226689,-0.0683920009737214,0.116432136823024,7.98163307013268,0.103504809393718,3.86500048995311,9.81226989274223,1178.3876425681,26.0897117235481,-5.88252970008681,285.782836914062,-81.28622667,41.60458833,"SB-1","Bri, Rosana, David, Kaylin","OH","Lake","Stebbins","Holden",90,222,6,"Convex","Middle","Red tag SC1-41","Main",2025,401.149965936881,0.860687216738891,9,0.77610768852262,7,0.0845795282162712
"90","Main","SB-1","SB-01",2025,"FAGR",28.1,3,3,"",26.2255951806859,-5.66524668853278,1177.82757347424,-0.0774440217226689,-0.0683920009737214,0.116432136823024,7.98163307013268,0.103504809393718,3.86500048995311,9.81226989274223,1178.3876425681,26.0897117235481,-5.88252970008681,285.782836914062,-81.28622667,41.60458833,"SB-1","Bri, Rosana, David, Kaylin","OH","Lake","Stebbins","Holden",90,222,6,"Convex","Middle","Red tag SC1-41","Main",2025,401.149965936881,0.860687216738891,9,0.77610768852262,7,0.0845795282162712
"91","Main","SB-1","SB-01",2025,"FAGR",13.2,3,4,"bent over",26.2255951806859,-5.66524668853278,1177.82757347424,-0.0774440217226689,-0.0683920009737214,0.116432136823024,7.98163307013268,0.103504809393718,3.86500048995311,9.81226989274223,1178.3876425681,26.0897117235481,-5.88252970008681,285.782836914062,-81.28622667,41.60458833,"SB-1","Bri, Rosana, David, Kaylin","OH","Lake","Stebbins","Holden",90,222,6,"Convex","Middle","Red tag SC1-41","Main",2025,401.149965936881,0.860687216738891,9,0.77610768852262,7,0.0845795282162712
"92","Main","SB-1","SB-01",2025,"FAGR",16.9,3,3,"",26.2255951806859,-5.66524668853278,1177.82757347424,-0.0774440217226689,-0.0683920009737214,0.116432136823024,7.98163307013268,0.103504809393718,3.86500048995311,9.81226989274223,1178.3876425681,26.0897117235481,-5.88252970008681,285.782836914062,-81.28622667,41.60458833,"SB-1","Bri, Rosana, David, Kaylin","OH","Lake","Stebbins","Holden",90,222,6,"Convex","Middle","Red tag SC1-41","Main",2025,401.149965936881,0.860687216738891,9,0.77610768852262,7,0.0845795282162712
"93","Main","SB-1A","SB-01A",2025,"FAGR",95.1,2,2,"#922",25.6476695003611,-6.01275000449313,1207.87042007231,0.107728056003343,-0.0823231226179213,0.0385525189201742,2.7424398327617,0.136000683845532,5.63067354340083,9.64406335909298,1183.65779878495,25.8145210629865,-6.04922352697905,322.727874755859,-81.27627167,41.60553667,"SB-1A","Bri, Rosana, David, Tonya, McKenzie","OH","Lake","Stebbins","Holden",80,335,11,"Concave","Lower","Tree #922","Main",2025,401.149965936881,1.54100695985539,5,0.914258440066067,3,0.626748519789327
"94","Main","SB-1A","SB-01A",2025,"FAGR",48.7,3,3,"#921",25.6476695003611,-6.01275000449313,1207.87042007231,0.107728056003343,-0.0823231226179213,0.0385525189201742,2.7424398327617,0.136000683845532,5.63067354340083,9.64406335909298,1183.65779878495,25.8145210629865,-6.04922352697905,322.727874755859,-81.27627167,41.60553667,"SB-1A","Bri, Rosana, David, Tonya, McKenzie","OH","Lake","Stebbins","Holden",80,335,11,"Concave","Lower","Tree #922","Main",2025,401.149965936881,1.54100695985539,5,0.914258440066067,3,0.626748519789327
"95","Main","SB-1A","SB-01A",2025,"FAGR",15,3,4,"",25.6476695003611,-6.01275000449313,1207.87042007231,0.107728056003343,-0.0823231226179213,0.0385525189201742,2.7424398327617,0.136000683845532,5.63067354340083,9.64406335909298,1183.65779878495,25.8145210629865,-6.04922352697905,322.727874755859,-81.27627167,41.60553667,"SB-1A","Bri, Rosana, David, Tonya, McKenzie","OH","Lake","Stebbins","Holden",80,335,11,"Concave","Lower","Tree #922","Main",2025,401.149965936881,1.54100695985539,5,0.914258440066067,3,0.626748519789327
"96","Main","SB-1B","SB-01B",2025,"FAGR",90,3,3,"#931",25.6261071563616,-5.98413397364082,1211.79022097071,0.114965559368401,-0.0919263923087914,0.0457358313319217,5.04431291319613,0.147735810132251,5.60868868089577,9.63348515089766,1184.29076928548,25.7989642569822,-6.06033553232203,328.802551269531,-81.275945,41.60525667,"SB-1B","Bri, Rosana, David, Tonya, McKenzie","OH","Lake","Stebbins","Holden",90,320,7,"Convex","Middle","Tree #931","Main",2025,401.149965936881,2.20220147229501,10,1.82031182551912,4,0.381889646775885
"97","Main","SB-1B","SB-01B",2025,"FAGR",117,2,1,"very rotted base, healthy canopy",25.6261071563616,-5.98413397364082,1211.79022097071,0.114965559368401,-0.0919263923087914,0.0457358313319217,5.04431291319613,0.147735810132251,5.60868868089577,9.63348515089766,1184.29076928548,25.7989642569822,-6.06033553232203,328.802551269531,-81.275945,41.60525667,"SB-1B","Bri, Rosana, David, Tonya, McKenzie","OH","Lake","Stebbins","Holden",90,320,7,"Convex","Middle","Tree #931","Main",2025,401.149965936881,2.20220147229501,10,1.82031182551912,4,0.381889646775885
"98","Main","SB-1B","SB-01B",2025,"FAGR",34.8,4,4,"#933; white dots BBD",25.6261071563616,-5.98413397364082,1211.79022097071,0.114965559368401,-0.0919263923087914,0.0457358313319217,5.04431291319613,0.147735810132251,5.60868868089577,9.63348515089766,1184.29076928548,25.7989642569822,-6.06033553232203,328.802551269531,-81.275945,41.60525667,"SB-1B","Bri, Rosana, David, Tonya, McKenzie","OH","Lake","Stebbins","Holden",90,320,7,"Convex","Middle","Tree #931","Main",2025,401.149965936881,2.20220147229501,10,1.82031182551912,4,0.381889646775885
"99","Main","SB-1B","SB-01B",2025,"FAGR",13.3,5,3,"#929 possible second bud break",25.6261071563616,-5.98413397364082,1211.79022097071,0.114965559368401,-0.0919263923087914,0.0457358313319217,5.04431291319613,0.147735810132251,5.60868868089577,9.63348515089766,1184.29076928548,25.7989642569822,-6.06033553232203,328.802551269531,-81.275945,41.60525667,"SB-1B","Bri, Rosana, David, Tonya, McKenzie","OH","Lake","Stebbins","Holden",90,320,7,"Convex","Middle","Tree #931","Main",2025,401.149965936881,2.20220147229501,10,1.82031182551912,4,0.381889646775885
"100","Main","SB-2","SB-02",2025,"FAGR",56.6,4,3,"#511; SB1-41",25.6162580890286,-6.11672791411414,1200.70621437315,0.0123771079884978,-0.018317230728282,0.0144275484229885,3.18880671289192,0.0221086720129781,5.30662520054464,9.50873101279147,1195.96769208565,25.624067574644,-6.17593201560054,354.865509033203,-81.26927167,41.60188,"SB-2","Bri, Rosana","OH","Lake","Stebbins","Holden",140,318,2,"Convex","Upper","SB1-41; Tree #511","Main",2025,401.149965936881,1.84653705559313,10,0.444891931249138,3,1.40164512434399
"101","Main","SB-2","SB-02",2025,"FAGR",45.7,4,3,"",25.6162580890286,-6.11672791411414,1200.70621437315,0.0123771079884978,-0.018317230728282,0.0144275484229885,3.18880671289192,0.0221086720129781,5.30662520054464,9.50873101279147,1195.96769208565,25.624067574644,-6.17593201560054,354.865509033203,-81.26927167,41.60188,"SB-2","Bri, Rosana","OH","Lake","Stebbins","Holden",140,318,2,"Convex","Upper","SB1-41; Tree #511","Main",2025,401.149965936881,1.84653705559313,10,0.444891931249138,3,1.40164512434399
"102","Main","SB-2","SB-02",2025,"FAGR",19.3,5,4,"possible second flush",25.6162580890286,-6.11672791411414,1200.70621437315,0.0123771079884978,-0.018317230728282,0.0144275484229885,3.18880671289192,0.0221086720129781,5.30662520054464,9.50873101279147,1195.96769208565,25.624067574644,-6.17593201560054,354.865509033203,-81.26927167,41.60188,"SB-2","Bri, Rosana","OH","Lake","Stebbins","Holden",140,318,2,"Convex","Upper","SB1-41; Tree #511","Main",2025,401.149965936881,1.84653705559313,10,0.444891931249138,3,1.40164512434399
"103","Main","SB-2A","SB-02A",2025,"FAGR",17.1,4,4,"",25.7754637526932,-5.98620122077031,1193.82783702933,0.0372459011475142,-0.047331341346901,0.0346759223484761,2.77918400927661,0.0602653118754007,5.37910225263657,9.65252936379728,1183.10131026157,25.8278554795967,-6.04144512906738,319.579711914062,-81.276725,41.605635,"SB-2A","Bri, Rosana, David, Tonya, McKenzie","OH","Lake","Stebbins","Holden",70,294,4,"Flat","Middle","","Main",2025,401.149965936881,0.55250561680153,7,0.0229658276959048,1,0.529539789105625
"104","Main","SB-2B","SB-02B",2025,"FAGR",28.7,4,4,"#910",25.9281700208822,-5.89281820035399,1183.71897648076,-0.0852112144496729,-0.139734318743886,0.20122202620257,2.33244209138801,0.164405846347831,4.1647883414722,9.63747611644916,1183.91637673725,25.8078538995843,-6.05811314502993,323.464294433594,-81.27644667,41.60514667,"SB-2B","Bri, Rosana, David, Tonya, McKenzie","OH","Lake","Stebbins","Holden",40,237,12,"Convex","Middle","Tree #910","Main",2025,401.149965936881,0.872768996686434,5,0.872768996686434,5,0
"105","Main","SB-2B","SB-02B",2025,"FAGR",68,2,4,"",25.9281700208822,-5.89281820035399,1183.71897648076,-0.0852112144496729,-0.139734318743886,0.20122202620257,2.33244209138801,0.164405846347831,4.1647883414722,9.63747611644916,1183.91637673725,25.8078538995843,-6.05811314502993,323.464294433594,-81.27644667,41.60514667,"SB-2B","Bri, Rosana, David, Tonya, McKenzie","OH","Lake","Stebbins","Holden",40,237,12,"Convex","Middle","Tree #910","Main",2025,401.149965936881,0.872768996686434,5,0.872768996686434,5,0
"106","Main","SB-2B","SB-02B",2025,"FAGR",65.5,4,4,"",25.9281700208822,-5.89281820035399,1183.71897648076,-0.0852112144496729,-0.139734318743886,0.20122202620257,2.33244209138801,0.164405846347831,4.1647883414722,9.63747611644916,1183.91637673725,25.8078538995843,-6.05811314502993,323.464294433594,-81.27644667,41.60514667,"SB-2B","Bri, Rosana, David, Tonya, McKenzie","OH","Lake","Stebbins","Holden",40,237,12,"Convex","Middle","Tree #910","Main",2025,401.149965936881,0.872768996686434,5,0.872768996686434,5,0
"107","Main","SB-2B","SB-02B",2025,"FAGR",33.1,4,4,"",25.9281700208822,-5.89281820035399,1183.71897648076,-0.0852112144496729,-0.139734318743886,0.20122202620257,2.33244209138801,0.164405846347831,4.1647883414722,9.63747611644916,1183.91637673725,25.8078538995843,-6.05811314502993,323.464294433594,-81.27644667,41.60514667,"SB-2B","Bri, Rosana, David, Tonya, McKenzie","OH","Lake","Stebbins","Holden",40,237,12,"Convex","Middle","Tree #910","Main",2025,401.149965936881,0.872768996686434,5,0.872768996686434,5,0
"108","Main","SB-2B","SB-02B",2025,"FAGR",16.7,4,3,"",25.9281700208822,-5.89281820035399,1183.71897648076,-0.0852112144496729,-0.139734318743886,0.20122202620257,2.33244209138801,0.164405846347831,4.1647883414722,9.63747611644916,1183.91637673725,25.8078538995843,-6.05811314502993,323.464294433594,-81.27644667,41.60514667,"SB-2B","Bri, Rosana, David, Tonya, McKenzie","OH","Lake","Stebbins","Holden",40,237,12,"Convex","Middle","Tree #910","Main",2025,401.149965936881,0.872768996686434,5,0.872768996686434,5,0
"109","Main","SB-3A","SB-03A",2025,"FAGR",65.2,4,4,"",25.8387033583506,-5.97824812302028,1188.72936881079,-0.0112650455953787,-0.0906869585837626,0.108281371102171,0.403358153528169,0.0915116186579231,4.58880301938989,9.65140379767811,1183.00176761045,25.8300779307459,-6.04477874709591,316.161804199219,-81.27716667,41.60531333,"SB-3A","Bri, Rosana, David, Tonya, McKenzie","OH","Lake","Stebbins","Holden",110,265,6,"Flat","Middle","","Main",2025,401.149965936881,2.06727792180496,8,0.90979737849797,4,1.15748054330699
"110","Main","SB-3A","SB-03A",2025,"FAGR",18.9,4,3,"lots of necrosis",25.8387033583506,-5.97824812302028,1188.72936881079,-0.0112650455953787,-0.0906869585837626,0.108281371102171,0.403358153528169,0.0915116186579231,4.58880301938989,9.65140379767811,1183.00176761045,25.8300779307459,-6.04477874709591,316.161804199219,-81.27716667,41.60531333,"SB-3A","Bri, Rosana, David, Tonya, McKenzie","OH","Lake","Stebbins","Holden",110,265,6,"Flat","Middle","","Main",2025,401.149965936881,2.06727792180496,8,0.90979737849797,4,1.15748054330699
"111","Main","SB-3A","SB-03A",2025,"FAGR",18.7,4,4,"",25.8387033583506,-5.97824812302028,1188.72936881079,-0.0112650455953787,-0.0906869585837626,0.108281371102171,0.403358153528169,0.0915116186579231,4.58880301938989,9.65140379767811,1183.00176761045,25.8300779307459,-6.04477874709591,316.161804199219,-81.27716667,41.60531333,"SB-3A","Bri, Rosana, David, Tonya, McKenzie","OH","Lake","Stebbins","Holden",110,265,6,"Flat","Middle","","Main",2025,401.149965936881,2.06727792180496,8,0.90979737849797,4,1.15748054330699
"112","Main","SB-3A","SB-03A",2025,"FAGR",81.4,3,2,"second bud break?",25.8387033583506,-5.97824812302028,1188.72936881079,-0.0112650455953787,-0.0906869585837626,0.108281371102171,0.403358153528169,0.0915116186579231,4.58880301938989,9.65140379767811,1183.00176761045,25.8300779307459,-6.04477874709591,316.161804199219,-81.27716667,41.60531333,"SB-3A","Bri, Rosana, David, Tonya, McKenzie","OH","Lake","Stebbins","Holden",110,265,6,"Flat","Middle","","Main",2025,401.149965936881,2.06727792180496,8,0.90979737849797,4,1.15748054330699
"113","Main","SB-3B","SB-03B",2025,"FAGR",52.4,4,4,"#889; lots of white dots on trunk BBD",25.8217003340858,-5.99997904855565,1189.12416047502,-0.0161648627886127,-0.102225638723158,0.123818110540639,-0.560805597228106,0.103681476556884,4.55555831046134,9.63747919814405,1183.82294044152,25.8100763292062,-6.05922435457191,319.697479248047,-81.27678667,41.60488333,"SB-3B","Bri, Rosana, David, Tonya, McKenzie","OH","Lake","Stebbins","Holden",80,275,8,"Flat","Upper","Tree #889","Main",2025,401.149965936881,0.755589161503862,6,0.638811450180949,3,0.116777711322913
"114","Main","SB-3B","SB-03B",2025,"FAGR",62.8,4,3,"#888",25.8217003340858,-5.99997904855565,1189.12416047502,-0.0161648627886127,-0.102225638723158,0.123818110540639,-0.560805597228106,0.103681476556884,4.55555831046134,9.63747919814405,1183.82294044152,25.8100763292062,-6.05922435457191,319.697479248047,-81.27678667,41.60488333,"SB-3B","Bri, Rosana, David, Tonya, McKenzie","OH","Lake","Stebbins","Holden",80,275,8,"Flat","Upper","Tree #889","Main",2025,401.149965936881,0.755589161503862,6,0.638811450180949,3,0.116777711322913
"115","Main","SB-3B","SB-03B",2025,"FAGR",38,3,3,"",25.8217003340858,-5.99997904855565,1189.12416047502,-0.0161648627886127,-0.102225638723158,0.123818110540639,-0.560805597228106,0.103681476556884,4.55555831046134,9.63747919814405,1183.82294044152,25.8100763292062,-6.05922435457191,319.697479248047,-81.27678667,41.60488333,"SB-3B","Bri, Rosana, David, Tonya, McKenzie","OH","Lake","Stebbins","Holden",80,275,8,"Flat","Upper","Tree #889","Main",2025,401.149965936881,0.755589161503862,6,0.638811450180949,3,0.116777711322913
"116","Main","SC-1","SC-01",2025,"FAGR",34.6,3,2,"#2",25.8855953895516,-5.83730688377796,1130.50714347914,-0.00438083731204822,0.00433729128533602,-0.00272453484870259,0.86814929172247,0.0061647637982846,2.36118933101055,9.77029246510858,1131.32921134234,25.8702928465783,-5.85481104452361,310.774627685547,-81.31892,41.61198833,"SC-1","Bri, Rosana","OH","Lake","Schoop","Holden",140,183,1,"Flat","Middle","Tree #2","Main",2025,401.149965936881,2.06231263461596,7,0.0940247265292889,1,1.96828790808667
"117","Main","SC-10","SC-10",2025,"FAGR",4.9,5,4,"",25.8411500724899,-5.86039854969694,1125.74947804476,0.0107272660740203,0.0183868382634368,-0.026092705243127,0.150174402470668,0.0212889296025252,1.0426565320958,9.74973708848007,1125.91355602941,25.8497374699498,-5.85036624874471,314.892272949219,-81.32329,41.61233333,"SC-10","Bri, Rosana","OH","Lake","Schoop","Holden",60,85,1,"Flat","Middle","Next to tree #440","Main",2025,401.149965936881,1.30860685790793,7,0.00188574099031727,1,1.30672111691761
"118","Main","SC-3","SC-03",2025,"FAGR",5,3,3,"",25.8445225025298,-5.86706671678752,1128.8893471904,0.012682883103424,0.00981347307434088,-0.0173835920740639,-0.574774587830348,0.0160368894844617,0.658533201447742,9.75806921733226,1128.56416973139,25.859925627128,-5.84814385085521,309.705352783203,-81.32043333,41.61254,"SC-3","Bri, Rosana","OH","Lake","Schoop","Holden",100,50,1,"Flat","Middle","","Main",2025,401.149965936881,2.28945449585948,9,0.0215701751595475,2,2.26788432069994
"119","Main","SC-3","SC-03",2025,"FAGR",15.8,3,3,"",25.8445225025298,-5.86706671678752,1128.8893471904,0.012682883103424,0.00981347307434088,-0.0173835920740639,-0.574774587830348,0.0160368894844617,0.658533201447742,9.75806921733226,1128.56416973139,25.859925627128,-5.84814385085521,309.705352783203,-81.32043333,41.61254,"SC-3","Bri, Rosana","OH","Lake","Schoop","Holden",100,50,1,"Flat","Middle","","Main",2025,401.149965936881,2.28945449585948,9,0.0215701751595475,2,2.26788432069994
"120","Main","SC-5","SC-05",2025,"FAGR",11,2,2,"#243",25.8386366582283,-5.87076539219009,1128.73476946115,0.00901797348471423,0.00655937517104041,-0.0118876357272999,-0.753358832654593,0.0111514305356989,0.628857859810787,9.74917958448522,1128.75312282313,25.8491799659549,-5.85258864663412,310.289703369141,-81.32080333,41.612185,"SC-5","Bri, Rosana","OH","Lake","Schoop","Holden",90,34,1,"Flat","Middle","Tree #243","Main",2025,401.149965936881,1.44347857211919,11,0.00950331777710912,1,1.43397525434208
"121","Main","SC-7","SC-07",2025,"FAGR",7.2,4,3,"#335",25.8530609672513,-5.87605738473339,1123.91261887646,0.00870926608790582,0.0524556515548426,-0.0635870168141471,0.179020336250384,0.0531988302493078,1.40626616606914,9.75074485838436,1126.96176949129,25.8514900840314,-5.84925504979996,312.693725585938,-81.32209833,41.612425,"SC-7","Bri, Rosana","OH","Lake","Schoop","Holden",100,75,4,"Flat","Middle","Tree #335","Main",2025,401.149965936881,1.31919952293767,11,0.618364394395059,5,0.700835128542608
"122","Main","SC-7","SC-07",2025,"FAGR",20.6,5,3,"#298; has vitis in canopy",25.8530609672513,-5.87605738473339,1123.91261887646,0.00870926608790582,0.0524556515548426,-0.0635870168141471,0.179020336250384,0.0531988302493078,1.40626616606914,9.75074485838436,1126.96176949129,25.8514900840314,-5.84925504979996,312.693725585938,-81.32209833,41.612425,"SC-7","Bri, Rosana","OH","Lake","Schoop","Holden",100,75,4,"Flat","Middle","Tree #335","Main",2025,401.149965936881,1.31919952293767,11,0.618364394395059,5,0.700835128542608
"123","Main","SC-7","SC-07",2025,"FAGR",75.7,3,2,"#294; vitis in canopy",25.8530609672513,-5.87605738473339,1123.91261887646,0.00870926608790582,0.0524556515548426,-0.0635870168141471,0.179020336250384,0.0531988302493078,1.40626616606914,9.75074485838436,1126.96176949129,25.8514900840314,-5.84925504979996,312.693725585938,-81.32209833,41.612425,"SC-7","Bri, Rosana","OH","Lake","Schoop","Holden",100,75,4,"Flat","Middle","Tree #335","Main",2025,401.149965936881,1.31919952293767,11,0.618364394395059,5,0.700835128542608
"124","Main","SC-7","SC-07",2025,"FAGR",37.6,4,3,"#296; vitis in canopy",25.8530609672513,-5.87605738473339,1123.91261887646,0.00870926608790582,0.0524556515548426,-0.0635870168141471,0.179020336250384,0.0531988302493078,1.40626616606914,9.75074485838436,1126.96176949129,25.8514900840314,-5.84925504979996,312.693725585938,-81.32209833,41.612425,"SC-7","Bri, Rosana","OH","Lake","Schoop","Holden",100,75,4,"Flat","Middle","Tree #335","Main",2025,401.149965936881,1.31919952293767,11,0.618364394395059,5,0.700835128542608
"125","Main","SC-7","SC-07",2025,"FAGR",15.9,5,3,"#297",25.8530609672513,-5.87605738473339,1123.91261887646,0.00870926608790582,0.0524556515548426,-0.0635870168141471,0.179020336250384,0.0531988302493078,1.40626616606914,9.75074485838436,1126.96176949129,25.8514900840314,-5.84925504979996,312.693725585938,-81.32209833,41.612425,"SC-7","Bri, Rosana","OH","Lake","Schoop","Holden",100,75,4,"Flat","Middle","Tree #335","Main",2025,401.149965936881,1.31919952293767,11,0.618364394395059,5,0.700835128542608
"126","Main","SC-8","SC-08",2025,"FAGR",58,3,1,"#363, more BLD than 2024",25.8272534243452,-5.8643183087814,1128.05080924124,0.0181808477650554,0.0202454862326977,-0.0318926515931692,0.407314881525887,0.0272140726921706,0.839076328685824,9.74701577871623,1127.16129256918,25.847016160186,-5.85369984557886,314.286376953125,-81.32259,41.61204833,"SC-8","Bri, Rosana","OH","Lake","Schoop","Holden",150,48,2,"Flat","Upper","Tree #363","Main",2025,401.149965936881,1.55452523304379,8,0.834762008763305,4,0.719763224280487
"127","Main","SC-8","SC-08",2025,"FAGR",50.6,3,0,"#362",25.8272534243452,-5.8643183087814,1128.05080924124,0.0181808477650554,0.0202454862326977,-0.0318926515931692,0.407314881525887,0.0272140726921706,0.839076328685824,9.74701577871623,1127.16129256918,25.847016160186,-5.85369984557886,314.286376953125,-81.32259,41.61204833,"SC-8","Bri, Rosana","OH","Lake","Schoop","Holden",150,48,2,"Flat","Upper","Tree #363","Main",2025,401.149965936881,1.55452523304379,8,0.834762008763305,4,0.719763224280487
"128","Main","SC-8","SC-08",2025,"FAGR",56,2,1,"",25.8272534243452,-5.8643183087814,1128.05080924124,0.0181808477650554,0.0202454862326977,-0.0318926515931692,0.407314881525887,0.0272140726921706,0.839076328685824,9.74701577871623,1127.16129256918,25.847016160186,-5.85369984557886,314.286376953125,-81.32259,41.61204833,"SC-8","Bri, Rosana","OH","Lake","Schoop","Holden",150,48,2,"Flat","Upper","Tree #363","Main",2025,401.149965936881,1.55452523304379,8,0.834762008763305,4,0.719763224280487
"129","Main","SC-8","SC-08",2025,"FAGR",39.6,2,1,"#365",25.8272534243452,-5.8643183087814,1128.05080924124,0.0181808477650554,0.0202454862326977,-0.0318926515931692,0.407314881525887,0.0272140726921706,0.839076328685824,9.74701577871623,1127.16129256918,25.847016160186,-5.85369984557886,314.286376953125,-81.32259,41.61204833,"SC-8","Bri, Rosana","OH","Lake","Schoop","Holden",150,48,2,"Flat","Upper","Tree #363","Main",2025,401.149965936881,1.55452523304379,8,0.834762008763305,4,0.719763224280487
"130","Main","SC-9","SC-09",2025,"FAGR",12.2,5,3,"#935, 2 stemmed, always measured larger stem but it is toped off, 10.4 for small",25.8459636791371,-5.85130989770197,1126.40921113771,0.00759672277201547,0.0131047359586584,-0.0185737070095694,0.424887144511198,0.0151479982769296,1.04544233861221,9.74971266346886,1126.46626928756,25.8497130449386,-5.85036624874471,314.236938476562,-81.322735,41.61237333,"SC-9","Bri, Rosana","OH","Lake","Schoop","Holden",120,152,1,"Flat","Middle","Tree #935","Main",2025,401.149965936881,0.728113577553729,7,0.0116898662640076,1,0.716423711289721
"131","Subplot","C-14","C-14",2025,"FAGR",9.4,6,3,"",25.8298196162658,-5.83093750351954,1145.57234404876,0.111909369517517,0.0108134863868026,-0.0680732841433699,0.847114585301483,0.112668817363707,0.0963281200377242,9.8339185702836,1130.61145695106,26.0030404856798,-5.78087752300663,277.760528564453,-81.29294667,41.62782667,"C-14","Bri, Rosana","OH","Lake","Upper Baldwin","Holden",110,14,8,"Convex","Upper","Tree #451","Main",2025,401.149965936881,1.66728798895542,18,0.680265550643229,9,0.987022438312188
"132","Subplot","C-17","C-17",2025,"FAGR",7.5,6,4,"attached",25.8336477487694,-5.79228775448045,1144.712312977,-0.00730369848191421,-0.128668216222596,0.149123434670908,-0.515718553461568,0.129234780653366,4.6556860172346,9.73391488955792,1136.5163387845,25.8430057449927,-5.85922828588663,304.631896972656,-81.28594,41.6281158,"C-17","Bri, Rosana","OH","Lake","Upper Baldwin","Holden",130,261,8,"Convex","Upper","Tree #606","Main",2025,401.149965936881,1.97460250932039,17,0.728751320862407,8,1.24585118845798
"133","Subplot","C-17","C-17",2025,"FAGR",1.7,6,3,"attached",25.8336477487694,-5.79228775448045,1144.712312977,-0.00730369848191421,-0.128668216222596,0.149123434670908,-0.515718553461568,0.129234780653366,4.6556860172346,9.73391488955792,1136.5163387845,25.8430057449927,-5.85922828588663,304.631896972656,-81.28594,41.6281158,"C-17","Bri, Rosana","OH","Lake","Upper Baldwin","Holden",130,261,8,"Convex","Upper","Tree #606","Main",2025,401.149965936881,1.97460250932039,17,0.728751320862407,8,1.24585118845798
"134","Subplot","C-17","C-17",2025,"FAGR",1.8,6,3,"",25.8336477487694,-5.79228775448045,1144.712312977,-0.00730369848191421,-0.128668216222596,0.149123434670908,-0.515718553461568,0.129234780653366,4.6556860172346,9.73391488955792,1136.5163387845,25.8430057449927,-5.85922828588663,304.631896972656,-81.28594,41.6281158,"C-17","Bri, Rosana","OH","Lake","Upper Baldwin","Holden",130,261,8,"Convex","Upper","Tree #606","Main",2025,401.149965936881,1.97460250932039,17,0.728751320862407,8,1.24585118845798
"135","Subplot","C-17","C-17",2025,"FAGR",7.3,6,3,"",25.8336477487694,-5.79228775448045,1144.712312977,-0.00730369848191421,-0.128668216222596,0.149123434670908,-0.515718553461568,0.129234780653366,4.6556860172346,9.73391488955792,1136.5163387845,25.8430057449927,-5.85922828588663,304.631896972656,-81.28594,41.6281158,"C-17","Bri, Rosana","OH","Lake","Upper Baldwin","Holden",130,261,8,"Convex","Upper","Tree #606","Main",2025,401.149965936881,1.97460250932039,17,0.728751320862407,8,1.24585118845798
"136","Subplot","C-17","C-17",2025,"FAGR",2.5,6,1,"",25.8336477487694,-5.79228775448045,1144.712312977,-0.00730369848191421,-0.128668216222596,0.149123434670908,-0.515718553461568,0.129234780653366,4.6556860172346,9.73391488955792,1136.5163387845,25.8430057449927,-5.85922828588663,304.631896972656,-81.28594,41.6281158,"C-17","Bri, Rosana","OH","Lake","Upper Baldwin","Holden",130,261,8,"Convex","Upper","Tree #606","Main",2025,401.149965936881,1.97460250932039,17,0.728751320862407,8,1.24585118845798
"137","Subplot","C-17","C-17",2025,"FAGR",6.4,6,2,"",25.8336477487694,-5.79228775448045,1144.712312977,-0.00730369848191421,-0.128668216222596,0.149123434670908,-0.515718553461568,0.129234780653366,4.6556860172346,9.73391488955792,1136.5163387845,25.8430057449927,-5.85922828588663,304.631896972656,-81.28594,41.6281158,"C-17","Bri, Rosana","OH","Lake","Upper Baldwin","Holden",130,261,8,"Convex","Upper","Tree #606","Main",2025,401.149965936881,1.97460250932039,17,0.728751320862407,8,1.24585118845798
"138","Subplot","C-17","C-17",2025,"FAGR",1,5,3,"",25.8336477487694,-5.79228775448045,1144.712312977,-0.00730369848191421,-0.128668216222596,0.149123434670908,-0.515718553461568,0.129234780653366,4.6556860172346,9.73391488955792,1136.5163387845,25.8430057449927,-5.85922828588663,304.631896972656,-81.28594,41.6281158,"C-17","Bri, Rosana","OH","Lake","Upper Baldwin","Holden",130,261,8,"Convex","Upper","Tree #606","Main",2025,401.149965936881,1.97460250932039,17,0.728751320862407,8,1.24585118845798
"139","Subplot","C-17","C-17",2025,"FAGR",1,6,3,"sprout from root",25.8336477487694,-5.79228775448045,1144.712312977,-0.00730369848191421,-0.128668216222596,0.149123434670908,-0.515718553461568,0.129234780653366,4.6556860172346,9.73391488955792,1136.5163387845,25.8430057449927,-5.85922828588663,304.631896972656,-81.28594,41.6281158,"C-17","Bri, Rosana","OH","Lake","Upper Baldwin","Holden",130,261,8,"Convex","Upper","Tree #606","Main",2025,401.149965936881,1.97460250932039,17,0.728751320862407,8,1.24585118845798
"140","Subplot","C-17","C-17",2025,"FAGR",4.3,5,4,"",25.8336477487694,-5.79228775448045,1144.712312977,-0.00730369848191421,-0.128668216222596,0.149123434670908,-0.515718553461568,0.129234780653366,4.6556860172346,9.73391488955792,1136.5163387845,25.8430057449927,-5.85922828588663,304.631896972656,-81.28594,41.6281158,"C-17","Bri, Rosana","OH","Lake","Upper Baldwin","Holden",130,261,8,"Convex","Upper","Tree #606","Main",2025,401.149965936881,1.97460250932039,17,0.728751320862407,8,1.24585118845798
"141","Subplot","PB-1","PB-01",2025,"FAGR",4.3,5,4,"FAGR attached",25.9133391978283,-5.79132916732061,1162.50002276833,0.059282664128865,-0.0594808962904791,0.0376162300977299,4.74724562781339,0.0840776591408861,5.49611801246928,9.82629874650073,1146.74764964225,26.0014138541526,-5.8737014265838,295.075439453125,-81.3063583,41.6103517,"PB-1","Bri, Rosana","OH","Lake","Aborertum/Mike's Plot","Holden",110,312,6,"Convex","Middle","Tree is 315 degrees NW of Mikes plot center.","Main",2025,401.149965936881,1.03620956909128,8,0.890172634589158,5,0.146036934502122
"142","Subplot","PB-1","PB-01",2025,"FAGR",7,5,3,"",25.9133391978283,-5.79132916732061,1162.50002276833,0.059282664128865,-0.0594808962904791,0.0376162300977299,4.74724562781339,0.0840776591408861,5.49611801246928,9.82629874650073,1146.74764964225,26.0014138541526,-5.8737014265838,295.075439453125,-81.3063583,41.6103517,"PB-1","Bri, Rosana","OH","Lake","Aborertum/Mike's Plot","Holden",110,312,6,"Convex","Middle","Tree is 315 degrees NW of Mikes plot center.","Main",2025,401.149965936881,1.03620956909128,8,0.890172634589158,5,0.146036934502122
"143","Subplot","PB-1","PB-01",2025,"FAGR",2.1,6,4,"",25.9133391978283,-5.79132916732061,1162.50002276833,0.059282664128865,-0.0594808962904791,0.0376162300977299,4.74724562781339,0.0840776591408861,5.49611801246928,9.82629874650073,1146.74764964225,26.0014138541526,-5.8737014265838,295.075439453125,-81.3063583,41.6103517,"PB-1","Bri, Rosana","OH","Lake","Aborertum/Mike's Plot","Holden",110,312,6,"Convex","Middle","Tree is 315 degrees NW of Mikes plot center.","Main",2025,401.149965936881,1.03620956909128,8,0.890172634589158,5,0.146036934502122
"144","Subplot","PC-10","PC-10",2025,"FAGR",1.8,4,1,"",25.8445407408242,-5.72464996828817,1165.12578162392,0.0550824750562113,-0.153023047688667,0.145483850485462,5.39456898164235,0.163360589168071,5.05791087847025,9.82852115498736,1142.09576701313,25.9425209127289,-5.87147902869439,299.653472900391,-81.31145667,41.61055667,"PC-10","Bri, Rosana","OH","Lake","Pierson Creek","Holden",110,294,6,"Convex","Upper","","Main",2025,401.149965936881,1.19905807694463,7,0,0,1.19905807694463
"145","Subplot","PC-11","PC-11",2025,"FAGR",4.1,5,1,"",25.9530708810007,-5.76263827039526,1147.47097689081,0.00931313177650321,0.0037421465762741,-0.00887307528904586,6.88359241571008,0.0100370049012215,0.382069177011643,9.82629874650073,1142.67249728837,25.9436320743934,-5.8737014265838,301.518310546875,-81.3111625,41.6103619,"PC-11","Bri, Rosana","OH","Lake","Pierson Creek","Holden",160,34,1,"Flat","Upper","Next to tree #813.","Main",2025,401.149965936881,1.4842454491885,13,0.0137923771474226,2,1.47045307204108
"146","Subplot","PC-12","PC-12",2025,"FAGR",3.4,4,4,"",25.9900370163691,-5.81933877080741,1139.04739103659,-0.011948300241144,0.0672625396489235,-0.0700618672229925,5.1470271836299,0.0683687763199885,1.746599260522,9.82185392952736,1143.35545168052,25.9391872721147,-5.8781462223627,301.006591796875,-81.3111793,41.610047,"PC-12","Bri, Rosana","OH","Lake","Pierson Creek","Holden",170,106,4,"Flat","Middle","Tree #854","Main",2025,401.149965936881,1.80891805436272,12,0.00693977817177985,1,1.80197827619094
"147","Subplot","PC-2","PC-02",2025,"FAGR",2.7,4,2,"bent in half, alive, probable second bud break ",26.0942957204169,-5.75765651063981,1134.77550915391,-0.0811282910806316,0.0453197317223067,-0.0107355535730732,6.7106949452956,0.0930626194350609,2.63215694683129,9.807408274364,1146.12069363215,25.9325200092411,-5.89259180864407,301.433135986328,-81.31055833,41.60884833,"PC-2","Bri, Rosana","OH","Lake","Pierson Creek","Holden",NA,159,5,"Convex","Upper","No basal area recorded. ","Main",2025,401.149965936881,1.61337040503818,14,0.0471113234332325,3,1.56625908160495
"148","Subplot","PC-2","PC-02",2025,"FAGR",5,4,4,"top snapped off",26.0942957204169,-5.75765651063981,1134.77550915391,-0.0811282910806316,0.0453197317223067,-0.0107355535730732,6.7106949452956,0.0930626194350609,2.63215694683129,9.807408274364,1146.12069363215,25.9325200092411,-5.89259180864407,301.433135986328,-81.31055833,41.60884833,"PC-2","Bri, Rosana","OH","Lake","Pierson Creek","Holden",NA,159,5,"Convex","Upper","No basal area recorded. ","Main",2025,401.149965936881,1.61337040503818,14,0.0471113234332325,3,1.56625908160495
"149","Subplot","PC-3","PC-03",2025,"FAGR",3.5,4,4,"",25.8625406754832,-5.84702251862785,1153.5822101863,0.0849316875065502,0.10285498667602,-0.158637671372578,8.11612747591071,0.133787434441171,0.880554910952106,9.817409112554,1145.28913887679,25.9525215091382,-5.8825910181416,297.897613525391,-81.3097518,41.6096504,"PC-3","Bri, Rosana","OH","Lake","Pierson Creek","Holden",NA,40,7,"Convex","Upper","Tree #981; No basal area recorded. ","Main",2025,401.149965936881,2.85091365172374,11,0.004185386812745,1,2.846728264911
"150","Subplot","PC-4","PC-04",2025,"FAGR",7,5,3,"second bud break?",25.8561169797434,-5.77761130859859,1161.62959020808,0.0676019179152001,-0.0498024495135266,0.0225598957908394,6.48384623759811,0.0840650628647795,5.64824956069689,9.820742725284,1144.46512869573,25.9514103425433,-5.87925742130745,297.8076171875,-81.31006833,41.609955,"PC-4","Bri, Rosana","OH","Lake","Pierson Creek","Holden",100,317,4,"Concave","Middle","Tree #533","Main",2025,401.149965936881,2.33062742377927,10,0.0109358840271461,1,2.31969153975212
"151","Subplot","PC-5","PC-05",2025,"FAGR",3.4,6,4,"",25.9248156889004,-5.78712603387539,1148.42458728449,0.0381059678914972,0.00757660334823393,-0.0275574325270926,5.56573350344462,0.0388616754511796,0.19627014942383,9.84185560590736,1140.67572673798,25.9647448062443,-5.85814464135777,292.486236572266,-81.31069833,41.61168333,"PC-5","Bri, Rosana","OH","Lake","Pierson Creek","Holden",170,86,2,"Convex","Upper","","Main",2025,401.149965936881,2.2116600223768,13,0.00301907054009979,1,2.2086409518367
"152","Subplot","PC-9","PC-09",2025,"FAGR",2,6,2,"possible second bud break",25.9252542013749,-5.78522986567615,1148.32838583591,0.0378508165181707,0.0469262551060956,-0.0719099720172898,7.68713442946946,0.060325534457615,0.892042650773794,9.82963235923073,1142.47405102362,25.9514104255654,-5.87036782974964,300.090423583984,-81.310815,41.61064167,"PC-9","Bri, Rosana, David","OH","Lake","Pierson Creek","Holden",80,37,4,"Convex","Upper","Tree #743","Main",2025,401.149965936881,0.994591320412849,12,0.0202711265972881,2,0.974320193815561
"153","Subplot","SB-1","SB-01",2025,"FAGR",1.8,3,4,"",26.2255951806859,-5.66524668853278,1177.82757347424,-0.0774440217226689,-0.0683920009737214,0.116432136823024,7.98163307013268,0.103504809393718,3.86500048995311,9.81226989274223,1178.3876425681,26.0897117235481,-5.88252970008681,285.782836914062,-81.28622667,41.60458833,"SB-1","Bri, Rosana, David, Kaylin","OH","Lake","Stebbins","Holden",90,222,6,"Convex","Middle","Red tag SC1-41","Main",2025,401.149965936881,0.860687216738891,9,0.77610768852262,7,0.0845795282162712
"154","Subplot","SB-1","SB-01",2025,"FAGR",1.8,3,4,"SC1-36",26.2255951806859,-5.66524668853278,1177.82757347424,-0.0774440217226689,-0.0683920009737214,0.116432136823024,7.98163307013268,0.103504809393718,3.86500048995311,9.81226989274223,1178.3876425681,26.0897117235481,-5.88252970008681,285.782836914062,-81.28622667,41.60458833,"SB-1","Bri, Rosana, David, Kaylin","OH","Lake","Stebbins","Holden",90,222,6,"Convex","Middle","Red tag SC1-41","Main",2025,401.149965936881,0.860687216738891,9,0.77610768852262,7,0.0845795282162712
"155","Subplot","SB-1","SB-01",2025,"FAGR",0.9,4,4,"SC1-1",26.2255951806859,-5.66524668853278,1177.82757347424,-0.0774440217226689,-0.0683920009737214,0.116432136823024,7.98163307013268,0.103504809393718,3.86500048995311,9.81226989274223,1178.3876425681,26.0897117235481,-5.88252970008681,285.782836914062,-81.28622667,41.60458833,"SB-1","Bri, Rosana, David, Kaylin","OH","Lake","Stebbins","Holden",90,222,6,"Convex","Middle","Red tag SC1-41","Main",2025,401.149965936881,0.860687216738891,9,0.77610768852262,7,0.0845795282162712
"156","Subplot","SB-1","SB-01",2025,"FAGR",10.1,3,3,"",26.2255951806859,-5.66524668853278,1177.82757347424,-0.0774440217226689,-0.0683920009737214,0.116432136823024,7.98163307013268,0.103504809393718,3.86500048995311,9.81226989274223,1178.3876425681,26.0897117235481,-5.88252970008681,285.782836914062,-81.28622667,41.60458833,"SB-1","Bri, Rosana, David, Kaylin","OH","Lake","Stebbins","Holden",90,222,6,"Convex","Middle","Red tag SC1-41","Main",2025,401.149965936881,0.860687216738891,9,0.77610768852262,7,0.0845795282162712
"157","Subplot","SB-1","SB-01",2025,"FAGR",0.9,5,4,"",26.2255951806859,-5.66524668853278,1177.82757347424,-0.0774440217226689,-0.0683920009737214,0.116432136823024,7.98163307013268,0.103504809393718,3.86500048995311,9.81226989274223,1178.3876425681,26.0897117235481,-5.88252970008681,285.782836914062,-81.28622667,41.60458833,"SB-1","Bri, Rosana, David, Kaylin","OH","Lake","Stebbins","Holden",90,222,6,"Convex","Middle","Red tag SC1-41","Main",2025,401.149965936881,0.860687216738891,9,0.77610768852262,7,0.0845795282162712
"158","Subplot","SB-1","SB-01",2025,"FAGR",0.5,4,4,"",26.2255951806859,-5.66524668853278,1177.82757347424,-0.0774440217226689,-0.0683920009737214,0.116432136823024,7.98163307013268,0.103504809393718,3.86500048995311,9.81226989274223,1178.3876425681,26.0897117235481,-5.88252970008681,285.782836914062,-81.28622667,41.60458833,"SB-1","Bri, Rosana, David, Kaylin","OH","Lake","Stebbins","Holden",90,222,6,"Convex","Middle","Red tag SC1-41","Main",2025,401.149965936881,0.860687216738891,9,0.77610768852262,7,0.0845795282162712
"159","Subplot","SB-1","SB-01",2025,"FAGR",0.6,4,4,"",26.2255951806859,-5.66524668853278,1177.82757347424,-0.0774440217226689,-0.0683920009737214,0.116432136823024,7.98163307013268,0.103504809393718,3.86500048995311,9.81226989274223,1178.3876425681,26.0897117235481,-5.88252970008681,285.782836914062,-81.28622667,41.60458833,"SB-1","Bri, Rosana, David, Kaylin","OH","Lake","Stebbins","Holden",90,222,6,"Convex","Middle","Red tag SC1-41","Main",2025,401.149965936881,0.860687216738891,9,0.77610768852262,7,0.0845795282162712
"160","Subplot","SB-1","SB-01",2025,"FAGR",0.8,5,3,"measure live leader",26.2255951806859,-5.66524668853278,1177.82757347424,-0.0774440217226689,-0.0683920009737214,0.116432136823024,7.98163307013268,0.103504809393718,3.86500048995311,9.81226989274223,1178.3876425681,26.0897117235481,-5.88252970008681,285.782836914062,-81.28622667,41.60458833,"SB-1","Bri, Rosana, David, Kaylin","OH","Lake","Stebbins","Holden",90,222,6,"Convex","Middle","Red tag SC1-41","Main",2025,401.149965936881,0.860687216738891,9,0.77610768852262,7,0.0845795282162712
"161","Subplot","SB-1","SB-01",2025,"FAGR",1.5,3,4,"",26.2255951806859,-5.66524668853278,1177.82757347424,-0.0774440217226689,-0.0683920009737214,0.116432136823024,7.98163307013268,0.103504809393718,3.86500048995311,9.81226989274223,1178.3876425681,26.0897117235481,-5.88252970008681,285.782836914062,-81.28622667,41.60458833,"SB-1","Bri, Rosana, David, Kaylin","OH","Lake","Stebbins","Holden",90,222,6,"Convex","Middle","Red tag SC1-41","Main",2025,401.149965936881,0.860687216738891,9,0.77610768852262,7,0.0845795282162712
"162","Subplot","SB-1","SB-01",2025,"FAGR",1.5,4,4,"bent in half, DBH from live leader",26.2255951806859,-5.66524668853278,1177.82757347424,-0.0774440217226689,-0.0683920009737214,0.116432136823024,7.98163307013268,0.103504809393718,3.86500048995311,9.81226989274223,1178.3876425681,26.0897117235481,-5.88252970008681,285.782836914062,-81.28622667,41.60458833,"SB-1","Bri, Rosana, David, Kaylin","OH","Lake","Stebbins","Holden",90,222,6,"Convex","Middle","Red tag SC1-41","Main",2025,401.149965936881,0.860687216738891,9,0.77610768852262,7,0.0845795282162712
"163","Subplot","SB-1A","SB-01A",2025,"FAGR",2.7,5,3,"",25.6476695003611,-6.01275000449313,1207.87042007231,0.107728056003343,-0.0823231226179213,0.0385525189201742,2.7424398327617,0.136000683845532,5.63067354340083,9.64406335909298,1183.65779878495,25.8145210629865,-6.04922352697905,322.727874755859,-81.27627167,41.60553667,"SB-1A","Bri, Rosana, David, Tonya, McKenzie","OH","Lake","Stebbins","Holden",80,335,11,"Concave","Lower","Tree #922","Main",2025,401.149965936881,1.54100695985539,5,0.914258440066067,3,0.626748519789327
"164","Subplot","SB-1A","SB-01A",2025,"FAGR",4.3,4,4,"",25.6476695003611,-6.01275000449313,1207.87042007231,0.107728056003343,-0.0823231226179213,0.0385525189201742,2.7424398327617,0.136000683845532,5.63067354340083,9.64406335909298,1183.65779878495,25.8145210629865,-6.04922352697905,322.727874755859,-81.27627167,41.60553667,"SB-1A","Bri, Rosana, David, Tonya, McKenzie","OH","Lake","Stebbins","Holden",80,335,11,"Concave","Lower","Tree #922","Main",2025,401.149965936881,1.54100695985539,5,0.914258440066067,3,0.626748519789327
"165","Subplot","SB-1A","SB-01A",2025,"FAGR",3.2,4,4,"",25.6476695003611,-6.01275000449313,1207.87042007231,0.107728056003343,-0.0823231226179213,0.0385525189201742,2.7424398327617,0.136000683845532,5.63067354340083,9.64406335909298,1183.65779878495,25.8145210629865,-6.04922352697905,322.727874755859,-81.27627167,41.60553667,"SB-1A","Bri, Rosana, David, Tonya, McKenzie","OH","Lake","Stebbins","Holden",80,335,11,"Concave","Lower","Tree #922","Main",2025,401.149965936881,1.54100695985539,5,0.914258440066067,3,0.626748519789327
"166","Subplot","SB-1A","SB-01A",2025,"FAGR",2.4,5,4,"broken main trunk",25.6476695003611,-6.01275000449313,1207.87042007231,0.107728056003343,-0.0823231226179213,0.0385525189201742,2.7424398327617,0.136000683845532,5.63067354340083,9.64406335909298,1183.65779878495,25.8145210629865,-6.04922352697905,322.727874755859,-81.27627167,41.60553667,"SB-1A","Bri, Rosana, David, Tonya, McKenzie","OH","Lake","Stebbins","Holden",80,335,11,"Concave","Lower","Tree #922","Main",2025,401.149965936881,1.54100695985539,5,0.914258440066067,3,0.626748519789327
"167","Subplot","SB-1B","SB-01B",2025,"FAGR",2.6,5,3,"",25.6261071563616,-5.98413397364082,1211.79022097071,0.114965559368401,-0.0919263923087914,0.0457358313319217,5.04431291319613,0.147735810132251,5.60868868089577,9.63348515089766,1184.29076928548,25.7989642569822,-6.06033553232203,328.802551269531,-81.275945,41.60525667,"SB-1B","Bri, Rosana, David, Tonya, McKenzie","OH","Lake","Stebbins","Holden",90,320,7,"Convex","Middle","Tree #931","Main",2025,401.149965936881,2.20220147229501,10,1.82031182551912,4,0.381889646775885
"168","Subplot","SB-1B","SB-01B",2025,"FAGR",3.6,6,4,"",25.6261071563616,-5.98413397364082,1211.79022097071,0.114965559368401,-0.0919263923087914,0.0457358313319217,5.04431291319613,0.147735810132251,5.60868868089577,9.63348515089766,1184.29076928548,25.7989642569822,-6.06033553232203,328.802551269531,-81.275945,41.60525667,"SB-1B","Bri, Rosana, David, Tonya, McKenzie","OH","Lake","Stebbins","Holden",90,320,7,"Convex","Middle","Tree #931","Main",2025,401.149965936881,2.20220147229501,10,1.82031182551912,4,0.381889646775885
"169","Subplot","SB-2","SB-02",2025,"FAGR",6.5,5,4,"",25.6162580890286,-6.11672791411414,1200.70621437315,0.0123771079884978,-0.018317230728282,0.0144275484229885,3.18880671289192,0.0221086720129781,5.30662520054464,9.50873101279147,1195.96769208565,25.624067574644,-6.17593201560054,354.865509033203,-81.26927167,41.60188,"SB-2","Bri, Rosana","OH","Lake","Stebbins","Holden",140,318,2,"Convex","Upper","SB1-41; Tree #511","Main",2025,401.149965936881,1.84653705559313,10,0.444891931249138,3,1.40164512434399
"170","Subplot","SB-2","SB-02",2025,"FAGR",1.1,5,2,"",25.6162580890286,-6.11672791411414,1200.70621437315,0.0123771079884978,-0.018317230728282,0.0144275484229885,3.18880671289192,0.0221086720129781,5.30662520054464,9.50873101279147,1195.96769208565,25.624067574644,-6.17593201560054,354.865509033203,-81.26927167,41.60188,"SB-2","Bri, Rosana","OH","Lake","Stebbins","Holden",140,318,2,"Convex","Upper","SB1-41; Tree #511","Main",2025,401.149965936881,1.84653705559313,10,0.444891931249138,3,1.40164512434399
"171","Subplot","SB-2","SB-02",2025,"FAGR",1,4,2,"",25.6162580890286,-6.11672791411414,1200.70621437315,0.0123771079884978,-0.018317230728282,0.0144275484229885,3.18880671289192,0.0221086720129781,5.30662520054464,9.50873101279147,1195.96769208565,25.624067574644,-6.17593201560054,354.865509033203,-81.26927167,41.60188,"SB-2","Bri, Rosana","OH","Lake","Stebbins","Holden",140,318,2,"Convex","Upper","SB1-41; Tree #511","Main",2025,401.149965936881,1.84653705559313,10,0.444891931249138,3,1.40164512434399
"172","Subplot","SB-2","SB-02",2025,"FAGR",1.2,4,2,"",25.6162580890286,-6.11672791411414,1200.70621437315,0.0123771079884978,-0.018317230728282,0.0144275484229885,3.18880671289192,0.0221086720129781,5.30662520054464,9.50873101279147,1195.96769208565,25.624067574644,-6.17593201560054,354.865509033203,-81.26927167,41.60188,"SB-2","Bri, Rosana","OH","Lake","Stebbins","Holden",140,318,2,"Convex","Upper","SB1-41; Tree #511","Main",2025,401.149965936881,1.84653705559313,10,0.444891931249138,3,1.40164512434399
"173","Subplot","SB-2","SB-02",2025,"FAGR",4.7,4,2,"",25.6162580890286,-6.11672791411414,1200.70621437315,0.0123771079884978,-0.018317230728282,0.0144275484229885,3.18880671289192,0.0221086720129781,5.30662520054464,9.50873101279147,1195.96769208565,25.624067574644,-6.17593201560054,354.865509033203,-81.26927167,41.60188,"SB-2","Bri, Rosana","OH","Lake","Stebbins","Holden",140,318,2,"Convex","Upper","SB1-41; Tree #511","Main",2025,401.149965936881,1.84653705559313,10,0.444891931249138,3,1.40164512434399
"174","Subplot","SB-2","SB-02",2025,"FAGR",4.9,5,4,"",25.6162580890286,-6.11672791411414,1200.70621437315,0.0123771079884978,-0.018317230728282,0.0144275484229885,3.18880671289192,0.0221086720129781,5.30662520054464,9.50873101279147,1195.96769208565,25.624067574644,-6.17593201560054,354.865509033203,-81.26927167,41.60188,"SB-2","Bri, Rosana","OH","Lake","Stebbins","Holden",140,318,2,"Convex","Upper","SB1-41; Tree #511","Main",2025,401.149965936881,1.84653705559313,10,0.444891931249138,3,1.40164512434399
"175","Subplot","SB-2","SB-02",2025,"FAGR",1.7,4,3,"",25.6162580890286,-6.11672791411414,1200.70621437315,0.0123771079884978,-0.018317230728282,0.0144275484229885,3.18880671289192,0.0221086720129781,5.30662520054464,9.50873101279147,1195.96769208565,25.624067574644,-6.17593201560054,354.865509033203,-81.26927167,41.60188,"SB-2","Bri, Rosana","OH","Lake","Stebbins","Holden",140,318,2,"Convex","Upper","SB1-41; Tree #511","Main",2025,401.149965936881,1.84653705559313,10,0.444891931249138,3,1.40164512434399
"176","Subplot","SB-2","SB-02",2025,"FAGR",1.8,6,4,"",25.6162580890286,-6.11672791411414,1200.70621437315,0.0123771079884978,-0.018317230728282,0.0144275484229885,3.18880671289192,0.0221086720129781,5.30662520054464,9.50873101279147,1195.96769208565,25.624067574644,-6.17593201560054,354.865509033203,-81.26927167,41.60188,"SB-2","Bri, Rosana","OH","Lake","Stebbins","Holden",140,318,2,"Convex","Upper","SB1-41; Tree #511","Main",2025,401.149965936881,1.84653705559313,10,0.444891931249138,3,1.40164512434399
"177","Subplot","SB-2","SB-02",2025,"FAGR",1.4,4,3,"",25.6162580890286,-6.11672791411414,1200.70621437315,0.0123771079884978,-0.018317230728282,0.0144275484229885,3.18880671289192,0.0221086720129781,5.30662520054464,9.50873101279147,1195.96769208565,25.624067574644,-6.17593201560054,354.865509033203,-81.26927167,41.60188,"SB-2","Bri, Rosana","OH","Lake","Stebbins","Holden",140,318,2,"Convex","Upper","SB1-41; Tree #511","Main",2025,401.149965936881,1.84653705559313,10,0.444891931249138,3,1.40164512434399
"178","Subplot","SB-2","SB-02",2025,"FAGR",1.7,4,1,"",25.6162580890286,-6.11672791411414,1200.70621437315,0.0123771079884978,-0.018317230728282,0.0144275484229885,3.18880671289192,0.0221086720129781,5.30662520054464,9.50873101279147,1195.96769208565,25.624067574644,-6.17593201560054,354.865509033203,-81.26927167,41.60188,"SB-2","Bri, Rosana","OH","Lake","Stebbins","Holden",140,318,2,"Convex","Upper","SB1-41; Tree #511","Main",2025,401.149965936881,1.84653705559313,10,0.444891931249138,3,1.40164512434399
"179","Subplot","SB-2","SB-02",2025,"FAGR",0.8,4,3,"",25.6162580890286,-6.11672791411414,1200.70621437315,0.0123771079884978,-0.018317230728282,0.0144275484229885,3.18880671289192,0.0221086720129781,5.30662520054464,9.50873101279147,1195.96769208565,25.624067574644,-6.17593201560054,354.865509033203,-81.26927167,41.60188,"SB-2","Bri, Rosana","OH","Lake","Stebbins","Holden",140,318,2,"Convex","Upper","SB1-41; Tree #511","Main",2025,401.149965936881,1.84653705559313,10,0.444891931249138,3,1.40164512434399
"180","Subplot","SB-2A","SB-02A",2025,"FAGR",2.6,6,1,"",25.7754637526932,-5.98620122077031,1193.82783702933,0.0372459011475142,-0.047331341346901,0.0346759223484761,2.77918400927661,0.0602653118754007,5.37910225263657,9.65252936379728,1183.10131026157,25.8278554795967,-6.04144512906738,319.579711914062,-81.276725,41.605635,"SB-2A","Bri, Rosana, David, Tonya, McKenzie","OH","Lake","Stebbins","Holden",70,294,4,"Flat","Middle","","Main",2025,401.149965936881,0.55250561680153,7,0.0229658276959048,1,0.529539789105625
"181","Subplot","SB-2A","SB-02A",2025,"FAGR",6.5,6,4,"main trunk snapped",25.7754637526932,-5.98620122077031,1193.82783702933,0.0372459011475142,-0.047331341346901,0.0346759223484761,2.77918400927661,0.0602653118754007,5.37910225263657,9.65252936379728,1183.10131026157,25.8278554795967,-6.04144512906738,319.579711914062,-81.276725,41.605635,"SB-2A","Bri, Rosana, David, Tonya, McKenzie","OH","Lake","Stebbins","Holden",70,294,4,"Flat","Middle","","Main",2025,401.149965936881,0.55250561680153,7,0.0229658276959048,1,0.529539789105625
"182","Subplot","SB-2A","SB-02A",2025,"FAGR",2.3,4,4,"",25.7754637526932,-5.98620122077031,1193.82783702933,0.0372459011475142,-0.047331341346901,0.0346759223484761,2.77918400927661,0.0602653118754007,5.37910225263657,9.65252936379728,1183.10131026157,25.8278554795967,-6.04144512906738,319.579711914062,-81.276725,41.605635,"SB-2A","Bri, Rosana, David, Tonya, McKenzie","OH","Lake","Stebbins","Holden",70,294,4,"Flat","Middle","","Main",2025,401.149965936881,0.55250561680153,7,0.0229658276959048,1,0.529539789105625
"183","Subplot","SB-2B","SB-02B",2025,"FAGR",2.2,6,4,"4",25.9281700208822,-5.89281820035399,1183.71897648076,-0.0852112144496729,-0.139734318743886,0.20122202620257,2.33244209138801,0.164405846347831,4.1647883414722,9.63747611644916,1183.91637673725,25.8078538995843,-6.05811314502993,323.464294433594,-81.27644667,41.60514667,"SB-2B","Bri, Rosana, David, Tonya, McKenzie","OH","Lake","Stebbins","Holden",40,237,12,"Convex","Middle","Tree #910","Main",2025,401.149965936881,0.872768996686434,5,0.872768996686434,5,0
"184","Subplot","SB-2B","SB-02B",2025,"FAGR",2.5,6,3,"",25.9281700208822,-5.89281820035399,1183.71897648076,-0.0852112144496729,-0.139734318743886,0.20122202620257,2.33244209138801,0.164405846347831,4.1647883414722,9.63747611644916,1183.91637673725,25.8078538995843,-6.05811314502993,323.464294433594,-81.27644667,41.60514667,"SB-2B","Bri, Rosana, David, Tonya, McKenzie","OH","Lake","Stebbins","Holden",40,237,12,"Convex","Middle","Tree #910","Main",2025,401.149965936881,0.872768996686434,5,0.872768996686434,5,0
"185","Subplot","SC-1","SC-01",2025,"FAGR",1,4,4,"",25.8855953895516,-5.83730688377796,1130.50714347914,-0.00438083731204822,0.00433729128533602,-0.00272453484870259,0.86814929172247,0.0061647637982846,2.36118933101055,9.77029246510858,1131.32921134234,25.8702928465783,-5.85481104452361,310.774627685547,-81.31892,41.61198833,"SC-1","Bri, Rosana","OH","Lake","Schoop","Holden",140,183,1,"Flat","Middle","Tree #2","Main",2025,401.149965936881,2.06231263461596,7,0.0940247265292889,1,1.96828790808667
"186","Subplot","SC-1","SC-01",2025,"FAGR",3.6,4,3,"",25.8855953895516,-5.83730688377796,1130.50714347914,-0.00438083731204822,0.00433729128533602,-0.00272453484870259,0.86814929172247,0.0061647637982846,2.36118933101055,9.77029246510858,1131.32921134234,25.8702928465783,-5.85481104452361,310.774627685547,-81.31892,41.61198833,"SC-1","Bri, Rosana","OH","Lake","Schoop","Holden",140,183,1,"Flat","Middle","Tree #2","Main",2025,401.149965936881,2.06231263461596,7,0.0940247265292889,1,1.96828790808667
"187","Subplot","SC-1","SC-01",2025,"FAGR",5.5,3,4,"",25.8855953895516,-5.83730688377796,1130.50714347914,-0.00438083731204822,0.00433729128533602,-0.00272453484870259,0.86814929172247,0.0061647637982846,2.36118933101055,9.77029246510858,1131.32921134234,25.8702928465783,-5.85481104452361,310.774627685547,-81.31892,41.61198833,"SC-1","Bri, Rosana","OH","Lake","Schoop","Holden",140,183,1,"Flat","Middle","Tree #2","Main",2025,401.149965936881,2.06231263461596,7,0.0940247265292889,1,1.96828790808667
"188","Subplot","SC-1","SC-01",2025,"FAGR",10.9,3,3,"",25.8855953895516,-5.83730688377796,1130.50714347914,-0.00438083731204822,0.00433729128533602,-0.00272453484870259,0.86814929172247,0.0061647637982846,2.36118933101055,9.77029246510858,1131.32921134234,25.8702928465783,-5.85481104452361,310.774627685547,-81.31892,41.61198833,"SC-1","Bri, Rosana","OH","Lake","Schoop","Holden",140,183,1,"Flat","Middle","Tree #2","Main",2025,401.149965936881,2.06231263461596,7,0.0940247265292889,1,1.96828790808667
"189","Subplot","SC-1","SC-01",2025,"FAGR",0.9,2,4,"",25.8855953895516,-5.83730688377796,1130.50714347914,-0.00438083731204822,0.00433729128533602,-0.00272453484870259,0.86814929172247,0.0061647637982846,2.36118933101055,9.77029246510858,1131.32921134234,25.8702928465783,-5.85481104452361,310.774627685547,-81.31892,41.61198833,"SC-1","Bri, Rosana","OH","Lake","Schoop","Holden",140,183,1,"Flat","Middle","Tree #2","Main",2025,401.149965936881,2.06231263461596,7,0.0940247265292889,1,1.96828790808667
"190","Subplot","SC-1","SC-01",2025,"FAGR",1,3,4,"",25.8855953895516,-5.83730688377796,1130.50714347914,-0.00438083731204822,0.00433729128533602,-0.00272453484870259,0.86814929172247,0.0061647637982846,2.36118933101055,9.77029246510858,1131.32921134234,25.8702928465783,-5.85481104452361,310.774627685547,-81.31892,41.61198833,"SC-1","Bri, Rosana","OH","Lake","Schoop","Holden",140,183,1,"Flat","Middle","Tree #2","Main",2025,401.149965936881,2.06231263461596,7,0.0940247265292889,1,1.96828790808667
"191","Subplot","SC-7","SC-07",2025,"FAGR",1.3,5,4,"",25.8530609672513,-5.87605738473339,1123.91261887646,0.00870926608790582,0.0524556515548426,-0.0635870168141471,0.179020336250384,0.0531988302493078,1.40626616606914,9.75074485838436,1126.96176949129,25.8514900840314,-5.84925504979996,312.693725585938,-81.32209833,41.612425,"SC-7","Bri, Rosana","OH","Lake","Schoop","Holden",100,75,4,"Flat","Middle","Tree #335","Main",2025,401.149965936881,1.31919952293767,11,0.618364394395059,5,0.700835128542608
"192","Subplot","SC-7","SC-07",2025,"FAGR",2.4,4,2,"",25.8530609672513,-5.87605738473339,1123.91261887646,0.00870926608790582,0.0524556515548426,-0.0635870168141471,0.179020336250384,0.0531988302493078,1.40626616606914,9.75074485838436,1126.96176949129,25.8514900840314,-5.84925504979996,312.693725585938,-81.32209833,41.612425,"SC-7","Bri, Rosana","OH","Lake","Schoop","Holden",100,75,4,"Flat","Middle","Tree #335","Main",2025,401.149965936881,1.31919952293767,11,0.618364394395059,5,0.700835128542608
"193","Subplot","SC-7","SC-07",2025,"FAGR",4.9,5,1,"",25.8530609672513,-5.87605738473339,1123.91261887646,0.00870926608790582,0.0524556515548426,-0.0635870168141471,0.179020336250384,0.0531988302493078,1.40626616606914,9.75074485838436,1126.96176949129,25.8514900840314,-5.84925504979996,312.693725585938,-81.32209833,41.612425,"SC-7","Bri, Rosana","OH","Lake","Schoop","Holden",100,75,4,"Flat","Middle","Tree #335","Main",2025,401.149965936881,1.31919952293767,11,0.618364394395059,5,0.700835128542608
"194","Subplot","SC-7","SC-07",2025,"FAGR",3.7,6,2,"",25.8530609672513,-5.87605738473339,1123.91261887646,0.00870926608790582,0.0524556515548426,-0.0635870168141471,0.179020336250384,0.0531988302493078,1.40626616606914,9.75074485838436,1126.96176949129,25.8514900840314,-5.84925504979996,312.693725585938,-81.32209833,41.612425,"SC-7","Bri, Rosana","OH","Lake","Schoop","Holden",100,75,4,"Flat","Middle","Tree #335","Main",2025,401.149965936881,1.31919952293767,11,0.618364394395059,5,0.700835128542608
