"","plot_type.x","plot_id.x","plot_id_new","date.x","species","dbh","crown_class","overall_dieback","percent_bld","dominant_symptom_expression","comments","high_temp","low_temp","moisture","northness","eastness","windward_exposure","mTPI","slope","aspect","macro_bio1","macro_bio12","macro_bio5","macro_bio6","elevation","X","Y","plot_id.y","surveyors","state","county","local.name","landowner","basal_area","bri_aspect","slope_percent","slope_shape","slope_position","site_remarks","plot_type.y","date.y","plot_area_m2","living_basal_area_m2","living_n_trees","fagus_basal_area_m2","fagus_n_trees","nonfagus_basal_area_m2","high_temp_scaled","low_temp_scaled","moisture_scaled","northness_scaled","eastness_scaled","windward_exposure_scaled","mTPI_scaled","slope_scaled","aspect_scaled","macro_bio1_scaled","macro_bio12_scaled","macro_bio5_scaled","macro_bio6_scaled","elevation_scaled","living_basal_area_m2_scaled","fagus_basal_area_m2_scaled","nonfagus_basal_area_m2_scaled","Comp.1","Comp.2","Comp.3","Comp.4","Comp.5","Comp.6","Comp.7","Comp.8","Comp.9","dbh_scaled"
"1","Main","BW-1","BW-01",2025,"FAGR",29.1,"C",4,3,3,"",25.9883927906981,-5.84398838713522,1153.59450888432,-0.0242300117476278,0.0384532767393685,-0.0313052630077418,3.28988698444027,0.0454661628986665,2.13306586206039,9.75645557568351,1158.56424257107,25.9291982871684,-5.89375872939776,316.916809082031,-81.29129,41.611435,"BW-1","Bri, Rosana","OH","Lake","Bole Woods","Holden",110,119,3,"Concave","Middle","","Main",2025,401.149965936881,1.0448222453511,13,0.0878907668731549,2,0.956931478477941,0.402463497412501,-0.183728905420595,0.187311009892955,-0.546040096666118,0.801941413874201,-0.503433515910071,0.260815417525577,-0.698338810550533,-0.447813646562731,-0.32709455018082,0.658037997418846,-0.0598040508499739,-0.258231477613066,0.806632775193085,-0.788094302102807,-0.644225399832861,-0.292475317008029,0.106778553727559,-1.26239871437823,0.915913445113971,-0.126969851998812,0.400238652201158,0.348125131777568,0.0397932141835667,0.398071244696473,0.00387978760173666,0.326615196091068
"2","Main","BW-1","BW-01",2025,"FAGR",16.5,"S",6,4,4,"",25.9883927906981,-5.84398838713522,1153.59450888432,-0.0242300117476278,0.0384532767393685,-0.0313052630077418,3.28988698444027,0.0454661628986665,2.13306586206039,9.75645557568351,1158.56424257107,25.9291982871684,-5.89375872939776,316.916809082031,-81.29129,41.611435,"BW-1","Bri, Rosana","OH","Lake","Bole Woods","Holden",110,119,3,"Concave","Middle","","Main",2025,401.149965936881,1.0448222453511,13,0.0878907668731549,2,0.956931478477941,0.402463497412501,-0.183728905420595,0.187311009892955,-0.546040096666118,0.801941413874201,-0.503433515910071,0.260815417525577,-0.698338810550533,-0.447813646562731,-0.32709455018082,0.658037997418846,-0.0598040508499739,-0.258231477613066,0.806632775193085,-0.788094302102807,-0.644225399832861,-0.292475317008029,0.106778553727559,-1.26239871437823,0.915913445113971,-0.126969851998812,0.400238652201158,0.348125131777568,0.0397932141835667,0.398071244696473,0.00387978760173666,-0.241100216925363
"3","Main","BW-2","BW-02",2025,"FAGR",16.4,"I",4,3,2,"necrosis present",25.9868616246059,-5.84178818062595,1154.78085888085,-0.0151460496731534,0.0543652742448617,-0.0538595226616596,3.72052963559664,0.0564656798270927,1.84250436350425,9.75747595849324,1159.49211015815,25.9380879211151,-5.88486913783995,314.266082763672,-81.2905383,41.6114383,"BW-2","Bri, Rosana","OH","Lake","Bole Woods","Holden",140,67,5,"Concave","Middle","","Main",2025,401.149965936881,0.535536304083164,16,0.0990088632742091,5,0.436527440808955,0.393599270367115,-0.165952681380993,0.229548728563275,-0.422870756168875,1.02854632184072,-0.764587780566112,0.37154531794697,-0.51022206852658,-0.590586308077744,-0.31767542489221,0.698639885022147,0.0135058831367268,-0.183075643859925,0.696590331913369,-1.64165045527475,-0.616799060791881,-1.0204832877869,0.149868823382793,-1.51530928834821,0.677547200019279,0.141767870442748,0.540958211777396,0.326275508782942,0.11011209608582,0.397726852508563,-0.0435905770930038,-0.245605894806445
"4","Main","BW-2","BW-02",2025,"FAGR",13.7,"I",4,3,4,"",25.9868616246059,-5.84178818062595,1154.78085888085,-0.0151460496731534,0.0543652742448617,-0.0538595226616596,3.72052963559664,0.0564656798270927,1.84250436350425,9.75747595849324,1159.49211015815,25.9380879211151,-5.88486913783995,314.266082763672,-81.2905383,41.6114383,"BW-2","Bri, Rosana","OH","Lake","Bole Woods","Holden",140,67,5,"Concave","Middle","","Main",2025,401.149965936881,0.535536304083164,16,0.0990088632742091,5,0.436527440808955,0.393599270367115,-0.165952681380993,0.229548728563275,-0.422870756168875,1.02854632184072,-0.764587780566112,0.37154531794697,-0.51022206852658,-0.590586308077744,-0.31767542489221,0.698639885022147,0.0135058831367268,-0.183075643859925,0.696590331913369,-1.64165045527475,-0.616799060791881,-1.0204832877869,0.149868823382793,-1.51530928834821,0.677547200019279,0.141767870442748,0.540958211777396,0.326275508782942,0.11011209608582,0.397726852508563,-0.0435905770930038,-0.36725919759568
"5","Main","BW-2","BW-02",2025,"FAGR",20.2,"C",4,3,2,"",25.9868616246059,-5.84178818062595,1154.78085888085,-0.0151460496731534,0.0543652742448617,-0.0538595226616596,3.72052963559664,0.0564656798270927,1.84250436350425,9.75747595849324,1159.49211015815,25.9380879211151,-5.88486913783995,314.266082763672,-81.2905383,41.6114383,"BW-2","Bri, Rosana","OH","Lake","Bole Woods","Holden",140,67,5,"Concave","Middle","","Main",2025,401.149965936881,0.535536304083164,16,0.0990088632742091,5,0.436527440808955,0.393599270367115,-0.165952681380993,0.229548728563275,-0.422870756168875,1.02854632184072,-0.764587780566112,0.37154531794697,-0.51022206852658,-0.590586308077744,-0.31767542489221,0.698639885022147,0.0135058831367268,-0.183075643859925,0.696590331913369,-1.64165045527475,-0.616799060791881,-1.0204832877869,0.149868823382793,-1.51530928834821,0.677547200019279,0.141767870442748,0.540958211777396,0.326275508782942,0.11011209608582,0.397726852508563,-0.0435905770930038,-0.0743901353252997
"6","Main","BW-2","BW-02",2025,"FAGR",13.3,"S",4,4,3,"",25.9868616246059,-5.84178818062595,1154.78085888085,-0.0151460496731534,0.0543652742448617,-0.0538595226616596,3.72052963559664,0.0564656798270927,1.84250436350425,9.75747595849324,1159.49211015815,25.9380879211151,-5.88486913783995,314.266082763672,-81.2905383,41.6114383,"BW-2","Bri, Rosana","OH","Lake","Bole Woods","Holden",140,67,5,"Concave","Middle","","Main",2025,401.149965936881,0.535536304083164,16,0.0990088632742091,5,0.436527440808955,0.393599270367115,-0.165952681380993,0.229548728563275,-0.422870756168875,1.02854632184072,-0.764587780566112,0.37154531794697,-0.51022206852658,-0.590586308077744,-0.31767542489221,0.698639885022147,0.0135058831367268,-0.183075643859925,0.696590331913369,-1.64165045527475,-0.616799060791881,-1.0204832877869,0.149868823382793,-1.51530928834821,0.677547200019279,0.141767870442748,0.540958211777396,0.326275508782942,0.11011209608582,0.397726852508563,-0.0435905770930038,-0.385281909120012
"7","Main","BW-2","BW-02",2025,"FAGR",14.8,"S",6,3,1,"",25.9868616246059,-5.84178818062595,1154.78085888085,-0.0151460496731534,0.0543652742448617,-0.0538595226616596,3.72052963559664,0.0564656798270927,1.84250436350425,9.75747595849324,1159.49211015815,25.9380879211151,-5.88486913783995,314.266082763672,-81.2905383,41.6114383,"BW-2","Bri, Rosana","OH","Lake","Bole Woods","Holden",140,67,5,"Concave","Middle","","Main",2025,401.149965936881,0.535536304083164,16,0.0990088632742091,5,0.436527440808955,0.393599270367115,-0.165952681380993,0.229548728563275,-0.422870756168875,1.02854632184072,-0.764587780566112,0.37154531794697,-0.51022206852658,-0.590586308077744,-0.31767542489221,0.698639885022147,0.0135058831367268,-0.183075643859925,0.696590331913369,-1.64165045527475,-0.616799060791881,-1.0204832877869,0.149868823382793,-1.51530928834821,0.677547200019279,0.141767870442748,0.540958211777396,0.326275508782942,0.11011209608582,0.397726852508563,-0.0435905770930038,-0.31769674090377
"8","Main","C-1","C-01",2025,"FAGR",38,"I",5,3,3,"#965, covered in vitis, second bud break?",26.0879389783363,-5.44403915965475,1146.0598627501,0.0792275827673127,-0.192310280051388,0.178012921523772,6.92694401734066,0.209520586045016,5.10317828631162,10.0563444103283,1115.50726822801,26.233359490897,-5.62067085609889,248.412063598633,-81.30677333,41.63092167,"C-1","Bri, Rosana","OH","Lake","Upper Baldwin","Holden",70,218,4,"Convex","Summit","Tree #965","Main",2025,401.149965936881,1.58211705592211,12,0.716418998900741,7,0.865698057021367,0.97875630667923,3.04759826418966,-0.0809456299084929,0.856740273987694,-2.48439360035292,1.92024774870504,1.19600138203365,2.10736473058906,1.0116049547191,2.44117092748224,-1.22606104554588,2.44851495309982,2.05055252806127,-2.03727816236267,0.112404326405302,0.906240414331325,-0.420104338334072,1.84304797419004,4.34258853589339,-0.745361776334221,2.72418092864919,-1.44171421640321,-0.535588150484796,-0.229525799745519,0.138159900402188,-0.0152386305097417,0.727620527507435
"9","Main","C-1","C-01",2025,"FAGR",15.3,"S",5,3,4,"covered in vitis",26.0879389783363,-5.44403915965475,1146.0598627501,0.0792275827673127,-0.192310280051388,0.178012921523772,6.92694401734066,0.209520586045016,5.10317828631162,10.0563444103283,1115.50726822801,26.233359490897,-5.62067085609889,248.412063598633,-81.30677333,41.63092167,"C-1","Bri, Rosana","OH","Lake","Upper Baldwin","Holden",70,218,4,"Convex","Summit","Tree #965","Main",2025,401.149965936881,1.58211705592211,12,0.716418998900741,7,0.865698057021367,0.97875630667923,3.04759826418966,-0.0809456299084929,0.856740273987694,-2.48439360035292,1.92024774870504,1.19600138203365,2.10736473058906,1.0116049547191,2.44117092748224,-1.22606104554588,2.44851495309982,2.05055252806127,-2.03727816236267,0.112404326405302,0.906240414331325,-0.420104338334072,1.84304797419004,4.34258853589339,-0.745361776334221,2.72418092864919,-1.44171421640321,-0.535588150484796,-0.229525799745519,0.138159900402188,-0.0152386305097417,-0.295168351498356
"10","Main","C-1","C-01",2025,"FAGR",24.7,"S",6,4,4,"covered in vitis",26.0879389783363,-5.44403915965475,1146.0598627501,0.0792275827673127,-0.192310280051388,0.178012921523772,6.92694401734066,0.209520586045016,5.10317828631162,10.0563444103283,1115.50726822801,26.233359490897,-5.62067085609889,248.412063598633,-81.30677333,41.63092167,"C-1","Bri, Rosana","OH","Lake","Upper Baldwin","Holden",70,218,4,"Convex","Summit","Tree #965","Main",2025,401.149965936881,1.58211705592211,12,0.716418998900741,7,0.865698057021367,0.97875630667923,3.04759826418966,-0.0809456299084929,0.856740273987694,-2.48439360035292,1.92024774870504,1.19600138203365,2.10736473058906,1.0116049547191,2.44117092748224,-1.22606104554588,2.44851495309982,2.05055252806127,-2.03727816236267,0.112404326405302,0.906240414331325,-0.420104338334072,1.84304797419004,4.34258853589339,-0.745361776334221,2.72418092864919,-1.44171421640321,-0.535588150484796,-0.229525799745519,0.138159900402188,-0.0152386305097417,0.128365369323425
"11","Main","C-1","C-01",2025,"FAGR",68.9,"C",3,1,0,"covered in vitis",26.0879389783363,-5.44403915965475,1146.0598627501,0.0792275827673127,-0.192310280051388,0.178012921523772,6.92694401734066,0.209520586045016,5.10317828631162,10.0563444103283,1115.50726822801,26.233359490897,-5.62067085609889,248.412063598633,-81.30677333,41.63092167,"C-1","Bri, Rosana","OH","Lake","Upper Baldwin","Holden",70,218,4,"Convex","Summit","Tree #965","Main",2025,401.149965936881,1.58211705592211,12,0.716418998900741,7,0.865698057021367,0.97875630667923,3.04759826418966,-0.0809456299084929,0.856740273987694,-2.48439360035292,1.92024774870504,1.19600138203365,2.10736473058906,1.0116049547191,2.44117092748224,-1.22606104554588,2.44851495309982,2.05055252806127,-2.03727816236267,0.112404326405302,0.906240414331325,-0.420104338334072,1.84304797419004,4.34258853589339,-0.745361776334221,2.72418092864919,-1.44171421640321,-0.535588150484796,-0.229525799745519,0.138159900402188,-0.0152386305097417,2.11987499276201
"12","Main","C-1","C-01",2025,"FAGR",26.3,"I",5,4,4,"covered in vitis",26.0879389783363,-5.44403915965475,1146.0598627501,0.0792275827673127,-0.192310280051388,0.178012921523772,6.92694401734066,0.209520586045016,5.10317828631162,10.0563444103283,1115.50726822801,26.233359490897,-5.62067085609889,248.412063598633,-81.30677333,41.63092167,"C-1","Bri, Rosana","OH","Lake","Upper Baldwin","Holden",70,218,4,"Convex","Summit","Tree #965","Main",2025,401.149965936881,1.58211705592211,12,0.716418998900741,7,0.865698057021367,0.97875630667923,3.04759826418966,-0.0809456299084929,0.856740273987694,-2.48439360035292,1.92024774870504,1.19600138203365,2.10736473058906,1.0116049547191,2.44117092748224,-1.22606104554588,2.44851495309982,2.05055252806127,-2.03727816236267,0.112404326405302,0.906240414331325,-0.420104338334072,1.84304797419004,4.34258853589339,-0.745361776334221,2.72418092864919,-1.44171421640321,-0.535588150484796,-0.229525799745519,0.138159900402188,-0.0152386305097417,0.20045621542075
"13","Main","C-1","C-01",2025,"FAGR",16.3,"S",3,4,3,"",26.0879389783363,-5.44403915965475,1146.0598627501,0.0792275827673127,-0.192310280051388,0.178012921523772,6.92694401734066,0.209520586045016,5.10317828631162,10.0563444103283,1115.50726822801,26.233359490897,-5.62067085609889,248.412063598633,-81.30677333,41.63092167,"C-1","Bri, Rosana","OH","Lake","Upper Baldwin","Holden",70,218,4,"Convex","Summit","Tree #965","Main",2025,401.149965936881,1.58211705592211,12,0.716418998900741,7,0.865698057021367,0.97875630667923,3.04759826418966,-0.0809456299084929,0.856740273987694,-2.48439360035292,1.92024774870504,1.19600138203365,2.10736473058906,1.0116049547191,2.44117092748224,-1.22606104554588,2.44851495309982,2.05055252806127,-2.03727816236267,0.112404326405302,0.906240414331325,-0.420104338334072,1.84304797419004,4.34258853589339,-0.745361776334221,2.72418092864919,-1.44171421640321,-0.535588150484796,-0.229525799745519,0.138159900402188,-0.0152386305097417,-0.250111572687528
"14","Main","C-1","C-01",2025,"FAGR",33.6,"C",2,2,2,"",26.0879389783363,-5.44403915965475,1146.0598627501,0.0792275827673127,-0.192310280051388,0.178012921523772,6.92694401734066,0.209520586045016,5.10317828631162,10.0563444103283,1115.50726822801,26.233359490897,-5.62067085609889,248.412063598633,-81.30677333,41.63092167,"C-1","Bri, Rosana","OH","Lake","Upper Baldwin","Holden",70,218,4,"Convex","Summit","Tree #965","Main",2025,401.149965936881,1.58211705592211,12,0.716418998900741,7,0.865698057021367,0.97875630667923,3.04759826418966,-0.0809456299084929,0.856740273987694,-2.48439360035292,1.92024774870504,1.19600138203365,2.10736473058906,1.0116049547191,2.44117092748224,-1.22606104554588,2.44851495309982,2.05055252806127,-2.03727816236267,0.112404326405302,0.906240414331325,-0.420104338334072,1.84304797419004,4.34258853589339,-0.745361776334221,2.72418092864919,-1.44171421640321,-0.535588150484796,-0.229525799745519,0.138159900402188,-0.0152386305097417,0.529370700739793
"15","Main","C-10","C-10",2025,"FAGR",56.3,"S",3,4,3,"#666",25.6782190319004,-5.92290673460499,1144.67267270294,0.180688783796616,-0.0531556520859479,-0.0298183898808918,-6.88992935868028,0.189477040763141,5.99707329101139,9.83565390431272,1119.74129009176,26.0004452700841,-5.7395691431841,267.309204101562,-81.29686,41.63199167,"C-10","Bri, Rosana","OH","Lake","Upper Baldwin","Holden",70,308,5,"Flat","Lower","No soil sample taken for North plot bc in creek, Tree #666","Main",2025,401.149965936881,1.21564163350106,10,0.248946870453926,1,0.966694763047135,-1.39319448868754,-0.821337338786711,-0.130333873787269,2.23245156762611,-0.502673728140877,-0.486217111379945,-2.356691341164,1.76457454611363,1.45083647565409,0.403983014919394,-1.04078754077467,0.527746757835661,1.0453432516172,-1.25278091059444,-0.501803383736858,-0.246929033432709,-0.278817181265669,-1.62074343883335,1.40164947470151,-3.91529406285607,-0.934668433753303,0.200966126621606,-0.326215616805444,-0.0690416508796923,-0.00664099248560723,-0.0116548595094615,1.55215957974558
"16","Main","C-11","C-11",2025,"FAGR",21.3,"S",2,1,1,"#407",26.3140765260574,-5.60574872881014,1090.34888236846,-0.196905203949014,0.0269206336377393,0.0675137790442185,2.47689559507554,0.200069006696002,3.00571632393758,9.81787466821122,1118.19021768509,25.9715541790464,-5.74290274001816,283.064208984375,-81.2966049,41.6329262,"C-11","Bri, Rosana","OH","Lake","Upper Baldwin","Holden",120,213,5,"Convex","Upper","","Main",2025,401.149965936881,1.88970332405161,11,0.835790880357355,4,1.05391244369426,2.28791184290662,1.74109111654603,-2.06442834840647,-2.88734110269326,0.637703484113764,0.640785565411506,0.0517732909594425,1.94572123972607,-0.0190210170036587,0.239863381798339,-1.10865979797722,0.289491280784851,1.01715981396077,-0.598726503249262,0.627914633129055,1.20070932111993,-0.156805893673891,4.19712799164042,1.31912689461259,0.820272010964968,0.161415934209068,2.31418513912045,-0.690586955984492,-0.75464091771937,-0.0137499743449565,-0.0470909974834058,-0.0248276786333891
"17","Main","C-11","C-11",2025,"FAGR",86.9,"S",3,1,2,"",26.3140765260574,-5.60574872881014,1090.34888236846,-0.196905203949014,0.0269206336377393,0.0675137790442185,2.47689559507554,0.200069006696002,3.00571632393758,9.81787466821122,1118.19021768509,25.9715541790464,-5.74290274001816,283.064208984375,-81.2966049,41.6329262,"C-11","Bri, Rosana","OH","Lake","Upper Baldwin","Holden",120,213,5,"Convex","Upper","","Main",2025,401.149965936881,1.88970332405161,11,0.835790880357355,4,1.05391244369426,2.28791184290662,1.74109111654603,-2.06442834840647,-2.88734110269326,0.637703484113764,0.640785565411506,0.0517732909594425,1.94572123972607,-0.0190210170036587,0.239863381798339,-1.10865979797722,0.289491280784851,1.01715981396077,-0.598726503249262,0.627914633129055,1.20070932111993,-0.156805893673891,4.19712799164042,1.31912689461259,0.820272010964968,0.161415934209068,2.31418513912045,-0.690586955984492,-0.75464091771937,-0.0137499743449565,-0.0470909974834058,2.93089701135691
"18","Main","C-11","C-11",2025,"FAGR",23.6,"S",3,3,2,"",26.3140765260574,-5.60574872881014,1090.34888236846,-0.196905203949014,0.0269206336377393,0.0675137790442185,2.47689559507554,0.200069006696002,3.00571632393758,9.81787466821122,1118.19021768509,25.9715541790464,-5.74290274001816,283.064208984375,-81.2966049,41.6329262,"C-11","Bri, Rosana","OH","Lake","Upper Baldwin","Holden",120,213,5,"Convex","Upper","","Main",2025,401.149965936881,1.88970332405161,11,0.835790880357355,4,1.05391244369426,2.28791184290662,1.74109111654603,-2.06442834840647,-2.88734110269326,0.637703484113764,0.640785565411506,0.0517732909594425,1.94572123972607,-0.0190210170036587,0.239863381798339,-1.10865979797722,0.289491280784851,1.01715981396077,-0.598726503249262,0.627914633129055,1.20070932111993,-0.156805893673891,4.19712799164042,1.31912689461259,0.820272010964968,0.161415934209068,2.31418513912045,-0.690586955984492,-0.75464091771937,-0.0137499743449565,-0.0470909974834058,0.0788029126315149
"19","Main","C-11","C-11",2025,"FAGR",45.6,"I",3,3,3,"",26.3140765260574,-5.60574872881014,1090.34888236846,-0.196905203949014,0.0269206336377393,0.0675137790442185,2.47689559507554,0.200069006696002,3.00571632393758,9.81787466821122,1118.19021768509,25.9715541790464,-5.74290274001816,283.064208984375,-81.2966049,41.6329262,"C-11","Bri, Rosana","OH","Lake","Upper Baldwin","Holden",120,213,5,"Convex","Upper","","Main",2025,401.149965936881,1.88970332405161,11,0.835790880357355,4,1.05391244369426,2.28791184290662,1.74109111654603,-2.06442834840647,-2.88734110269326,0.637703484113764,0.640785565411506,0.0517732909594425,1.94572123972607,-0.0190210170036587,0.239863381798339,-1.10865979797722,0.289491280784851,1.01715981396077,-0.598726503249262,0.627914633129055,1.20070932111993,-0.156805893673891,4.19712799164042,1.31912689461259,0.820272010964968,0.161415934209068,2.31418513912045,-0.690586955984492,-0.75464091771937,-0.0137499743449565,-0.0470909974834058,1.07005204646973
"20","Main","C-12","C-12",2025,"FAGR",35.3,"I",5,4,4,"#579; covered in vitis",25.9351939558076,-5.75425958427337,1119.68783924555,-0.0415320588253696,-0.0373186346323226,0.062888390069399,0.64467017715693,0.0558644573311037,3.87360611486066,9.74521639171491,1122.75923428067,25.8673659009715,-5.80957467670145,300.226226806641,-81.290965,41.632825,"C-12","Bri, Rosana","OH","Lake","Upper Baldwin","Holden",200,3,209,"Flat","Upper","Tree #579","Main",2025,401.149965936881,1.6905483409626,16,0.140025496959477,3,1.55052284400312,0.094484791887476,0.541220909861286,-1.01987100000188,-0.780638360105148,-0.277136621231197,0.587228495704839,-0.419341535987884,-0.520504339822029,0.407432370549528,-0.430843144269801,-0.908727500681237,-0.569715727474056,0.453491060814606,0.113738740594282,0.29413365180594,-0.515618421481613,0.537916482839449,0.882768239674112,0.532023586684714,0.536354866360846,-0.956029611441846,-0.293280524556649,-0.101818398513318,-0.835512895164622,-0.0853022164685473,-0.0783282210230792,0.6059672247182
"21","Main","C-12","C-12",2025,"FAGR",18.9,"S",5,3,3,"vitis on top",25.9351939558076,-5.75425958427337,1119.68783924555,-0.0415320588253696,-0.0373186346323226,0.062888390069399,0.64467017715693,0.0558644573311037,3.87360611486066,9.74521639171491,1122.75923428067,25.8673659009715,-5.80957467670145,300.226226806641,-81.290965,41.632825,"C-12","Bri, Rosana","OH","Lake","Upper Baldwin","Holden",200,3,209,"Flat","Upper","Tree #579","Main",2025,401.149965936881,1.6905483409626,16,0.140025496959477,3,1.55052284400312,0.094484791887476,0.541220909861286,-1.01987100000188,-0.780638360105148,-0.277136621231197,0.587228495704839,-0.419341535987884,-0.520504339822029,0.407432370549528,-0.430843144269801,-0.908727500681237,-0.569715727474056,0.453491060814606,0.113738740594282,0.29413365180594,-0.515618421481613,0.537916482839449,0.882768239674112,0.532023586684714,0.536354866360846,-0.956029611441846,-0.293280524556649,-0.101818398513318,-0.835512895164622,-0.0853022164685473,-0.0783282210230792,-0.132963947779376
"22","Main","C-12","C-12",2025,"FAGR",13.4,"S",5,4,4,"",25.9351939558076,-5.75425958427337,1119.68783924555,-0.0415320588253696,-0.0373186346323226,0.062888390069399,0.64467017715693,0.0558644573311037,3.87360611486066,9.74521639171491,1122.75923428067,25.8673659009715,-5.80957467670145,300.226226806641,-81.290965,41.632825,"C-12","Bri, Rosana","OH","Lake","Upper Baldwin","Holden",200,3,209,"Flat","Upper","Tree #579","Main",2025,401.149965936881,1.6905483409626,16,0.140025496959477,3,1.55052284400312,0.094484791887476,0.541220909861286,-1.01987100000188,-0.780638360105148,-0.277136621231197,0.587228495704839,-0.419341535987884,-0.520504339822029,0.407432370549528,-0.430843144269801,-0.908727500681237,-0.569715727474056,0.453491060814606,0.113738740594282,0.29413365180594,-0.515618421481613,0.537916482839449,0.882768239674112,0.532023586684714,0.536354866360846,-0.956029611441846,-0.293280524556649,-0.101818398513318,-0.835512895164622,-0.0853022164685473,-0.0783282210230792,-0.380776231238929
"23","Main","C-13","C-13",2025,"FAGR",35.7,"I",3,3,3,"#595",25.9327505292506,-5.74354811839182,1124.13697743219,-0.0255882808484465,-0.0417511216239162,0.0599521941061149,1.34942304287262,0.0489881148454247,4.16255523342226,9.76077325112155,1124.14755573828,25.8903439657025,-5.80512988092263,296.794067382812,-81.291344,41.631888,"C-13","Bri, Rosana","OH","Lake","Upper Baldwin","Holden",90,237,3,"Flat","Upper","Tree #595","Main",2025,401.149965936881,1.04274800880156,10,0.431395649209316,5,0.611352359592247,0.0803393063779082,0.627762521523978,-0.861467959076079,-0.564456852261754,-0.340260267803296,0.553230478946869,-0.238130468220114,-0.638105426657386,0.549412759914453,-0.287238208503287,-0.847976944713939,-0.380223064595912,0.491068977690459,-0.0287441729029728,-0.791570693706287,0.203139205162852,-0.775915749581209,0.78112728791071,0.589095618322137,0.459426044861342,-0.729437642123206,-0.520310592840225,0.129048302795159,-0.842253085668538,-0.0962472271180637,-0.0890837580483882,0.623989936242531
"24","Main","C-13","C-13",2025,"FAGR",41.1,"C",3,4,4,"",25.9327505292506,-5.74354811839182,1124.13697743219,-0.0255882808484465,-0.0417511216239162,0.0599521941061149,1.34942304287262,0.0489881148454247,4.16255523342226,9.76077325112155,1124.14755573828,25.8903439657025,-5.80512988092263,296.794067382812,-81.291344,41.631888,"C-13","Bri, Rosana","OH","Lake","Upper Baldwin","Holden",90,237,3,"Flat","Upper","Tree #595","Main",2025,401.149965936881,1.04274800880156,10,0.431395649209316,5,0.611352359592247,0.0803393063779082,0.627762521523978,-0.861467959076079,-0.564456852261754,-0.340260267803296,0.553230478946869,-0.238130468220114,-0.638105426657386,0.549412759914453,-0.287238208503287,-0.847976944713939,-0.380223064595912,0.491068977690459,-0.0287441729029728,-0.791570693706287,0.203139205162852,-0.775915749581209,0.78112728791071,0.589095618322137,0.459426044861342,-0.729437642123206,-0.520310592840225,0.129048302795159,-0.842253085668538,-0.0962472271180637,-0.0890837580483882,0.867296541821001
"25","Main","C-13","C-13",2025,"FAGR",16.4,"I",5,4,2,"",25.9327505292506,-5.74354811839182,1124.13697743219,-0.0255882808484465,-0.0417511216239162,0.0599521941061149,1.34942304287262,0.0489881148454247,4.16255523342226,9.76077325112155,1124.14755573828,25.8903439657025,-5.80512988092263,296.794067382812,-81.291344,41.631888,"C-13","Bri, Rosana","OH","Lake","Upper Baldwin","Holden",90,237,3,"Flat","Upper","Tree #595","Main",2025,401.149965936881,1.04274800880156,10,0.431395649209316,5,0.611352359592247,0.0803393063779082,0.627762521523978,-0.861467959076079,-0.564456852261754,-0.340260267803296,0.553230478946869,-0.238130468220114,-0.638105426657386,0.549412759914453,-0.287238208503287,-0.847976944713939,-0.380223064595912,0.491068977690459,-0.0287441729029728,-0.791570693706287,0.203139205162852,-0.775915749581209,0.78112728791071,0.589095618322137,0.459426044861342,-0.729437642123206,-0.520310592840225,0.129048302795159,-0.842253085668538,-0.0962472271180637,-0.0890837580483882,-0.245605894806445
"26","Main","C-13","C-13",2025,"FAGR",26,"I",5,3,4,"second bud break",25.9327505292506,-5.74354811839182,1124.13697743219,-0.0255882808484465,-0.0417511216239162,0.0599521941061149,1.34942304287262,0.0489881148454247,4.16255523342226,9.76077325112155,1124.14755573828,25.8903439657025,-5.80512988092263,296.794067382812,-81.291344,41.631888,"C-13","Bri, Rosana","OH","Lake","Upper Baldwin","Holden",90,237,3,"Flat","Upper","Tree #595","Main",2025,401.149965936881,1.04274800880156,10,0.431395649209316,5,0.611352359592247,0.0803393063779082,0.627762521523978,-0.861467959076079,-0.564456852261754,-0.340260267803296,0.553230478946869,-0.238130468220114,-0.638105426657386,0.549412759914453,-0.287238208503287,-0.847976944713939,-0.380223064595912,0.491068977690459,-0.0287441729029728,-0.791570693706287,0.203139205162852,-0.775915749581209,0.78112728791071,0.589095618322137,0.459426044861342,-0.729437642123206,-0.520310592840225,0.129048302795159,-0.842253085668538,-0.0962472271180637,-0.0890837580483882,0.186939181777502
"27","Main","C-13","C-13",2025,"FAGR",39.8,"I",4,3,4,"vitis on top, second bud break",25.9327505292506,-5.74354811839182,1124.13697743219,-0.0255882808484465,-0.0417511216239162,0.0599521941061149,1.34942304287262,0.0489881148454247,4.16255523342226,9.76077325112155,1124.14755573828,25.8903439657025,-5.80512988092263,296.794067382812,-81.291344,41.631888,"C-13","Bri, Rosana","OH","Lake","Upper Baldwin","Holden",90,237,3,"Flat","Upper","Tree #595","Main",2025,401.149965936881,1.04274800880156,10,0.431395649209316,5,0.611352359592247,0.0803393063779082,0.627762521523978,-0.861467959076079,-0.564456852261754,-0.340260267803296,0.553230478946869,-0.238130468220114,-0.638105426657386,0.549412759914453,-0.287238208503287,-0.847976944713939,-0.380223064595912,0.491068977690459,-0.0287441729029728,-0.791570693706287,0.203139205162852,-0.775915749581209,0.78112728791071,0.589095618322137,0.459426044861342,-0.729437642123206,-0.520310592840225,0.129048302795159,-0.842253085668538,-0.0962472271180637,-0.0890837580483882,0.808722729366925
"28","Main","C-14","C-14",2025,"FAGR",25.3,"I",5,3,3,"#451",25.8298196162658,-5.83093750351954,1145.57234404876,0.111909369517517,0.0108134863868026,-0.0680732841433699,0.847114585301483,0.112668817363707,0.0963281200377242,9.8339185702836,1130.61145695106,26.0030404856798,-5.78087752300663,277.760528564453,-81.29294667,41.62782667,"C-14","Bri, Rosana","OH","Lake","Upper Baldwin","Holden",110,14,8,"Convex","Upper","Tree #451","Main",2025,401.149965936881,1.66728798895542,18,0.680265550643229,9,0.987022438312188,-0.515548355538301,-0.0782863344211869,-0.0983027992210435,1.29987225618799,0.40831942223582,-0.929167974494474,-0.367287590345202,0.45097933638137,-1.44860167140997,0.387964194843233,-0.565127760008504,0.549148660899707,0.696107214577198,-0.81890387416106,0.25514962540371,0.817056376556924,-0.250380219695097,0.020057871782687,-1.19624390944656,-1.69907373580876,0.462033523069478,-0.443325701857564,-0.851413503925768,0.890726922068425,-0.0520184920789259,-0.0915451307763768,0.155399436609922
"29","Main","C-14","C-14",2025,"FAGR",37.8,"C",3,2,2,"some leaves browning",25.8298196162658,-5.83093750351954,1145.57234404876,0.111909369517517,0.0108134863868026,-0.0680732841433699,0.847114585301483,0.112668817363707,0.0963281200377242,9.8339185702836,1130.61145695106,26.0030404856798,-5.78087752300663,277.760528564453,-81.29294667,41.62782667,"C-14","Bri, Rosana","OH","Lake","Upper Baldwin","Holden",110,14,8,"Convex","Upper","Tree #451","Main",2025,401.149965936881,1.66728798895542,18,0.680265550643229,9,0.987022438312188,-0.515548355538301,-0.0782863344211869,-0.0983027992210435,1.29987225618799,0.40831942223582,-0.929167974494474,-0.367287590345202,0.45097933638137,-1.44860167140997,0.387964194843233,-0.565127760008504,0.549148660899707,0.696107214577198,-0.81890387416106,0.25514962540371,0.817056376556924,-0.250380219695097,0.020057871782687,-1.19624390944656,-1.69907373580876,0.462033523069478,-0.443325701857564,-0.851413503925768,0.890726922068425,-0.0520184920789259,-0.0915451307763768,0.71860917174527
"30","Main","C-14","C-14",2025,"FAGR",29.2,"C",3,2,2,"",25.8298196162658,-5.83093750351954,1145.57234404876,0.111909369517517,0.0108134863868026,-0.0680732841433699,0.847114585301483,0.112668817363707,0.0963281200377242,9.8339185702836,1130.61145695106,26.0030404856798,-5.78087752300663,277.760528564453,-81.29294667,41.62782667,"C-14","Bri, Rosana","OH","Lake","Upper Baldwin","Holden",110,14,8,"Convex","Upper","Tree #451","Main",2025,401.149965936881,1.66728798895542,18,0.680265550643229,9,0.987022438312188,-0.515548355538301,-0.0782863344211869,-0.0983027992210435,1.29987225618799,0.40831942223582,-0.929167974494474,-0.367287590345202,0.45097933638137,-1.44860167140997,0.387964194843233,-0.565127760008504,0.549148660899707,0.696107214577198,-0.81890387416106,0.25514962540371,0.817056376556924,-0.250380219695097,0.020057871782687,-1.19624390944656,-1.69907373580876,0.462033523069478,-0.443325701857564,-0.851413503925768,0.890726922068425,-0.0520184920789259,-0.0915451307763768,0.331120873972151
"31","Main","C-14","C-14",2025,"FAGR",26.1,"C",3,3,4,"",25.8298196162658,-5.83093750351954,1145.57234404876,0.111909369517517,0.0108134863868026,-0.0680732841433699,0.847114585301483,0.112668817363707,0.0963281200377242,9.8339185702836,1130.61145695106,26.0030404856798,-5.78087752300663,277.760528564453,-81.29294667,41.62782667,"C-14","Bri, Rosana","OH","Lake","Upper Baldwin","Holden",110,14,8,"Convex","Upper","Tree #451","Main",2025,401.149965936881,1.66728798895542,18,0.680265550643229,9,0.987022438312188,-0.515548355538301,-0.0782863344211869,-0.0983027992210435,1.29987225618799,0.40831942223582,-0.929167974494474,-0.367287590345202,0.45097933638137,-1.44860167140997,0.387964194843233,-0.565127760008504,0.549148660899707,0.696107214577198,-0.81890387416106,0.25514962540371,0.817056376556924,-0.250380219695097,0.020057871782687,-1.19624390944656,-1.69907373580876,0.462033523069478,-0.443325701857564,-0.851413503925768,0.890726922068425,-0.0520184920789259,-0.0915451307763768,0.191444859658584
"32","Main","C-14","C-14",2025,"FAGR",38.8,"C",3,2,2,"",25.8298196162658,-5.83093750351954,1145.57234404876,0.111909369517517,0.0108134863868026,-0.0680732841433699,0.847114585301483,0.112668817363707,0.0963281200377242,9.8339185702836,1130.61145695106,26.0030404856798,-5.78087752300663,277.760528564453,-81.29294667,41.62782667,"C-14","Bri, Rosana","OH","Lake","Upper Baldwin","Holden",110,14,8,"Convex","Upper","Tree #451","Main",2025,401.149965936881,1.66728798895542,18,0.680265550643229,9,0.987022438312188,-0.515548355538301,-0.0782863344211869,-0.0983027992210435,1.29987225618799,0.40831942223582,-0.929167974494474,-0.367287590345202,0.45097933638137,-1.44860167140997,0.387964194843233,-0.565127760008504,0.549148660899707,0.696107214577198,-0.81890387416106,0.25514962540371,0.817056376556924,-0.250380219695097,0.020057871782687,-1.19624390944656,-1.69907373580876,0.462033523069478,-0.443325701857564,-0.851413503925768,0.890726922068425,-0.0520184920789259,-0.0915451307763768,0.763665950556097
"33","Main","C-14","C-14",2025,"FAGR",29.8,"C",3,2,2,"",25.8298196162658,-5.83093750351954,1145.57234404876,0.111909369517517,0.0108134863868026,-0.0680732841433699,0.847114585301483,0.112668817363707,0.0963281200377242,9.8339185702836,1130.61145695106,26.0030404856798,-5.78087752300663,277.760528564453,-81.29294667,41.62782667,"C-14","Bri, Rosana","OH","Lake","Upper Baldwin","Holden",110,14,8,"Convex","Upper","Tree #451","Main",2025,401.149965936881,1.66728798895542,18,0.680265550643229,9,0.987022438312188,-0.515548355538301,-0.0782863344211869,-0.0983027992210435,1.29987225618799,0.40831942223582,-0.929167974494474,-0.367287590345202,0.45097933638137,-1.44860167140997,0.387964194843233,-0.565127760008504,0.549148660899707,0.696107214577198,-0.81890387416106,0.25514962540371,0.817056376556924,-0.250380219695097,0.020057871782687,-1.19624390944656,-1.69907373580876,0.462033523069478,-0.443325701857564,-0.851413503925768,0.890726922068425,-0.0520184920789259,-0.0915451307763768,0.358154941258647
"34","Main","C-14","C-14",2025,"FAGR",34.7,"C",3,2,2,"",25.8298196162658,-5.83093750351954,1145.57234404876,0.111909369517517,0.0108134863868026,-0.0680732841433699,0.847114585301483,0.112668817363707,0.0963281200377242,9.8339185702836,1130.61145695106,26.0030404856798,-5.78087752300663,277.760528564453,-81.29294667,41.62782667,"C-14","Bri, Rosana","OH","Lake","Upper Baldwin","Holden",110,14,8,"Convex","Upper","Tree #451","Main",2025,401.149965936881,1.66728798895542,18,0.680265550643229,9,0.987022438312188,-0.515548355538301,-0.0782863344211869,-0.0983027992210435,1.29987225618799,0.40831942223582,-0.929167974494474,-0.367287590345202,0.45097933638137,-1.44860167140997,0.387964194843233,-0.565127760008504,0.549148660899707,0.696107214577198,-0.81890387416106,0.25514962540371,0.817056376556924,-0.250380219695097,0.020057871782687,-1.19624390944656,-1.69907373580876,0.462033523069478,-0.443325701857564,-0.851413503925768,0.890726922068425,-0.0520184920789259,-0.0915451307763768,0.578933157431704
"35","Main","C-14","C-14",2025,"FAGR",30.9,"I",2,2,1,"",25.8298196162658,-5.83093750351954,1145.57234404876,0.111909369517517,0.0108134863868026,-0.0680732841433699,0.847114585301483,0.112668817363707,0.0963281200377242,9.8339185702836,1130.61145695106,26.0030404856798,-5.78087752300663,277.760528564453,-81.29294667,41.62782667,"C-14","Bri, Rosana","OH","Lake","Upper Baldwin","Holden",110,14,8,"Convex","Upper","Tree #451","Main",2025,401.149965936881,1.66728798895542,18,0.680265550643229,9,0.987022438312188,-0.515548355538301,-0.0782863344211869,-0.0983027992210435,1.29987225618799,0.40831942223582,-0.929167974494474,-0.367287590345202,0.45097933638137,-1.44860167140997,0.387964194843233,-0.565127760008504,0.549148660899707,0.696107214577198,-0.81890387416106,0.25514962540371,0.817056376556924,-0.250380219695097,0.020057871782687,-1.19624390944656,-1.69907373580876,0.462033523069478,-0.443325701857564,-0.851413503925768,0.890726922068425,-0.0520184920789259,-0.0915451307763768,0.407717397950558
"36","Main","C-14","C-14",2025,"FAGR",22.5,"S",4,2,2,"",25.8298196162658,-5.83093750351954,1145.57234404876,0.111909369517517,0.0108134863868026,-0.0680732841433699,0.847114585301483,0.112668817363707,0.0963281200377242,9.8339185702836,1130.61145695106,26.0030404856798,-5.78087752300663,277.760528564453,-81.29294667,41.62782667,"C-14","Bri, Rosana","OH","Lake","Upper Baldwin","Holden",110,14,8,"Convex","Upper","Tree #451","Main",2025,401.149965936881,1.66728798895542,18,0.680265550643229,9,0.987022438312188,-0.515548355538301,-0.0782863344211869,-0.0983027992210435,1.29987225618799,0.40831942223582,-0.929167974494474,-0.367287590345202,0.45097933638137,-1.44860167140997,0.387964194843233,-0.565127760008504,0.549148660899707,0.696107214577198,-0.81890387416106,0.25514962540371,0.817056376556924,-0.250380219695097,0.020057871782687,-1.19624390944656,-1.69907373580876,0.462033523069478,-0.443325701857564,-0.851413503925768,0.890726922068425,-0.0520184920789259,-0.0915451307763768,0.0292404559396042
"37","Main","C-15","C-15",2025,"FAGR",20.2,"S",5,4,3,"#639",25.6781916199405,-5.90789250328409,1163.67504614175,0.183874175825853,-0.0200174108530508,-0.0693157458701227,-1.09879629998591,0.186031731155053,6.17474762469567,9.83041936141128,1137.10274843151,25.978263545003,-5.80215572875424,281.350952148438,-81.2895232,41.6263138,"C-15","Bri, Rosana","OH","Lake","Upper Baldwin","Holden",180,339,14,"Convex","Lower","Tree #639","Main",2025,401.149965936881,2.85357850769215,14,0.179950427197623,5,2.67362808049453,-1.39335318201125,-0.700032207373733,0.546209225403031,2.27564226263889,-0.0307475540599232,-0.943554355763124,-0.867634032988982,1.70565192042427,1.53813998155237,0.355663095231274,-0.281080024362348,0.344821250311168,0.516213539672914,-0.669850770921261,2.24335603297968,-0.41713081772284,2.10906025768715,-2.12160437430553,0.718811440338691,-3.17348533146481,0.448355834723571,0.428557068025529,0.143278019079905,-0.381292952902324,0.0778462480985642,-0.0570269399669362,-0.0743901353252997
"38","Main","C-15","C-15",2025,"FAGR",16.7,"S",5,3,3,"",25.6781916199405,-5.90789250328409,1163.67504614175,0.183874175825853,-0.0200174108530508,-0.0693157458701227,-1.09879629998591,0.186031731155053,6.17474762469567,9.83041936141128,1137.10274843151,25.978263545003,-5.80215572875424,281.350952148438,-81.2895232,41.6263138,"C-15","Bri, Rosana","OH","Lake","Upper Baldwin","Holden",180,339,14,"Convex","Lower","Tree #639","Main",2025,401.149965936881,2.85357850769215,14,0.179950427197623,5,2.67362808049453,-1.39335318201125,-0.700032207373733,0.546209225403031,2.27564226263889,-0.0307475540599232,-0.943554355763124,-0.867634032988982,1.70565192042427,1.53813998155237,0.355663095231274,-0.281080024362348,0.344821250311168,0.516213539672914,-0.669850770921261,2.24335603297968,-0.41713081772284,2.10906025768715,-2.12160437430553,0.718811440338691,-3.17348533146481,0.448355834723571,0.428557068025529,0.143278019079905,-0.381292952902324,0.0778462480985642,-0.0570269399669362,-0.232088861163197
"39","Main","C-15","C-15",2025,"FAGR",27.7,"S",3,3,4,"",25.6781916199405,-5.90789250328409,1163.67504614175,0.183874175825853,-0.0200174108530508,-0.0693157458701227,-1.09879629998591,0.186031731155053,6.17474762469567,9.83041936141128,1137.10274843151,25.978263545003,-5.80215572875424,281.350952148438,-81.2895232,41.6263138,"C-15","Bri, Rosana","OH","Lake","Upper Baldwin","Holden",180,339,14,"Convex","Lower","Tree #639","Main",2025,401.149965936881,2.85357850769215,14,0.179950427197623,5,2.67362808049453,-1.39335318201125,-0.700032207373733,0.546209225403031,2.27564226263889,-0.0307475540599232,-0.943554355763124,-0.867634032988982,1.70565192042427,1.53813998155237,0.355663095231274,-0.281080024362348,0.344821250311168,0.516213539672914,-0.669850770921261,2.24335603297968,-0.41713081772284,2.10906025768715,-2.12160437430553,0.718811440338691,-3.17348533146481,0.448355834723571,0.428557068025529,0.143278019079905,-0.381292952902324,0.0778462480985642,-0.0570269399669362,0.263535705755909
"40","Main","C-15","C-15",2025,"FAGR",24.3,"S",5,2,4,"",25.6781916199405,-5.90789250328409,1163.67504614175,0.183874175825853,-0.0200174108530508,-0.0693157458701227,-1.09879629998591,0.186031731155053,6.17474762469567,9.83041936141128,1137.10274843151,25.978263545003,-5.80215572875424,281.350952148438,-81.2895232,41.6263138,"C-15","Bri, Rosana","OH","Lake","Upper Baldwin","Holden",180,339,14,"Convex","Lower","Tree #639","Main",2025,401.149965936881,2.85357850769215,14,0.179950427197623,5,2.67362808049453,-1.39335318201125,-0.700032207373733,0.546209225403031,2.27564226263889,-0.0307475540599232,-0.943554355763124,-0.867634032988982,1.70565192042427,1.53813998155237,0.355663095231274,-0.281080024362348,0.344821250311168,0.516213539672914,-0.669850770921261,2.24335603297968,-0.41713081772284,2.10906025768715,-2.12160437430553,0.718811440338691,-3.17348533146481,0.448355834723571,0.428557068025529,0.143278019079905,-0.381292952902324,0.0778462480985642,-0.0570269399669362,0.110342657799094
"41","Main","C-15","C-15",2025,"FAGR",15.7,"S",4,2,2,"",25.6781916199405,-5.90789250328409,1163.67504614175,0.183874175825853,-0.0200174108530508,-0.0693157458701227,-1.09879629998591,0.186031731155053,6.17474762469567,9.83041936141128,1137.10274843151,25.978263545003,-5.80215572875424,281.350952148438,-81.2895232,41.6263138,"C-15","Bri, Rosana","OH","Lake","Upper Baldwin","Holden",180,339,14,"Convex","Lower","Tree #639","Main",2025,401.149965936881,2.85357850769215,14,0.179950427197623,5,2.67362808049453,-1.39335318201125,-0.700032207373733,0.546209225403031,2.27564226263889,-0.0307475540599232,-0.943554355763124,-0.867634032988982,1.70565192042427,1.53813998155237,0.355663095231274,-0.281080024362348,0.344821250311168,0.516213539672914,-0.669850770921261,2.24335603297968,-0.41713081772284,2.10906025768715,-2.12160437430553,0.718811440338691,-3.17348533146481,0.448355834723571,0.428557068025529,0.143278019079905,-0.381292952902324,0.0778462480985642,-0.0570269399669362,-0.277145639974025
"42","Main","C-16","C-16",2025,"FAGR",26.4,"S",3,3,2,"#616",25.8491435946909,-5.91582704942134,1143.41845210512,0.0710917140859276,-0.0265712212341772,-0.00549190522225166,-5.70074556872866,0.0759681192830828,5.92550242310699,9.82867525593127,1135.1271388532,25.9803311765822,-5.79834388417998,276.291137695312,-81.2904717,41.626733,"C-16","Bri, Rosana","OH","Lake","Upper Baldwin","Holden",160,16,6,"Flat","Summit","Tree #616","Main",2025,401.149965936881,2.11675407910818,17,0.157060783123568,3,1.95969329598461,-0.403677975797746,-0.764138130701396,-0.174987995181622,0.746426121237738,-0.124081253850442,-0.204542371877241,-2.05091994975516,-0.176686023639091,1.41566883180441,0.339563306136305,-0.367529297042508,0.361872338746187,0.548440257318251,-0.879904272524812,1.00844854022725,-0.4735954422644,1.11031663519797,-0.653278778720647,0.741260847376551,-1.91480985261251,-1.79191798580376,-0.06297639332367,0.865159414470543,-0.072473188096419,-0.0235806286307689,-0.0281480199527867,0.204961893301833
"43","Main","C-16","C-16",2025,"FAGR",31.4,"I",4,3,4,"",25.8491435946909,-5.91582704942134,1143.41845210512,0.0710917140859276,-0.0265712212341772,-0.00549190522225166,-5.70074556872866,0.0759681192830828,5.92550242310699,9.82867525593127,1135.1271388532,25.9803311765822,-5.79834388417998,276.291137695312,-81.2904717,41.626733,"C-16","Bri, Rosana","OH","Lake","Upper Baldwin","Holden",160,16,6,"Flat","Summit","Tree #616","Main",2025,401.149965936881,2.11675407910818,17,0.157060783123568,3,1.95969329598461,-0.403677975797746,-0.764138130701396,-0.174987995181622,0.746426121237738,-0.124081253850442,-0.204542371877241,-2.05091994975516,-0.176686023639091,1.41566883180441,0.339563306136305,-0.367529297042508,0.361872338746187,0.548440257318251,-0.879904272524812,1.00844854022725,-0.4735954422644,1.11031663519797,-0.653278778720647,0.741260847376551,-1.91480985261251,-1.79191798580376,-0.06297639332367,0.865159414470543,-0.072473188096419,-0.0235806286307689,-0.0281480199527867,0.430245787355972
"44","Main","C-16","C-16",2025,"FAGR",17.8,"S",5,4,4,"",25.8491435946909,-5.91582704942134,1143.41845210512,0.0710917140859276,-0.0265712212341772,-0.00549190522225166,-5.70074556872866,0.0759681192830828,5.92550242310699,9.82867525593127,1135.1271388532,25.9803311765822,-5.79834388417998,276.291137695312,-81.2904717,41.626733,"C-16","Bri, Rosana","OH","Lake","Upper Baldwin","Holden",160,16,6,"Flat","Summit","Tree #616","Main",2025,401.149965936881,2.11675407910818,17,0.157060783123568,3,1.95969329598461,-0.403677975797746,-0.764138130701396,-0.174987995181622,0.746426121237738,-0.124081253850442,-0.204542371877241,-2.05091994975516,-0.176686023639091,1.41566883180441,0.339563306136305,-0.367529297042508,0.361872338746187,0.548440257318251,-0.879904272524812,1.00844854022725,-0.4735954422644,1.11031663519797,-0.653278778720647,0.741260847376551,-1.91480985261251,-1.79191798580376,-0.06297639332367,0.865159414470543,-0.072473188096419,-0.0235806286307689,-0.0281480199527867,-0.182526404471286
"45","Main","C-17","C-17",2025,"FAGR",32,"C",5,4,4,"#606; white dots on trunk",25.8336477487694,-5.79228775448045,1144.712312977,-0.00730369848191421,-0.128668216222596,0.149123434670908,-0.515718553461568,0.129234780653366,4.6556860172346,9.73391488955792,1136.5163387845,25.8430057449927,-5.85922828588663,304.631896972656,-81.28594,41.6281158,"C-17","Bri, Rosana","OH","Lake","Upper Baldwin","Holden",130,261,8,"Convex","Upper","Tree #606","Main",2025,401.149965936881,1.97460250932039,17,0.728751320862407,8,1.24585118845798,-0.493386530087357,0.233978262151212,-0.128922557777103,-0.316536403795593,-1.57805836420521,1.58573831185729,-0.717708937002319,0.734294964041843,0.79172151324114,-0.535166995819626,-0.306740300579478,-0.770606049552508,0.0337014256106835,0.296636049152702,0.770204486654243,0.936662028884974,0.11170266116972,-0.468471983222658,2.34754655958904,0.336622935584805,-0.712060253858078,-0.209873466413761,-0.916525254905288,-0.35172885911596,-0.0307875322147739,-0.0690326544038426,0.457279854642468
"46","Main","C-17","C-17",2025,"FAGR",49.9,"C",5,4,4,"white dots on trunk",25.8336477487694,-5.79228775448045,1144.712312977,-0.00730369848191421,-0.128668216222596,0.149123434670908,-0.515718553461568,0.129234780653366,4.6556860172346,9.73391488955792,1136.5163387845,25.8430057449927,-5.85922828588663,304.631896972656,-81.28594,41.6281158,"C-17","Bri, Rosana","OH","Lake","Upper Baldwin","Holden",130,261,8,"Convex","Upper","Tree #606","Main",2025,401.149965936881,1.97460250932039,17,0.728751320862407,8,1.24585118845798,-0.493386530087357,0.233978262151212,-0.128922557777103,-0.316536403795593,-1.57805836420521,1.58573831185729,-0.717708937002319,0.734294964041843,0.79172151324114,-0.535166995819626,-0.306740300579478,-0.770606049552508,0.0337014256106835,0.296636049152702,0.770204486654243,0.936662028884974,0.11170266116972,-0.468471983222658,2.34754655958904,0.336622935584805,-0.712060253858078,-0.209873466413761,-0.916525254905288,-0.35172885911596,-0.0307875322147739,-0.0690326544038426,1.26379619535629
"47","Main","C-17","C-17",2025,"FAGR",54.7,"C",4,4,4,"",25.8336477487694,-5.79228775448045,1144.712312977,-0.00730369848191421,-0.128668216222596,0.149123434670908,-0.515718553461568,0.129234780653366,4.6556860172346,9.73391488955792,1136.5163387845,25.8430057449927,-5.85922828588663,304.631896972656,-81.28594,41.6281158,"C-17","Bri, Rosana","OH","Lake","Upper Baldwin","Holden",130,261,8,"Convex","Upper","Tree #606","Main",2025,401.149965936881,1.97460250932039,17,0.728751320862407,8,1.24585118845798,-0.493386530087357,0.233978262151212,-0.128922557777103,-0.316536403795593,-1.57805836420521,1.58573831185729,-0.717708937002319,0.734294964041843,0.79172151324114,-0.535166995819626,-0.306740300579478,-0.770606049552508,0.0337014256106835,0.296636049152702,0.770204486654243,0.936662028884974,0.11170266116972,-0.468471983222658,2.34754655958904,0.336622935584805,-0.712060253858078,-0.209873466413761,-0.916525254905288,-0.35172885911596,-0.0307875322147739,-0.0690326544038426,1.48006873364826
"48","Main","C-17","C-17",2025,"FAGR",42.8,"C",4,4,4,"",25.8336477487694,-5.79228775448045,1144.712312977,-0.00730369848191421,-0.128668216222596,0.149123434670908,-0.515718553461568,0.129234780653366,4.6556860172346,9.73391488955792,1136.5163387845,25.8430057449927,-5.85922828588663,304.631896972656,-81.28594,41.6281158,"C-17","Bri, Rosana","OH","Lake","Upper Baldwin","Holden",130,261,8,"Convex","Upper","Tree #606","Main",2025,401.149965936881,1.97460250932039,17,0.728751320862407,8,1.24585118845798,-0.493386530087357,0.233978262151212,-0.128922557777103,-0.316536403795593,-1.57805836420521,1.58573831185729,-0.717708937002319,0.734294964041843,0.79172151324114,-0.535166995819626,-0.306740300579478,-0.770606049552508,0.0337014256106835,0.296636049152702,0.770204486654243,0.936662028884974,0.11170266116972,-0.468471983222658,2.34754655958904,0.336622935584805,-0.712060253858078,-0.209873466413761,-0.916525254905288,-0.35172885911596,-0.0307875322147739,-0.0690326544038426,0.943893065799408
"49","Main","C-17","C-17",2025,"FAGR",16.4,"I",4,4,4,"",25.8336477487694,-5.79228775448045,1144.712312977,-0.00730369848191421,-0.128668216222596,0.149123434670908,-0.515718553461568,0.129234780653366,4.6556860172346,9.73391488955792,1136.5163387845,25.8430057449927,-5.85922828588663,304.631896972656,-81.28594,41.6281158,"C-17","Bri, Rosana","OH","Lake","Upper Baldwin","Holden",130,261,8,"Convex","Upper","Tree #606","Main",2025,401.149965936881,1.97460250932039,17,0.728751320862407,8,1.24585118845798,-0.493386530087357,0.233978262151212,-0.128922557777103,-0.316536403795593,-1.57805836420521,1.58573831185729,-0.717708937002319,0.734294964041843,0.79172151324114,-0.535166995819626,-0.306740300579478,-0.770606049552508,0.0337014256106835,0.296636049152702,0.770204486654243,0.936662028884974,0.11170266116972,-0.468471983222658,2.34754655958904,0.336622935584805,-0.712060253858078,-0.209873466413761,-0.916525254905288,-0.35172885911596,-0.0307875322147739,-0.0690326544038426,-0.245605894806445
"50","Main","C-17","C-17",2025,"FAGR",16.3,"I",2,3,3,"",25.8336477487694,-5.79228775448045,1144.712312977,-0.00730369848191421,-0.128668216222596,0.149123434670908,-0.515718553461568,0.129234780653366,4.6556860172346,9.73391488955792,1136.5163387845,25.8430057449927,-5.85922828588663,304.631896972656,-81.28594,41.6281158,"C-17","Bri, Rosana","OH","Lake","Upper Baldwin","Holden",130,261,8,"Convex","Upper","Tree #606","Main",2025,401.149965936881,1.97460250932039,17,0.728751320862407,8,1.24585118845798,-0.493386530087357,0.233978262151212,-0.128922557777103,-0.316536403795593,-1.57805836420521,1.58573831185729,-0.717708937002319,0.734294964041843,0.79172151324114,-0.535166995819626,-0.306740300579478,-0.770606049552508,0.0337014256106835,0.296636049152702,0.770204486654243,0.936662028884974,0.11170266116972,-0.468471983222658,2.34754655958904,0.336622935584805,-0.712060253858078,-0.209873466413761,-0.916525254905288,-0.35172885911596,-0.0307875322147739,-0.0690326544038426,-0.250111572687528
"51","Main","C-17","C-17",2025,"FAGR",13,"S",5,3,3,"second bud break",25.8336477487694,-5.79228775448045,1144.712312977,-0.00730369848191421,-0.128668216222596,0.149123434670908,-0.515718553461568,0.129234780653366,4.6556860172346,9.73391488955792,1136.5163387845,25.8430057449927,-5.85922828588663,304.631896972656,-81.28594,41.6281158,"C-17","Bri, Rosana","OH","Lake","Upper Baldwin","Holden",130,261,8,"Convex","Upper","Tree #606","Main",2025,401.149965936881,1.97460250932039,17,0.728751320862407,8,1.24585118845798,-0.493386530087357,0.233978262151212,-0.128922557777103,-0.316536403795593,-1.57805836420521,1.58573831185729,-0.717708937002319,0.734294964041843,0.79172151324114,-0.535166995819626,-0.306740300579478,-0.770606049552508,0.0337014256106835,0.296636049152702,0.770204486654243,0.936662028884974,0.11170266116972,-0.468471983222658,2.34754655958904,0.336622935584805,-0.712060253858078,-0.209873466413761,-0.916525254905288,-0.35172885911596,-0.0307875322147739,-0.0690326544038426,-0.39879894276326
"52","Main","C-17","C-17",2025,"FAGR",15.4,"S",6,4,4,"",25.8336477487694,-5.79228775448045,1144.712312977,-0.00730369848191421,-0.128668216222596,0.149123434670908,-0.515718553461568,0.129234780653366,4.6556860172346,9.73391488955792,1136.5163387845,25.8430057449927,-5.85922828588663,304.631896972656,-81.28594,41.6281158,"C-17","Bri, Rosana","OH","Lake","Upper Baldwin","Holden",130,261,8,"Convex","Upper","Tree #606","Main",2025,401.149965936881,1.97460250932039,17,0.728751320862407,8,1.24585118845798,-0.493386530087357,0.233978262151212,-0.128922557777103,-0.316536403795593,-1.57805836420521,1.58573831185729,-0.717708937002319,0.734294964041843,0.79172151324114,-0.535166995819626,-0.306740300579478,-0.770606049552508,0.0337014256106835,0.296636049152702,0.770204486654243,0.936662028884974,0.11170266116972,-0.468471983222658,2.34754655958904,0.336622935584805,-0.712060253858078,-0.209873466413761,-0.916525254905288,-0.35172885911596,-0.0307875322147739,-0.0690326544038426,-0.290662673617273
"53","Main","C-2","C-02",2025,"FAGR",23.7,"S",5,3,4,"",26.1537837926709,-5.65451137024066,1123.31981189353,0.0538970614016022,0.0572510188481518,-0.091444187902432,3.56325349582739,0.0787105835842595,0.815564586385387,10.0290026266667,1118.77434610409,26.2160183017213,-5.65400682444045,251.415191650391,-81.30395667,41.63015167,"C-2","Bri, Rosana","OH","Lake","Upper Baldwin","Holden",110,37,3,"Convex","Upper","Tree #659","Main",2025,401.149965936881,0.870097072134556,11,0.428496744588216,3,0.441600327546339,1.35994511891629,1.34712098911506,-0.890561572453207,0.513284017181779,1.06964260092308,-1.19977810664682,0.33110535862444,-0.129783650306576,-1.09519179064675,2.18877968424775,-1.08309934436899,2.305507778525,1.76871815148891,-1.91260608814345,-1.08093126190915,0.195988130184026,-1.01338668262562,2.69022105879515,-1.21520431179302,-1.38834836029125,1.07770869973591,-0.502396601145331,0.523046279596477,0.500572260115667,0.0905033819872798,0.0179955725814833,0.0833085905125976
"54","Main","C-2","C-02",2025,"FAGR",21.1,"S",6,3,3,"",26.1537837926709,-5.65451137024066,1123.31981189353,0.0538970614016022,0.0572510188481518,-0.091444187902432,3.56325349582739,0.0787105835842595,0.815564586385387,10.0290026266667,1118.77434610409,26.2160183017213,-5.65400682444045,251.415191650391,-81.30395667,41.63015167,"C-2","Bri, Rosana","OH","Lake","Upper Baldwin","Holden",110,37,3,"Convex","Upper","Tree #659","Main",2025,401.149965936881,0.870097072134556,11,0.428496744588216,3,0.441600327546339,1.35994511891629,1.34712098911506,-0.890561572453207,0.513284017181779,1.06964260092308,-1.19977810664682,0.33110535862444,-0.129783650306576,-1.09519179064675,2.18877968424775,-1.08309934436899,2.305507778525,1.76871815148891,-1.91260608814345,-1.08093126190915,0.195988130184026,-1.01338668262562,2.69022105879515,-1.21520431179302,-1.38834836029125,1.07770869973591,-0.502396601145331,0.523046279596477,0.500572260115667,0.0905033819872798,0.0179955725814833,-0.0338390343955546
"55","Main","C-2","C-02",2025,"FAGR",66.7,"C",2,3,2,"",26.1537837926709,-5.65451137024066,1123.31981189353,0.0538970614016022,0.0572510188481518,-0.091444187902432,3.56325349582739,0.0787105835842595,0.815564586385387,10.0290026266667,1118.77434610409,26.2160183017213,-5.65400682444045,251.415191650391,-81.30395667,41.63015167,"C-2","Bri, Rosana","OH","Lake","Upper Baldwin","Holden",110,37,3,"Convex","Upper","Tree #659","Main",2025,401.149965936881,0.870097072134556,11,0.428496744588216,3,0.441600327546339,1.35994511891629,1.34712098911506,-0.890561572453207,0.513284017181779,1.06964260092308,-1.19977810664682,0.33110535862444,-0.129783650306576,-1.09519179064675,2.18877968424775,-1.08309934436899,2.305507778525,1.76871815148891,-1.91260608814345,-1.08093126190915,0.195988130184026,-1.01338668262562,2.69022105879515,-1.21520431179302,-1.38834836029125,1.07770869973591,-0.502396601145331,0.523046279596477,0.500572260115667,0.0905033819872798,0.0179955725814833,2.02075007937819
"56","Main","C-3","C-03",2025,"FAGR",51.6,"I",4,2,4,"missing tag, should be #826",26.33568802297,-5.67276705128578,1102.17078606458,-0.105897540077962,-0.0191365943392421,0.0741958286054877,-4.86107717061696,0.107821514791184,3.32037185168668,9.99566661593592,1118.12631677337,26.1737925982639,-5.6662300128325,244.370727539062,-81.3029844,41.6308466,"C-3","Bri, Rosana","OH","Lake","Upper Baldwin","Holden",110,229,13,"Convex","Middle","Tree #826; S, E, & W microplots are in a floodplain. Floodplain is a quick dropoff ~5m from plot center","Main",2025,401.149965936881,1.71421003143127,16,0.328107936740918,3,1.38610209469035,2.41302512512983,1.19962707211851,-1.64353211717215,-1.65336920284462,-0.0182037269899335,0.718156570549569,-1.8350184410211,0.368079444187848,0.135590682689479,1.88105589793764,-1.11145599182161,1.95728606865879,1.66537888007782,-2.20505047858765,0.333790315886831,-0.0516529569789475,0.307903632444794,3.97636151225513,1.63868552784651,-0.657505577683402,-1.5162320752984,0.567209164174892,0.468002883895458,0.593287042611399,-0.0114613740511798,0.0441387642180158,1.34039271933469
"57","Main","C-3","C-03",2025,"FAGR",14.8,"I",5,4,3,"",26.33568802297,-5.67276705128578,1102.17078606458,-0.105897540077962,-0.0191365943392421,0.0741958286054877,-4.86107717061696,0.107821514791184,3.32037185168668,9.99566661593592,1118.12631677337,26.1737925982639,-5.6662300128325,244.370727539062,-81.3029844,41.6308466,"C-3","Bri, Rosana","OH","Lake","Upper Baldwin","Holden",110,229,13,"Convex","Middle","Tree #826; S, E, & W microplots are in a floodplain. Floodplain is a quick dropoff ~5m from plot center","Main",2025,401.149965936881,1.71421003143127,16,0.328107936740918,3,1.38610209469035,2.41302512512983,1.19962707211851,-1.64353211717215,-1.65336920284462,-0.0182037269899335,0.718156570549569,-1.8350184410211,0.368079444187848,0.135590682689479,1.88105589793764,-1.11145599182161,1.95728606865879,1.66537888007782,-2.20505047858765,0.333790315886831,-0.0516529569789475,0.307903632444794,3.97636151225513,1.63868552784651,-0.657505577683402,-1.5162320752984,0.567209164174892,0.468002883895458,0.593287042611399,-0.0114613740511798,0.0441387642180158,-0.31769674090377
"58","Main","C-3","C-03",2025,"FAGR",36,"C",3,3,2,"",26.33568802297,-5.67276705128578,1102.17078606458,-0.105897540077962,-0.0191365943392421,0.0741958286054877,-4.86107717061696,0.107821514791184,3.32037185168668,9.99566661593592,1118.12631677337,26.1737925982639,-5.6662300128325,244.370727539062,-81.3029844,41.6308466,"C-3","Bri, Rosana","OH","Lake","Upper Baldwin","Holden",110,229,13,"Convex","Middle","Tree #826; S, E, & W microplots are in a floodplain. Floodplain is a quick dropoff ~5m from plot center","Main",2025,401.149965936881,1.71421003143127,16,0.328107936740918,3,1.38610209469035,2.41302512512983,1.19962707211851,-1.64353211717215,-1.65336920284462,-0.0182037269899335,0.718156570549569,-1.8350184410211,0.368079444187848,0.135590682689479,1.88105589793764,-1.11145599182161,1.95728606865879,1.66537888007782,-2.20505047858765,0.333790315886831,-0.0516529569789475,0.307903632444794,3.97636151225513,1.63868552784651,-0.657505577683402,-1.5162320752984,0.567209164174892,0.468002883895458,0.593287042611399,-0.0114613740511798,0.0441387642180158,0.63750696988578
"59","Main","C-4","C-04",2025,"FAGR",39.3,"C",3,2,2,"#522",26.1604660676973,-5.72534046034863,1117.05145449381,-0.00994721457377802,-0.0273208462574019,0.035813798063065,-4.22103217918564,0.0290794436930318,4.36321842341854,9.97455385188216,1119.22002173032,26.1560133632752,-5.67845320122437,246.958602905273,-81.3019292,41.630603,"C-4","Bri, Rosana","OH","Lake","Upper Baldwin","Holden",110,244,4,"Concave","Middle","Tree #522","Main",2025,401.149965936881,0.688559355248706,9,0.272595209153823,6,0.415964146094883,1.39863014682768,0.774868444194632,-1.11373442797543,-0.352379809014516,-0.13475676516438,0.273733604949323,-1.67044552197535,-0.978588956941863,0.648012257254002,1.6861645611618,-1.06359734652394,1.81066647203975,1.56203960866825,-2.09761723426179,-1.38518595013975,-0.188592846054642,-1.0492498640886,2.42279482294481,0.955063266867555,-1.07781357050267,-1.61442939990528,-0.777895359780399,1.28324722738233,0.283727032154404,-0.0804393485330854,0.0108152887519234,0.786194339961511
"60","Main","C-4","C-04",2025,"FAGR",24,"S",3,4,3,"",26.1604660676973,-5.72534046034863,1117.05145449381,-0.00994721457377802,-0.0273208462574019,0.035813798063065,-4.22103217918564,0.0290794436930318,4.36321842341854,9.97455385188216,1119.22002173032,26.1560133632752,-5.67845320122437,246.958602905273,-81.3019292,41.630603,"C-4","Bri, Rosana","OH","Lake","Upper Baldwin","Holden",110,244,4,"Concave","Middle","Tree #522","Main",2025,401.149965936881,0.688559355248706,9,0.272595209153823,6,0.415964146094883,1.39863014682768,0.774868444194632,-1.11373442797543,-0.352379809014516,-0.13475676516438,0.273733604949323,-1.67044552197535,-0.978588956941863,0.648012257254002,1.6861645611618,-1.06359734652394,1.81066647203975,1.56203960866825,-2.09761723426179,-1.38518595013975,-0.188592846054642,-1.0492498640886,2.42279482294481,0.955063266867555,-1.07781357050267,-1.61442939990528,-0.777895359780399,1.28324722738233,0.283727032154404,-0.0804393485330854,0.0108152887519234,0.0968256241558459
"61","Main","C-4","C-04",2025,"FAGR",16.6,"S",4,4,3,"",26.1604660676973,-5.72534046034863,1117.05145449381,-0.00994721457377802,-0.0273208462574019,0.035813798063065,-4.22103217918564,0.0290794436930318,4.36321842341854,9.97455385188216,1119.22002173032,26.1560133632752,-5.67845320122437,246.958602905273,-81.3019292,41.630603,"C-4","Bri, Rosana","OH","Lake","Upper Baldwin","Holden",110,244,4,"Concave","Middle","Tree #522","Main",2025,401.149965936881,0.688559355248706,9,0.272595209153823,6,0.415964146094883,1.39863014682768,0.774868444194632,-1.11373442797543,-0.352379809014516,-0.13475676516438,0.273733604949323,-1.67044552197535,-0.978588956941863,0.648012257254002,1.6861645611618,-1.06359734652394,1.81066647203975,1.56203960866825,-2.09761723426179,-1.38518595013975,-0.188592846054642,-1.0492498640886,2.42279482294481,0.955063266867555,-1.07781357050267,-1.61442939990528,-0.777895359780399,1.28324722738233,0.283727032154404,-0.0804393485330854,0.0108152887519234,-0.23659453904428
"62","Main","C-4","C-04",2025,"FAGR",12.7,"S",3,3,4,"",26.1604660676973,-5.72534046034863,1117.05145449381,-0.00994721457377802,-0.0273208462574019,0.035813798063065,-4.22103217918564,0.0290794436930318,4.36321842341854,9.97455385188216,1119.22002173032,26.1560133632752,-5.67845320122437,246.958602905273,-81.3019292,41.630603,"C-4","Bri, Rosana","OH","Lake","Upper Baldwin","Holden",110,244,4,"Concave","Middle","Tree #522","Main",2025,401.149965936881,0.688559355248706,9,0.272595209153823,6,0.415964146094883,1.39863014682768,0.774868444194632,-1.11373442797543,-0.352379809014516,-0.13475676516438,0.273733604949323,-1.67044552197535,-0.978588956941863,0.648012257254002,1.6861645611618,-1.06359734652394,1.81066647203975,1.56203960866825,-2.09761723426179,-1.38518595013975,-0.188592846054642,-1.0492498640886,2.42279482294481,0.955063266867555,-1.07781357050267,-1.61442939990528,-0.777895359780399,1.28324722738233,0.283727032154404,-0.0804393485330854,0.0108152887519234,-0.412315976406508
"63","Main","C-4","C-04",2025,"FAGR",20.4,"S",5,4,2,"",26.1604660676973,-5.72534046034863,1117.05145449381,-0.00994721457377802,-0.0273208462574019,0.035813798063065,-4.22103217918564,0.0290794436930318,4.36321842341854,9.97455385188216,1119.22002173032,26.1560133632752,-5.67845320122437,246.958602905273,-81.3019292,41.630603,"C-4","Bri, Rosana","OH","Lake","Upper Baldwin","Holden",110,244,4,"Concave","Middle","Tree #522","Main",2025,401.149965936881,0.688559355248706,9,0.272595209153823,6,0.415964146094883,1.39863014682768,0.774868444194632,-1.11373442797543,-0.352379809014516,-0.13475676516438,0.273733604949323,-1.67044552197535,-0.978588956941863,0.648012257254002,1.6861645611618,-1.06359734652394,1.81066647203975,1.56203960866825,-2.09761723426179,-1.38518595013975,-0.188592846054642,-1.0492498640886,2.42279482294481,0.955063266867555,-1.07781357050267,-1.61442939990528,-0.777895359780399,1.28324722738233,0.283727032154404,-0.0804393485330854,0.0108152887519234,-0.0653787795631342
"64","Main","C-4","C-04",2025,"FAGR",22.3,"I",5,2,0,"",26.1604660676973,-5.72534046034863,1117.05145449381,-0.00994721457377802,-0.0273208462574019,0.035813798063065,-4.22103217918564,0.0290794436930318,4.36321842341854,9.97455385188216,1119.22002173032,26.1560133632752,-5.67845320122437,246.958602905273,-81.3019292,41.630603,"C-4","Bri, Rosana","OH","Lake","Upper Baldwin","Holden",110,244,4,"Concave","Middle","Tree #522","Main",2025,401.149965936881,0.688559355248706,9,0.272595209153823,6,0.415964146094883,1.39863014682768,0.774868444194632,-1.11373442797543,-0.352379809014516,-0.13475676516438,0.273733604949323,-1.67044552197535,-0.978588956941863,0.648012257254002,1.6861645611618,-1.06359734652394,1.81066647203975,1.56203960866825,-2.09761723426179,-1.38518595013975,-0.188592846054642,-1.0492498640886,2.42279482294481,0.955063266867555,-1.07781357050267,-1.61442939990528,-0.777895359780399,1.28324722738233,0.283727032154404,-0.0804393485330854,0.0108152887519234,0.0202291001774387
"65","Main","C-5","C-05",2025,"FAGR",36.7,"C",3,2,2,"#697; vitis in canopy",26.2807581472876,-5.6426326507682,1109.66497532625,-0.104554293269211,-0.080936217801312,0.143418478520787,-3.37129788420793,0.132608856772986,3.80034461844575,9.94788507720892,1119.89212368908,26.1293445085888,-5.691787588561,251.124542236328,-81.3008515,41.6305533,"C-5","Bri, Tonya, Rosana","OH","Lake","Upper Baldwin","Holden",110,166,1,"Flat","Middle","Tree #697","Main",2025,401.149965936881,1.46023032954629,9,0.330585082548274,2,1.12964524699802,2.09502507790818,1.44309324342679,-1.37671586680556,-1.63515613433966,-0.898300520755366,1.51968100600282,-1.45195579826854,0.791999335160489,0.371434005722441,1.43998584514875,-1.03418732232705,1.59073705894091,1.44930585803926,-1.92467212885077,-0.0918761315021976,-0.0455422849433959,-0.0508611267932869,3.50030943914755,2.72720776968927,-0.174671417736174,-1.10684798619058,0.289959477446946,-0.0296789227775531,0.451102932384126,-0.0744042919190266,0.0339284878386358,0.669046715053359
"66","Main","C-5","C-05",2025,"FAGR",53.5,"C",3,3,3,"vitis",26.2807581472876,-5.6426326507682,1109.66497532625,-0.104554293269211,-0.080936217801312,0.143418478520787,-3.37129788420793,0.132608856772986,3.80034461844575,9.94788507720892,1119.89212368908,26.1293445085888,-5.691787588561,251.124542236328,-81.3008515,41.6305533,"C-5","Bri, Tonya, Rosana","OH","Lake","Upper Baldwin","Holden",110,166,1,"Flat","Middle","Tree #697","Main",2025,401.149965936881,1.46023032954629,9,0.330585082548274,2,1.12964524699802,2.09502507790818,1.44309324342679,-1.37671586680556,-1.63515613433966,-0.898300520755366,1.51968100600282,-1.45195579826854,0.791999335160489,0.371434005722441,1.43998584514875,-1.03418732232705,1.59073705894091,1.44930585803926,-1.92467212885077,-0.0918761315021976,-0.0455422849433959,-0.0508611267932869,3.50030943914755,2.72720776968927,-0.174671417736174,-1.10684798619058,0.289959477446946,-0.0296789227775531,0.451102932384126,-0.0744042919190266,0.0339284878386358,1.42600059907527
"67","Main","PB-1","PB-01",2025,"FAGR",44.5,"C",4,4,4,"",25.9133391978283,-5.79132916732061,1162.50002276833,0.059282664128865,-0.0594808962904791,0.0376162300977299,4.74724562781339,0.0840776591408861,5.49611801246928,9.82629874650073,1146.74764964225,26.0014138541526,-5.8737014265838,295.075439453125,-81.3063583,41.6103517,"PB-1","Bri, Rosana","OH","Lake","Aborertum/Mike's Plot","Holden",110,312,6,"Convex","Middle","Tree is 315 degrees NW of Mikes plot center.","Main",2025,401.149965936881,1.03620956909128,8,0.890172634589158,5,0.146036934502122,-0.0320367773514158,0.241723017038082,0.504374769447593,0.586307344520526,-0.592752386105646,0.294603844976184,0.635541834023428,-0.0379944586103687,1.20468301494831,0.317625813792857,0.1409642418199,0.535734357161794,-0.0886597592703843,-0.100091416547723,-0.802529027708122,1.33485930286171,-1.42685869750553,-0.66217195041949,1.00494982458459,-0.0204260497834502,0.697203574953933,-0.475150059286259,0.783389046560196,-0.482128347752756,0.0388998469318454,0.162203888165399,1.02048958977782
"68","Main","PB-1","PB-01",2025,"FAGR",90.3,"D",3,2,3,"#PB41",25.9133391978283,-5.79132916732061,1162.50002276833,0.059282664128865,-0.0594808962904791,0.0376162300977299,4.74724562781339,0.0840776591408861,5.49611801246928,9.82629874650073,1146.74764964225,26.0014138541526,-5.8737014265838,295.075439453125,-81.3063583,41.6103517,"PB-1","Bri, Rosana","OH","Lake","Aborertum/Mike's Plot","Holden",110,312,6,"Convex","Middle","Tree is 315 degrees NW of Mikes plot center.","Main",2025,401.149965936881,1.03620956909128,8,0.890172634589158,5,0.146036934502122,-0.0320367773514158,0.241723017038082,0.504374769447593,0.586307344520526,-0.592752386105646,0.294603844976184,0.635541834023428,-0.0379944586103687,1.20468301494831,0.317625813792857,0.1409642418199,0.535734357161794,-0.0886597592703843,-0.100091416547723,-0.802529027708122,1.33485930286171,-1.42685869750553,-0.66217195041949,1.00494982458459,-0.0204260497834502,0.697203574953933,-0.475150059286259,0.783389046560196,-0.482128347752756,0.0388998469318454,0.162203888165399,3.08409005931373
"69","Main","PB-1","PB-01",2025,"FAGR",15,"S",6,0,0,"second bud break",25.9133391978283,-5.79132916732061,1162.50002276833,0.059282664128865,-0.0594808962904791,0.0376162300977299,4.74724562781339,0.0840776591408861,5.49611801246928,9.82629874650073,1146.74764964225,26.0014138541526,-5.8737014265838,295.075439453125,-81.3063583,41.6103517,"PB-1","Bri, Rosana","OH","Lake","Aborertum/Mike's Plot","Holden",110,312,6,"Convex","Middle","Tree is 315 degrees NW of Mikes plot center.","Main",2025,401.149965936881,1.03620956909128,8,0.890172634589158,5,0.146036934502122,-0.0320367773514158,0.241723017038082,0.504374769447593,0.586307344520526,-0.592752386105646,0.294603844976184,0.635541834023428,-0.0379944586103687,1.20468301494831,0.317625813792857,0.1409642418199,0.535734357161794,-0.0886597592703843,-0.100091416547723,-0.802529027708122,1.33485930286171,-1.42685869750553,-0.66217195041949,1.00494982458459,-0.0204260497834502,0.697203574953933,-0.475150059286259,0.783389046560196,-0.482128347752756,0.0388998469318454,0.162203888165399,-0.308685385141604
"70","Main","PB-1","PB-01",2025,"FAGR",18.7,"I",5,1,0,"second bud break",25.9133391978283,-5.79132916732061,1162.50002276833,0.059282664128865,-0.0594808962904791,0.0376162300977299,4.74724562781339,0.0840776591408861,5.49611801246928,9.82629874650073,1146.74764964225,26.0014138541526,-5.8737014265838,295.075439453125,-81.3063583,41.6103517,"PB-1","Bri, Rosana","OH","Lake","Aborertum/Mike's Plot","Holden",110,312,6,"Convex","Middle","Tree is 315 degrees NW of Mikes plot center.","Main",2025,401.149965936881,1.03620956909128,8,0.890172634589158,5,0.146036934502122,-0.0320367773514158,0.241723017038082,0.504374769447593,0.586307344520526,-0.592752386105646,0.294603844976184,0.635541834023428,-0.0379944586103687,1.20468301494831,0.317625813792857,0.1409642418199,0.535734357161794,-0.0886597592703843,-0.100091416547723,-0.802529027708122,1.33485930286171,-1.42685869750553,-0.66217195041949,1.00494982458459,-0.0204260497834502,0.697203574953933,-0.475150059286259,0.783389046560196,-0.482128347752756,0.0388998469318454,0.162203888165399,-0.141975303541541
"71","Main","PB-1","PB-01",2025,"FAGR",25,"C",4,2,3,"recent light gap changed crown class",25.9133391978283,-5.79132916732061,1162.50002276833,0.059282664128865,-0.0594808962904791,0.0376162300977299,4.74724562781339,0.0840776591408861,5.49611801246928,9.82629874650073,1146.74764964225,26.0014138541526,-5.8737014265838,295.075439453125,-81.3063583,41.6103517,"PB-1","Bri, Rosana","OH","Lake","Aborertum/Mike's Plot","Holden",110,312,6,"Convex","Middle","Tree is 315 degrees NW of Mikes plot center.","Main",2025,401.149965936881,1.03620956909128,8,0.890172634589158,5,0.146036934502122,-0.0320367773514158,0.241723017038082,0.504374769447593,0.586307344520526,-0.592752386105646,0.294603844976184,0.635541834023428,-0.0379944586103687,1.20468301494831,0.317625813792857,0.1409642418199,0.535734357161794,-0.0886597592703843,-0.100091416547723,-0.802529027708122,1.33485930286171,-1.42685869750553,-0.66217195041949,1.00494982458459,-0.0204260497834502,0.697203574953933,-0.475150059286259,0.783389046560196,-0.482128347752756,0.0388998469318454,0.162203888165399,0.141882402966674
"72","Main","PC-1","PC-01",2025,"FAGR",5.9,"S",3,1,0,"second bud break",25.9603949981802,-5.75000716925654,1150.69308871993,0.00408093338009947,0.00460386755337752,-0.00724002857147261,8.42703457522547,0.00615224278150481,0.845538122070286,9.810741887094,1145.76504164207,25.9380759887432,-5.88925821180992,302.428192138672,-81.310405,41.609095,"PC-1","Bri, Rosana","OH","Lake","Pierson Creek","Holden",NA,305,3,"Concave","Middle","No basal area recorded. ","Main",2025,401.149965936881,1.62648105657978,8,0.00273397100678652,1,1.62374708557299,0.240378671401378,0.575577631255409,0.0840115038396463,-0.162172307297617,0.319887400814895,-0.224783775266181,1.58171533222328,-1.37069620740292,-1.08046375033166,0.174020878025523,0.0979670080152623,0.0134074807276549,-0.220182468337982,0.205151287968815,0.186757774384649,-0.854291860027711,0.640351951549264,0.576578840931929,-1.39498343279384,1.35467597161761,1.00111540902239,-1.05062592865179,0.257694652240524,0.0614694817733654,-0.158645758562197,-0.0284865495065272,-0.718702072320137
"73","Main","PC-11","PC-11",2025,"FAGR",2,"S",5,3,3,"",25.9530708810007,-5.76263827039526,1147.47097689081,0.00931313177650321,0.0037421465762741,-0.00887307528904586,6.88359241571008,0.0100370049012215,0.382069177011643,9.82629874650073,1142.67249728837,25.9436320743934,-5.8737014265838,301.518310546875,-81.3111625,41.6103619,"PC-11","Bri, Rosana","OH","Lake","Pierson Creek","Holden",160,34,1,"Flat","Upper","Next to tree #813.","Main",2025,401.149965936881,1.4842454491885,13,0.0137923771474226,2,1.47045307204108,0.197977890769641,0.473526627059802,-0.0307056145155992,-0.091228987570793,0.307615515865068,-0.243692714030781,1.18485450998377,-1.30425794486336,-1.30819762128288,0.317625813792857,-0.0373574068102538,0.0592267208316646,-0.0886597592703843,0.167378398039325,-0.0516271250428095,-0.82701276609602,0.425904607474468,0.612764976001144,-1.46102902874125,1.11883776792047,0.69350483481735,-1.04326521647474,0.013222746241184,0.241681272387912,-0.0982624975648283,-0.012371730362944,-0.894423509682366
"74","Main","PC-11","PC-11",2025,"FAGR",13.1,"S",4,3,2,"#806",25.9530708810007,-5.76263827039526,1147.47097689081,0.00931313177650321,0.0037421465762741,-0.00887307528904586,6.88359241571008,0.0100370049012215,0.382069177011643,9.82629874650073,1142.67249728837,25.9436320743934,-5.8737014265838,301.518310546875,-81.3111625,41.6103619,"PC-11","Bri, Rosana","OH","Lake","Pierson Creek","Holden",160,34,1,"Flat","Upper","Next to tree #813.","Main",2025,401.149965936881,1.4842454491885,13,0.0137923771474226,2,1.47045307204108,0.197977890769641,0.473526627059802,-0.0307056145155992,-0.091228987570793,0.307615515865068,-0.243692714030781,1.18485450998377,-1.30425794486336,-1.30819762128288,0.317625813792857,-0.0373574068102538,0.0592267208316646,-0.0886597592703843,0.167378398039325,-0.0516271250428095,-0.82701276609602,0.425904607474468,0.612764976001144,-1.46102902874125,1.11883776792047,0.69350483481735,-1.04326521647474,0.013222746241184,0.241681272387912,-0.0982624975648283,-0.012371730362944,-0.394293264882177
"75","Main","PC-12","PC-12",2025,"FAGR",9.4,"S",3,2,1,"#854",25.9900370163691,-5.81933877080741,1139.04739103659,-0.011948300241144,0.0672625396489235,-0.0700618672229925,5.1470271836299,0.0683687763199885,1.746599260522,9.82185392952736,1143.35545168052,25.9391872721147,-5.8781462223627,301.006591796875,-81.3111793,41.610047,"PC-12","Bri, Rosana","OH","Lake","Pierson Creek","Holden",170,106,4,"Flat","Middle","Tree #854","Main",2025,401.149965936881,1.80891805436272,12,0.00693977817177985,1,1.80197827619094,0.411982248993961,0.0154238106936302,-0.33061124990693,-0.379512507269667,1.21221802232322,-0.952193645025676,0.738336510182426,-0.306652062060789,-0.637711019623109,0.276595832144888,-0.00747249881867365,0.0225718750203436,-0.126237676146914,0.14613486899899,0.492519644889375,-0.843916892129685,0.889684620051364,0.728045124252086,-1.64584289952088,0.283501477485117,0.505947944503374,0.527123586201488,0.285513646394351,-0.147964730160964,-0.057444220358978,0.0344373719931162,-0.56100334648224
"76","Main","PC-2","PC-02",2025,"FAGR",12.4,"S",6,3,2,"#525",26.0942957204169,-5.75765651063981,1134.77550915391,-0.0811282910806316,0.0453197317223067,-0.0107355535730732,6.7106949452956,0.0930626194350609,2.63215694683129,9.807408274364,1146.12069363215,25.9325200092411,-5.89259180864407,301.433135986328,-81.31055833,41.60884833,"PC-2","Bri, Rosana","OH","Lake","Pierson Creek","Holden",NA,159,5,"Convex","Upper","No basal area recorded. ","Main",2025,401.149965936881,1.61337040503818,14,0.0471113234332325,3,1.56625908160495,1.01555675919607,0.513775975087462,-0.482703419739804,-1.31752323182435,0.89972752771238,-0.265258225564586,1.14039788305493,0.115668785762362,-0.202576191272732,0.143248391789792,0.113529726584372,-0.0324108840073581,-0.248365905995172,0.163842455198697,0.1647845047759,-0.744820933577265,0.559930352016016,1.4853879550642,-0.614911918834009,1.11435728810191,0.754744457732276,0.977511891983366,0.32400737918078,-0.429843635738376,-0.136201265856523,0.0292430715108861,-0.425833010049757
"77","Main","PC-2","PC-02",2025,"FAGR",12.8,"S",5,3,4,"",26.0942957204169,-5.75765651063981,1134.77550915391,-0.0811282910806316,0.0453197317223067,-0.0107355535730732,6.7106949452956,0.0930626194350609,2.63215694683129,9.807408274364,1146.12069363215,25.9325200092411,-5.89259180864407,301.433135986328,-81.31055833,41.60884833,"PC-2","Bri, Rosana","OH","Lake","Pierson Creek","Holden",NA,159,5,"Convex","Upper","No basal area recorded. ","Main",2025,401.149965936881,1.61337040503818,14,0.0471113234332325,3,1.56625908160495,1.01555675919607,0.513775975087462,-0.482703419739804,-1.31752323182435,0.89972752771238,-0.265258225564586,1.14039788305493,0.115668785762362,-0.202576191272732,0.143248391789792,0.113529726584372,-0.0324108840073581,-0.248365905995172,0.163842455198697,0.1647845047759,-0.744820933577265,0.559930352016016,1.4853879550642,-0.614911918834009,1.11435728810191,0.754744457732276,0.977511891983366,0.32400737918078,-0.429843635738376,-0.136201265856523,0.0292430715108861,-0.407810298525425
"78","Main","PC-2","PC-02",2025,"FAGR",16.8,"S",5,4,3,"",26.0942957204169,-5.75765651063981,1134.77550915391,-0.0811282910806316,0.0453197317223067,-0.0107355535730732,6.7106949452956,0.0930626194350609,2.63215694683129,9.807408274364,1146.12069363215,25.9325200092411,-5.89259180864407,301.433135986328,-81.31055833,41.60884833,"PC-2","Bri, Rosana","OH","Lake","Pierson Creek","Holden",NA,159,5,"Convex","Upper","No basal area recorded. ","Main",2025,401.149965936881,1.61337040503818,14,0.0471113234332325,3,1.56625908160495,1.01555675919607,0.513775975087462,-0.482703419739804,-1.31752323182435,0.89972752771238,-0.265258225564586,1.14039788305493,0.115668785762362,-0.202576191272732,0.143248391789792,0.113529726584372,-0.0324108840073581,-0.248365905995172,0.163842455198697,0.1647845047759,-0.744820933577265,0.559930352016016,1.4853879550642,-0.614911918834009,1.11435728810191,0.754744457732276,0.977511891983366,0.32400737918078,-0.429843635738376,-0.136201265856523,0.0292430715108861,-0.227583183282114
"79","Main","PC-3","PC-03",2025,"FAGR",7.3,"S",3,2,0,"#981, second bud break",25.8625406754832,-5.84702251862785,1153.5822101863,0.0849316875065502,0.10285498667602,-0.158637671372578,8.11612747591071,0.133787434441171,0.880554910952106,9.817409112554,1145.28913887679,25.9525215091382,-5.8825910181416,297.897613525391,-81.3097518,41.6096504,"PC-3","Bri, Rosana","OH","Lake","Pierson Creek","Holden",NA,40,7,"Convex","Upper","Tree #981; No basal area recorded. ","Main",2025,401.149965936881,2.85091365172374,11,0.004185386812745,1,2.846728264911,-0.326119593011378,-0.208242695808609,0.186873138313321,0.934082166556057,1.7190948729571,-1.97780695949261,1.50177268823531,0.812155692262698,-1.06325761610118,0.235565850496984,0.0771423226236692,0.132535012064803,-0.163815593023443,0.0170685211349688,2.23888977144595,-0.850711478949176,2.35121501606095,-0.249428853891836,-2.48280185071044,-0.993197785367105,2.07651887280364,0.836975929485463,-0.158787006542589,0.0088267912820503,-0.105400478078548,0.00322848782833881,-0.655622581984978
"80","Main","PC-4","PC-04",2025,"FAGR",11.8,"S",5,3,3,"#533",25.8561169797434,-5.77761130859859,1161.62959020808,0.0676019179152001,-0.0498024495135266,0.0225598957908394,6.48384623759811,0.0840650628647795,5.64824956069689,9.820742725284,1144.46512869573,25.9514103425433,-5.87925742130745,297.8076171875,-81.31006833,41.609955,"PC-4","Bri, Rosana","OH","Lake","Pierson Creek","Holden",100,317,4,"Concave","Middle","Tree #533","Main",2025,401.149965936881,2.33062742377927,10,0.0109358840271461,1,2.31969153975212,-0.363307653665369,0.352554308991269,0.473384685822303,0.69910801386407,-0.454920316914265,0.120267556635702,1.08206893039171,-0.0382098835638668,1.27943561000576,0.266338336732715,0.0410850562407951,0.123371580790946,-0.13563215536626,0.0133324066824267,1.366897290823,-0.834059219549824,1.61392839060069,-0.856899622162327,0.763564222910266,0.0018953469204009,1.08698386570563,-0.541738365932644,0.766605126052436,-0.840847545553548,-0.0920310923193259,0.0455202207322984,-0.452867077336253
"81","Main","PC-5","PC-05",2025,"FAGR",6.2,"S",6,3,3,"possible second bud break",25.9248156889004,-5.78712603387539,1148.42458728449,0.0381059678914972,0.00757660334823393,-0.0275574325270926,5.56573350344462,0.0388616754511796,0.19627014942383,9.84185560590736,1140.67572673798,25.9647448062443,-5.85814464135777,292.486236572266,-81.31069833,41.61168333,"PC-5","Bri, Rosana","OH","Lake","Pierson Creek","Holden",170,86,2,"Convex","Upper","","Main",2025,401.149965936881,2.2116600223768,13,0.00301907054009979,1,2.2086409518367,0.0344029270449204,0.275681575689628,0.0032458565065712,0.299172756321802,0.362222533218584,-0.460037637337775,0.845997256219531,-0.81129055829034,-1.39949334286826,0.461230749559289,-0.124732647184438,0.233336587171381,0.042862949796455,-0.207579771412281,1.16750958096173,-0.853588570887284,1.45857657295486,0.470421402848753,-1.42933956649448,0.327511263387907,0.725017730126194,-0.869801033975233,-0.177130349094723,0.516493348481567,-0.165674909101877,-0.0225129780609571,-0.705185038676889
"82","Main","PC-6","PC-06",2025,"FAGR",3.7,"S",6,4,4,"",25.8591104647018,-5.83321109237839,1152.28808535589,0.0766623904642492,0.033862832514921,-0.0764887224784047,5.27391919405373,0.0839066151838136,0.415941755514908,9.83629958469072,1141.37162146011,25.9569664373784,-5.86370063608133,295.422668457031,-81.31095,41.611225,"PC-6","Bri, Rosana","OH","Lake","Pierson Creek","Holden",150,33,5,"Convex","Upper","Plot center next to tree #639.","Main",2025,401.149965936881,2.02179865575527,11,0.00107521008569111,1,2.02072344566958,-0.345977769949046,-0.0966554396658822,0.140798303171066,0.821958860147939,0.736568276991338,-1.02660977235737,0.770963886130377,-0.0409196990692665,-1.29155371557163,0.409943272499967,-0.0942814926392412,0.169190896639867,-0.00410944629866238,-0.0856765266729154,0.849304571559791,-0.858383724117464,1.19569344285592,-0.160269509573066,-1.73756536034841,-0.495113384187502,1.05144002177779,-0.261579504026829,-0.383960383407665,0.433828089073313,-0.085572458140077,0.00657606070943873,-0.817826985703959
"83","Main","PC-8","PC-08",2025,"FAGR",5.9,"S",4,2,2,"second bud break",25.9483708478462,-5.89478394260703,1137.42305289599,0.0395549362460459,0.155523613752965,-0.195497942459746,4.36296401289261,0.161171750409169,1.3217428223029,9.83629958469072,1142.00034560424,25.9658559249999,-5.86370063608133,290.758453369141,-81.31015,41.61125,"PC-8","Bri, Rosana","OH","Lake","Pierson Creek","Holden",110,13,57,"Concave","Middle","Next to tree #704.","Main",2025,401.149965936881,0.703502340705506,7,0.00273397100678652,1,0.70076836969872,0.170768457897159,-0.594123643586501,-0.388442697294975,0.318819302087622,2.46915591258296,-2.40460957409848,0.536732612875245,1.28048974147366,-0.846471935118628,0.409943272499967,-0.0667696069037037,0.24249962393001,-0.00410944629866238,-0.27930708773788,-1.3601417143777,-0.854291860027711,-0.650829156547967,0.488506533883909,-2.68478657837682,-1.62276673267708,1.19049100137453,2.02400658047658,0.0288270429923971,0.015215015902167,-0.105706096494247,0.0350132608230847,-0.718702072320137
"84","Main","PC-9","PC-09",2025,"FAGR",9.3,"S",5,4,3,"tag no longer on tree",25.9252542013749,-5.78522986567615,1148.32838583591,0.0378508165181707,0.0469262551060956,-0.0719099720172898,7.68713442946946,0.060325534457615,0.892042650773794,9.82963235923073,1142.47405102362,25.9514104255654,-5.87036782974964,300.090423583984,-81.310815,41.61064167,"PC-9","Bri, Rosana, David","OH","Lake","Pierson Creek","Holden",80,37,4,"Convex","Upper","Tree #743","Main",2025,401.149965936881,0.994591320412849,12,0.0202711265972881,2,0.974320193815561,0.0369415635494964,0.291001369801886,-0.000179211755476408,0.295713161695367,0.922606244441934,-0.973592726882844,1.39146694590729,-0.444209780668424,-1.0576129068149,0.348398300028604,-0.0460410735843437,0.123372265447314,-0.0604763216131186,0.108100995828654,-0.872280633564891,-0.81103085943107,-0.26814974985045,0.338841500356346,-1.83488641838176,0.272422422807724,1.31805156995015,-0.248188779931722,0.0488328392803504,-0.00851783234371058,-0.082756473916945,-0.00520526799923364,-0.565509024363323
"85","Main","PC-9","PC-09",2025,"FAGR",13.1,"S",3,3,3,"#728; topped off",25.9252542013749,-5.78522986567615,1148.32838583591,0.0378508165181707,0.0469262551060956,-0.0719099720172898,7.68713442946946,0.060325534457615,0.892042650773794,9.82963235923073,1142.47405102362,25.9514104255654,-5.87036782974964,300.090423583984,-81.310815,41.61064167,"PC-9","Bri, Rosana, David","OH","Lake","Pierson Creek","Holden",80,37,4,"Convex","Upper","Tree #743","Main",2025,401.149965936881,0.994591320412849,12,0.0202711265972881,2,0.974320193815561,0.0369415635494964,0.291001369801886,-0.000179211755476408,0.295713161695367,0.922606244441934,-0.973592726882844,1.39146694590729,-0.444209780668424,-1.0576129068149,0.348398300028604,-0.0460410735843437,0.123372265447314,-0.0604763216131186,0.108100995828654,-0.872280633564891,-0.81103085943107,-0.26814974985045,0.338841500356346,-1.83488641838176,0.272422422807724,1.31805156995015,-0.248188779931722,0.0488328392803504,-0.00851783234371058,-0.082756473916945,-0.00520526799923364,-0.394293264882177
"86","Main","SB-1","SB-01",2025,"FAGR",65.8,"C",3,3,2,"SC1-41, beech nuts",26.2255951806859,-5.66524668853278,1177.82757347424,-0.0774440217226689,-0.0683920009737214,0.116432136823024,7.98163307013268,0.103504809393718,3.86500048995311,9.81226989274223,1178.3876425681,26.0897117235481,-5.88252970008681,285.782836914062,-81.28622667,41.60458833,"SB-1","Bri, Rosana, David, Kaylin","OH","Lake","Stebbins","Holden",90,222,6,"Convex","Middle","Red tag SC1-41","Main",2025,401.149965936881,0.860687216738891,9,0.77610768852262,7,0.0845795282162712,1.77567562069019,1.26038666563537,1.05008284591313,-1.267568264673,-0.719656632786747,1.20720795967023,1.46719053033932,0.294253969766336,0.403203840692144,0.188125855593883,1.52547584070825,1.26389830804698,-0.163297187931161,-0.485865187586757,-1.09670204865703,1.0534816487504,-1.51283320654259,1.3692845820267,1.83945527431425,1.85040489697974,1.5634127176282,0.147558412270915,0.897841933357488,0.600129343042005,0.178829483405281,-0.107449136009735,1.98019897844845
"87","Main","SB-1","SB-01",2025,"FAGR",60.6,"C",3,3,3,"SC1-43, BBD?, beech nuts",26.2255951806859,-5.66524668853278,1177.82757347424,-0.0774440217226689,-0.0683920009737214,0.116432136823024,7.98163307013268,0.103504809393718,3.86500048995311,9.81226989274223,1178.3876425681,26.0897117235481,-5.88252970008681,285.782836914062,-81.28622667,41.60458833,"SB-1","Bri, Rosana, David, Kaylin","OH","Lake","Stebbins","Holden",90,222,6,"Convex","Middle","Red tag SC1-41","Main",2025,401.149965936881,0.860687216738891,9,0.77610768852262,7,0.0845795282162712,1.77567562069019,1.26038666563537,1.05008284591313,-1.267568264673,-0.719656632786747,1.20720795967023,1.46719053033932,0.294253969766336,0.403203840692144,0.188125855593883,1.52547584070825,1.26389830804698,-0.163297187931161,-0.485865187586757,-1.09670204865703,1.0534816487504,-1.51283320654259,1.3692845820267,1.83945527431425,1.85040489697974,1.5634127176282,0.147558412270915,0.897841933357488,0.600129343042005,0.178829483405281,-0.107449136009735,1.74590372863214
"88","Main","SB-1","SB-01",2025,"FAGR",18,"I",2,3,3,"",26.2255951806859,-5.66524668853278,1177.82757347424,-0.0774440217226689,-0.0683920009737214,0.116432136823024,7.98163307013268,0.103504809393718,3.86500048995311,9.81226989274223,1178.3876425681,26.0897117235481,-5.88252970008681,285.782836914062,-81.28622667,41.60458833,"SB-1","Bri, Rosana, David, Kaylin","OH","Lake","Stebbins","Holden",90,222,6,"Convex","Middle","Red tag SC1-41","Main",2025,401.149965936881,0.860687216738891,9,0.77610768852262,7,0.0845795282162712,1.77567562069019,1.26038666563537,1.05008284591313,-1.267568264673,-0.719656632786747,1.20720795967023,1.46719053033932,0.294253969766336,0.403203840692144,0.188125855593883,1.52547584070825,1.26389830804698,-0.163297187931161,-0.485865187586757,-1.09670204865703,1.0534816487504,-1.51283320654259,1.3692845820267,1.83945527431425,1.85040489697974,1.5634127176282,0.147558412270915,0.897841933357488,0.600129343042005,0.178829483405281,-0.107449136009735,-0.173515048709121
"89","Main","SB-1","SB-01",2025,"FAGR",17.5,"S",4,3,4,"bent over",26.2255951806859,-5.66524668853278,1177.82757347424,-0.0774440217226689,-0.0683920009737214,0.116432136823024,7.98163307013268,0.103504809393718,3.86500048995311,9.81226989274223,1178.3876425681,26.0897117235481,-5.88252970008681,285.782836914062,-81.28622667,41.60458833,"SB-1","Bri, Rosana, David, Kaylin","OH","Lake","Stebbins","Holden",90,222,6,"Convex","Middle","Red tag SC1-41","Main",2025,401.149965936881,0.860687216738891,9,0.77610768852262,7,0.0845795282162712,1.77567562069019,1.26038666563537,1.05008284591313,-1.267568264673,-0.719656632786747,1.20720795967023,1.46719053033932,0.294253969766336,0.403203840692144,0.188125855593883,1.52547584070825,1.26389830804698,-0.163297187931161,-0.485865187586757,-1.09670204865703,1.0534816487504,-1.51283320654259,1.3692845820267,1.83945527431425,1.85040489697974,1.5634127176282,0.147558412270915,0.897841933357488,0.600129343042005,0.178829483405281,-0.107449136009735,-0.196043438114535
"90","Main","SB-1","SB-01",2025,"FAGR",28.1,"S",3,3,2,"",26.2255951806859,-5.66524668853278,1177.82757347424,-0.0774440217226689,-0.0683920009737214,0.116432136823024,7.98163307013268,0.103504809393718,3.86500048995311,9.81226989274223,1178.3876425681,26.0897117235481,-5.88252970008681,285.782836914062,-81.28622667,41.60458833,"SB-1","Bri, Rosana, David, Kaylin","OH","Lake","Stebbins","Holden",90,222,6,"Convex","Middle","Red tag SC1-41","Main",2025,401.149965936881,0.860687216738891,9,0.77610768852262,7,0.0845795282162712,1.77567562069019,1.26038666563537,1.05008284591313,-1.267568264673,-0.719656632786747,1.20720795967023,1.46719053033932,0.294253969766336,0.403203840692144,0.188125855593883,1.52547584070825,1.26389830804698,-0.163297187931161,-0.485865187586757,-1.09670204865703,1.0534816487504,-1.51283320654259,1.3692845820267,1.83945527431425,1.85040489697974,1.5634127176282,0.147558412270915,0.897841933357488,0.600129343042005,0.178829483405281,-0.107449136009735,0.28155841728024
"91","Main","SB-1","SB-01",2025,"FAGR",13.2,"S",3,4,3,"bent over",26.2255951806859,-5.66524668853278,1177.82757347424,-0.0774440217226689,-0.0683920009737214,0.116432136823024,7.98163307013268,0.103504809393718,3.86500048995311,9.81226989274223,1178.3876425681,26.0897117235481,-5.88252970008681,285.782836914062,-81.28622667,41.60458833,"SB-1","Bri, Rosana, David, Kaylin","OH","Lake","Stebbins","Holden",90,222,6,"Convex","Middle","Red tag SC1-41","Main",2025,401.149965936881,0.860687216738891,9,0.77610768852262,7,0.0845795282162712,1.77567562069019,1.26038666563537,1.05008284591313,-1.267568264673,-0.719656632786747,1.20720795967023,1.46719053033932,0.294253969766336,0.403203840692144,0.188125855593883,1.52547584070825,1.26389830804698,-0.163297187931161,-0.485865187586757,-1.09670204865703,1.0534816487504,-1.51283320654259,1.3692845820267,1.83945527431425,1.85040489697974,1.5634127176282,0.147558412270915,0.897841933357488,0.600129343042005,0.178829483405281,-0.107449136009735,-0.389787587001094
"92","Main","SB-1","SB-01",2025,"FAGR",16.9,"S",3,3,3,"",26.2255951806859,-5.66524668853278,1177.82757347424,-0.0774440217226689,-0.0683920009737214,0.116432136823024,7.98163307013268,0.103504809393718,3.86500048995311,9.81226989274223,1178.3876425681,26.0897117235481,-5.88252970008681,285.782836914062,-81.28622667,41.60458833,"SB-1","Bri, Rosana, David, Kaylin","OH","Lake","Stebbins","Holden",90,222,6,"Convex","Middle","Red tag SC1-41","Main",2025,401.149965936881,0.860687216738891,9,0.77610768852262,7,0.0845795282162712,1.77567562069019,1.26038666563537,1.05008284591313,-1.267568264673,-0.719656632786747,1.20720795967023,1.46719053033932,0.294253969766336,0.403203840692144,0.188125855593883,1.52547584070825,1.26389830804698,-0.163297187931161,-0.485865187586757,-1.09670204865703,1.0534816487504,-1.51283320654259,1.3692845820267,1.83945527431425,1.85040489697974,1.5634127176282,0.147558412270915,0.897841933357488,0.600129343042005,0.178829483405281,-0.107449136009735,-0.223077505401032
"93","Main","SB-1A","SB-01A",2025,"FAGR",95.1,"C",2,2,0,"#922",25.6476695003611,-6.01275000449313,1207.87042007231,0.107728056003343,-0.0823231226179213,0.0385525189201742,2.7424398327617,0.136000683845532,5.63067354340083,9.64406335909298,1183.65779878495,25.8145210629865,-6.04922352697905,322.727874755859,-81.27627167,41.60553667,"SB-1A","Bri, Rosana, David, Tonya, McKenzie","OH","Lake","Stebbins","Holden",80,335,11,"Concave","Lower","Tree #922","Main",2025,401.149965936881,1.54100695985539,5,0.914258440066067,3,0.626748519789327,-1.57005184274868,-1.54721197248718,2.11970083923417,1.24317787286376,-0.91805161977468,0.305445070655194,0.120051913426371,0.850007287923128,1.27079931517434,-1.36458397026584,1.75608880030285,-1.00551000285671,-1.57258730661855,1.04787377407628,0.0435043772571323,1.39427464189602,-0.754377624333242,-3.75181030513274,1.06486108602028,-0.264484294247672,0.446871724327837,0.328679928501791,0.0807160331001022,0.241028073312119,0.0629662679880757,0.00644524532501348,3.3003625976057
"94","Main","SB-1A","SB-01A",2025,"FAGR",48.7,"I",3,3,2,"#921",25.6476695003611,-6.01275000449313,1207.87042007231,0.107728056003343,-0.0823231226179213,0.0385525189201742,2.7424398327617,0.136000683845532,5.63067354340083,9.64406335909298,1183.65779878495,25.8145210629865,-6.04922352697905,322.727874755859,-81.27627167,41.60553667,"SB-1A","Bri, Rosana, David, Tonya, McKenzie","OH","Lake","Stebbins","Holden",80,335,11,"Concave","Lower","Tree #922","Main",2025,401.149965936881,1.54100695985539,5,0.914258440066067,3,0.626748519789327,-1.57005184274868,-1.54721197248718,2.11970083923417,1.24317787286376,-0.91805161977468,0.305445070655194,0.120051913426371,0.850007287923128,1.27079931517434,-1.36458397026584,1.75608880030285,-1.00551000285671,-1.57258730661855,1.04787377407628,0.0435043772571323,1.39427464189602,-0.754377624333242,-3.75181030513274,1.06486108602028,-0.264484294247672,0.446871724327837,0.328679928501791,0.0807160331001022,0.241028073312119,0.0629662679880757,0.00644524532501348,1.20972806078329
"95","Main","SB-1A","SB-01A",2025,"FAGR",15,"S",3,4,4,"",25.6476695003611,-6.01275000449313,1207.87042007231,0.107728056003343,-0.0823231226179213,0.0385525189201742,2.7424398327617,0.136000683845532,5.63067354340083,9.64406335909298,1183.65779878495,25.8145210629865,-6.04922352697905,322.727874755859,-81.27627167,41.60553667,"SB-1A","Bri, Rosana, David, Tonya, McKenzie","OH","Lake","Stebbins","Holden",80,335,11,"Concave","Lower","Tree #922","Main",2025,401.149965936881,1.54100695985539,5,0.914258440066067,3,0.626748519789327,-1.57005184274868,-1.54721197248718,2.11970083923417,1.24317787286376,-0.91805161977468,0.305445070655194,0.120051913426371,0.850007287923128,1.27079931517434,-1.36458397026584,1.75608880030285,-1.00551000285671,-1.57258730661855,1.04787377407628,0.0435043772571323,1.39427464189602,-0.754377624333242,-3.75181030513274,1.06486108602028,-0.264484294247672,0.446871724327837,0.328679928501791,0.0807160331001022,0.241028073312119,0.0629662679880757,0.00644524532501348,-0.308685385141604
"96","Main","SB-1B","SB-01B",2025,"FAGR",90,"C",3,3,2,"#931",25.6261071563616,-5.98413397364082,1211.79022097071,0.114965559368401,-0.0919263923087914,0.0457358313319217,5.04431291319613,0.147735810132251,5.60868868089577,9.63348515089766,1184.29076928548,25.7989642569822,-6.06033553232203,328.802551269531,-81.275945,41.60525667,"SB-1B","Bri, Rosana, David, Tonya, McKenzie","OH","Lake","Stebbins","Holden",90,320,7,"Convex","Middle","Tree #931","Main",2025,401.149965936881,2.20220147229501,10,1.82031182551912,4,0.381889646775885,-1.69488056891759,-1.31601323118198,2.25925784018207,1.34131110030487,-1.05481308191833,0.388620164826759,0.711925886649326,1.05070462205715,1.25999665429708,-1.46223111540654,1.78378649928122,-1.13380194694097,-1.66653223319815,1.30005833234943,1.15165718259728,3.62934496709189,-1.09691764778921,-3.9391440334737,1.15799516474471,0.0155346819658615,1.07126542577282,0.255884795628506,-0.100908353882231,0.0381742277215157,0.08901419725514,0.00951765273613348,3.07057302567048
"97","Main","SB-1B","SB-01B",2025,"FAGR",117,"C",2,1,0,"very rotted base, healthy canopy",25.6261071563616,-5.98413397364082,1211.79022097071,0.114965559368401,-0.0919263923087914,0.0457358313319217,5.04431291319613,0.147735810132251,5.60868868089577,9.63348515089766,1184.29076928548,25.7989642569822,-6.06033553232203,328.802551269531,-81.275945,41.60525667,"SB-1B","Bri, Rosana, David, Tonya, McKenzie","OH","Lake","Stebbins","Holden",90,320,7,"Convex","Middle","Tree #931","Main",2025,401.149965936881,2.20220147229501,10,1.82031182551912,4,0.381889646775885,-1.69488056891759,-1.31601323118198,2.25925784018207,1.34131110030487,-1.05481308191833,0.388620164826759,0.711925886649326,1.05070462205715,1.25999665429708,-1.46223111540654,1.78378649928122,-1.13380194694097,-1.66653223319815,1.30005833234943,1.15165718259728,3.62934496709189,-1.09691764778921,-3.9391440334737,1.15799516474471,0.0155346819658615,1.07126542577282,0.255884795628506,-0.100908353882231,0.0381742277215157,0.08901419725514,0.00951765273613348,4.28710605356283
"98","Main","SB-1B","SB-01B",2025,"FAGR",34.8,"I",4,4,4,"#933; white dots BBD",25.6261071563616,-5.98413397364082,1211.79022097071,0.114965559368401,-0.0919263923087914,0.0457358313319217,5.04431291319613,0.147735810132251,5.60868868089577,9.63348515089766,1184.29076928548,25.7989642569822,-6.06033553232203,328.802551269531,-81.275945,41.60525667,"SB-1B","Bri, Rosana, David, Tonya, McKenzie","OH","Lake","Stebbins","Holden",90,320,7,"Convex","Middle","Tree #931","Main",2025,401.149965936881,2.20220147229501,10,1.82031182551912,4,0.381889646775885,-1.69488056891759,-1.31601323118198,2.25925784018207,1.34131110030487,-1.05481308191833,0.388620164826759,0.711925886649326,1.05070462205715,1.25999665429708,-1.46223111540654,1.78378649928122,-1.13380194694097,-1.66653223319815,1.30005833234943,1.15165718259728,3.62934496709189,-1.09691764778921,-3.9391440334737,1.15799516474471,0.0155346819658615,1.07126542577282,0.255884795628506,-0.100908353882231,0.0381742277215157,0.08901419725514,0.00951765273613348,0.583438835312786
"99","Main","SB-1B","SB-01B",2025,"FAGR",13.3,"S",5,3,2,"#929 possible second bud break",25.6261071563616,-5.98413397364082,1211.79022097071,0.114965559368401,-0.0919263923087914,0.0457358313319217,5.04431291319613,0.147735810132251,5.60868868089577,9.63348515089766,1184.29076928548,25.7989642569822,-6.06033553232203,328.802551269531,-81.275945,41.60525667,"SB-1B","Bri, Rosana, David, Tonya, McKenzie","OH","Lake","Stebbins","Holden",90,320,7,"Convex","Middle","Tree #931","Main",2025,401.149965936881,2.20220147229501,10,1.82031182551912,4,0.381889646775885,-1.69488056891759,-1.31601323118198,2.25925784018207,1.34131110030487,-1.05481308191833,0.388620164826759,0.711925886649326,1.05070462205715,1.25999665429708,-1.46223111540654,1.78378649928122,-1.13380194694097,-1.66653223319815,1.30005833234943,1.15165718259728,3.62934496709189,-1.09691764778921,-3.9391440334737,1.15799516474471,0.0155346819658615,1.07126542577282,0.255884795628506,-0.100908353882231,0.0381742277215157,0.08901419725514,0.00951765273613348,-0.385281909120012
"100","Main","SB-2","SB-02",2025,"FAGR",56.6,"C",4,3,2,"#511; SB1-41",25.6162580890286,-6.11672791411414,1200.70621437315,0.0123771079884978,-0.018317230728282,0.0144275484229885,3.18880671289192,0.0221086720129781,5.30662520054464,9.50873101279147,1195.96769208565,25.624067574644,-6.17593201560054,354.865509033203,-81.26927167,41.60188,"SB-2","Bri, Rosana","OH","Lake","Stebbins","Holden",140,318,2,"Convex","Upper","SB1-41; Tree #511","Main",2025,401.149965936881,1.84653705559313,10,0.444891931249138,3,1.40164512434399,-1.75189879147996,-2.38728521506909,1.86463302138741,-0.0496845682704241,-0.00653505901857208,0.026103650155638,0.234824939403957,-1.09780499764413,1.11157228544394,-2.61383308859783,2.29474853059541,-2.57611828005268,-2.64382686177926,2.38203783794621,0.555568567654565,0.236432099347665,0.329647217541841,-4.030036857774,-0.709699664184005,1.56076630494083,-0.923238048547002,0.50381760228621,0.714515135967021,-0.313298724566945,-0.125006048891086,-0.0705385239800964,1.56567661338883
"101","Main","SB-2","SB-02",2025,"FAGR",45.7,"I",4,3,3,"",25.6162580890286,-6.11672791411414,1200.70621437315,0.0123771079884978,-0.018317230728282,0.0144275484229885,3.18880671289192,0.0221086720129781,5.30662520054464,9.50873101279147,1195.96769208565,25.624067574644,-6.17593201560054,354.865509033203,-81.26927167,41.60188,"SB-2","Bri, Rosana","OH","Lake","Stebbins","Holden",140,318,2,"Convex","Upper","SB1-41; Tree #511","Main",2025,401.149965936881,1.84653705559313,10,0.444891931249138,3,1.40164512434399,-1.75189879147996,-2.38728521506909,1.86463302138741,-0.0496845682704241,-0.00653505901857208,0.026103650155638,0.234824939403957,-1.09780499764413,1.11157228544394,-2.61383308859783,2.29474853059541,-2.57611828005268,-2.64382686177926,2.38203783794621,0.555568567654565,0.236432099347665,0.329647217541841,-4.030036857774,-0.709699664184005,1.56076630494083,-0.923238048547002,0.50381760228621,0.714515135967021,-0.313298724566945,-0.125006048891086,-0.0705385239800964,1.07455772435081
"102","Main","SB-2","SB-02",2025,"FAGR",19.3,"I",5,4,4,"possible second flush",25.6162580890286,-6.11672791411414,1200.70621437315,0.0123771079884978,-0.018317230728282,0.0144275484229885,3.18880671289192,0.0221086720129781,5.30662520054464,9.50873101279147,1195.96769208565,25.624067574644,-6.17593201560054,354.865509033203,-81.26927167,41.60188,"SB-2","Bri, Rosana","OH","Lake","Stebbins","Holden",140,318,2,"Convex","Upper","SB1-41; Tree #511","Main",2025,401.149965936881,1.84653705559313,10,0.444891931249138,3,1.40164512434399,-1.75189879147996,-2.38728521506909,1.86463302138741,-0.0496845682704241,-0.00653505901857208,0.026103650155638,0.234824939403957,-1.09780499764413,1.11157228544394,-2.61383308859783,2.29474853059541,-2.57611828005268,-2.64382686177926,2.38203783794621,0.555568567654565,0.236432099347665,0.329647217541841,-4.030036857774,-0.709699664184005,1.56076630494083,-0.923238048547002,0.50381760228621,0.714515135967021,-0.313298724566945,-0.125006048891086,-0.0705385239800964,-0.114941236255045
"103","Main","SB-2A","SB-02A",2025,"FAGR",17.1,"S",4,4,3,"",25.7754637526932,-5.98620122077031,1193.82783702933,0.0372459011475142,-0.047331341346901,0.0346759223484761,2.77918400927661,0.0602653118754007,5.37910225263657,9.65252936379728,1183.10131026157,25.8278554795967,-6.04144512906738,319.579711914062,-81.276725,41.605635,"SB-2A","Bri, Rosana, David, Tonya, McKenzie","OH","Lake","Stebbins","Holden",70,294,4,"Flat","Middle","","Main",2025,401.149965936881,0.55250561680153,7,0.0229658276959048,1,0.529539789105625,-0.830225331739785,-1.33271523072802,1.6197415745072,0.287511120928402,-0.419728931390216,0.260558218123367,0.129499837350387,-0.445239723713755,1.14718519932739,-1.28643451670447,1.73173782092452,-0.895545384818866,-1.50682590728838,0.917180715138301,-1.61321012320943,-0.804383517720869,-0.890365675240805,-2.56604285881386,0.400180161024385,0.62501590427385,-0.252383537852029,0.125558849695802,0.863294182291392,0.123582385568953,-0.0423371785267624,-0.0271063803601507,-0.214066149638866
"104","Main","SB-2B","SB-02B",2025,"FAGR",28.7,"C",4,4,4,"#910",25.9281700208822,-5.89281820035399,1183.71897648076,-0.0852112144496729,-0.139734318743886,0.20122202620257,2.33244209138801,0.164405846347831,4.1647883414722,9.63747611644916,1183.91637673725,25.8078538995843,-6.05811314502993,323.464294433594,-81.27644667,41.60514667,"SB-2B","Bri, Rosana, David, Tonya, McKenzie","OH","Lake","Stebbins","Holden",40,237,12,"Convex","Middle","Tree #910","Main",2025,401.149965936881,0.872768996686434,5,0.872768996686434,5,0,0.0538218264208622,-0.5782417367987,1.25983496248134,-1.37288354426761,-1.73565222647921,2.18898442012417,0.0146303789977721,1.33580013331475,0.55051003805118,-1.42539062358949,1.76740372616313,-1.06049194157597,-1.64774336435372,1.07844555361306,-1.07645315352786,1.29192766632532,-1.63115390786145,-1.17194273358888,2.7798195642421,1.96220937300115,-0.16451133589075,1.00209483955199,-0.90532841180351,0.647579451195233,-0.0570484643794494,0.0445583953174925,0.308592484566737
"105","Main","SB-2B","SB-02B",2025,"FAGR",68,"D",2,4,4,"",25.9281700208822,-5.89281820035399,1183.71897648076,-0.0852112144496729,-0.139734318743886,0.20122202620257,2.33244209138801,0.164405846347831,4.1647883414722,9.63747611644916,1183.91637673725,25.8078538995843,-6.05811314502993,323.464294433594,-81.27644667,41.60514667,"SB-2B","Bri, Rosana, David, Tonya, McKenzie","OH","Lake","Stebbins","Holden",40,237,12,"Convex","Middle","Tree #910","Main",2025,401.149965936881,0.872768996686434,5,0.872768996686434,5,0,0.0538218264208622,-0.5782417367987,1.25983496248134,-1.37288354426761,-1.73565222647921,2.18898442012417,0.0146303789977721,1.33580013331475,0.55051003805118,-1.42539062358949,1.76740372616313,-1.06049194157597,-1.64774336435372,1.07844555361306,-1.07645315352786,1.29192766632532,-1.63115390786145,-1.17194273358888,2.7798195642421,1.96220937300115,-0.16451133589075,1.00209483955199,-0.90532841180351,0.647579451195233,-0.0570484643794494,0.0445583953174925,2.07932389183227
"106","Main","SB-2B","SB-02B",2025,"FAGR",65.5,"C",4,4,4,"",25.9281700208822,-5.89281820035399,1183.71897648076,-0.0852112144496729,-0.139734318743886,0.20122202620257,2.33244209138801,0.164405846347831,4.1647883414722,9.63747611644916,1183.91637673725,25.8078538995843,-6.05811314502993,323.464294433594,-81.27644667,41.60514667,"SB-2B","Bri, Rosana, David, Tonya, McKenzie","OH","Lake","Stebbins","Holden",40,237,12,"Convex","Middle","Tree #910","Main",2025,401.149965936881,0.872768996686434,5,0.872768996686434,5,0,0.0538218264208622,-0.5782417367987,1.25983496248134,-1.37288354426761,-1.73565222647921,2.18898442012417,0.0146303789977721,1.33580013331475,0.55051003805118,-1.42539062358949,1.76740372616313,-1.06049194157597,-1.64774336435372,1.07844555361306,-1.07645315352786,1.29192766632532,-1.63115390786145,-1.17194273358888,2.7798195642421,1.96220937300115,-0.16451133589075,1.00209483955199,-0.90532841180351,0.647579451195233,-0.0570484643794494,0.0445583953174925,1.9666819448052
"107","Main","SB-2B","SB-02B",2025,"FAGR",33.1,"I",4,4,4,"",25.9281700208822,-5.89281820035399,1183.71897648076,-0.0852112144496729,-0.139734318743886,0.20122202620257,2.33244209138801,0.164405846347831,4.1647883414722,9.63747611644916,1183.91637673725,25.8078538995843,-6.05811314502993,323.464294433594,-81.27644667,41.60514667,"SB-2B","Bri, Rosana, David, Tonya, McKenzie","OH","Lake","Stebbins","Holden",40,237,12,"Convex","Middle","Tree #910","Main",2025,401.149965936881,0.872768996686434,5,0.872768996686434,5,0,0.0538218264208622,-0.5782417367987,1.25983496248134,-1.37288354426761,-1.73565222647921,2.18898442012417,0.0146303789977721,1.33580013331475,0.55051003805118,-1.42539062358949,1.76740372616313,-1.06049194157597,-1.64774336435372,1.07844555361306,-1.07645315352786,1.29192766632532,-1.63115390786145,-1.17194273358888,2.7798195642421,1.96220937300115,-0.16451133589075,1.00209483955199,-0.90532841180351,0.647579451195233,-0.0570484643794494,0.0445583953174925,0.506842311334379
"108","Main","SB-2B","SB-02B",2025,"FAGR",16.7,"I",4,3,2,"",25.9281700208822,-5.89281820035399,1183.71897648076,-0.0852112144496729,-0.139734318743886,0.20122202620257,2.33244209138801,0.164405846347831,4.1647883414722,9.63747611644916,1183.91637673725,25.8078538995843,-6.05811314502993,323.464294433594,-81.27644667,41.60514667,"SB-2B","Bri, Rosana, David, Tonya, McKenzie","OH","Lake","Stebbins","Holden",40,237,12,"Convex","Middle","Tree #910","Main",2025,401.149965936881,0.872768996686434,5,0.872768996686434,5,0,0.0538218264208622,-0.5782417367987,1.25983496248134,-1.37288354426761,-1.73565222647921,2.18898442012417,0.0146303789977721,1.33580013331475,0.55051003805118,-1.42539062358949,1.76740372616313,-1.06049194157597,-1.64774336435372,1.07844555361306,-1.07645315352786,1.29192766632532,-1.63115390786145,-1.17194273358888,2.7798195642421,1.96220937300115,-0.16451133589075,1.00209483955199,-0.90532841180351,0.647579451195233,-0.0570484643794494,0.0445583953174925,-0.232088861163197
"109","Main","SB-3A","SB-03A",2025,"FAGR",65.2,"C",4,4,4,"",25.8387033583506,-5.97824812302028,1188.72936881079,-0.0112650455953787,-0.0906869585837626,0.108281371102171,0.403358153528169,0.0915116186579231,4.58880301938989,9.65140379767811,1183.00176761045,25.8300779307459,-6.04477874709591,316.161804199219,-81.27716667,41.60531333,"SB-3A","Bri, Rosana, David, Tonya, McKenzie","OH","Lake","Stebbins","Holden",110,265,6,"Flat","Middle","","Main",2025,401.149965936881,2.06727792180496,8,0.90979737849797,4,1.15748054330699,-0.464118594094733,-1.26845942254923,1.43822038186242,-0.37024826514485,-1.03716213865405,1.11283078831213,-0.481389399280447,0.0891431469574653,0.758857339357665,-1.2968245861921,1.72738200594748,-0.87721754949814,-1.53500952413054,0.775289448114269,0.925527188822328,1.38327000741221,-0.011921541173063,-1.97749470582045,1.37891806684167,0.953258638670635,-0.7874254274726,0.363039047186483,0.127061994747166,0.674070352357596,-0.0827490975890631,0.0125395995690396,1.95316491116195
"110","Main","SB-3A","SB-03A",2025,"FAGR",18.9,"I",4,3,1,"lots of necrosis",25.8387033583506,-5.97824812302028,1188.72936881079,-0.0112650455953787,-0.0906869585837626,0.108281371102171,0.403358153528169,0.0915116186579231,4.58880301938989,9.65140379767811,1183.00176761045,25.8300779307459,-6.04477874709591,316.161804199219,-81.27716667,41.60531333,"SB-3A","Bri, Rosana, David, Tonya, McKenzie","OH","Lake","Stebbins","Holden",110,265,6,"Flat","Middle","","Main",2025,401.149965936881,2.06727792180496,8,0.90979737849797,4,1.15748054330699,-0.464118594094733,-1.26845942254923,1.43822038186242,-0.37024826514485,-1.03716213865405,1.11283078831213,-0.481389399280447,0.0891431469574653,0.758857339357665,-1.2968245861921,1.72738200594748,-0.87721754949814,-1.53500952413054,0.775289448114269,0.925527188822328,1.38327000741221,-0.011921541173063,-1.97749470582045,1.37891806684167,0.953258638670635,-0.7874254274726,0.363039047186483,0.127061994747166,0.674070352357596,-0.0827490975890631,0.0125395995690396,-0.132963947779376
"111","Main","SB-3A","SB-03A",2025,"FAGR",18.7,"S",4,4,2,"",25.8387033583506,-5.97824812302028,1188.72936881079,-0.0112650455953787,-0.0906869585837626,0.108281371102171,0.403358153528169,0.0915116186579231,4.58880301938989,9.65140379767811,1183.00176761045,25.8300779307459,-6.04477874709591,316.161804199219,-81.27716667,41.60531333,"SB-3A","Bri, Rosana, David, Tonya, McKenzie","OH","Lake","Stebbins","Holden",110,265,6,"Flat","Middle","","Main",2025,401.149965936881,2.06727792180496,8,0.90979737849797,4,1.15748054330699,-0.464118594094733,-1.26845942254923,1.43822038186242,-0.37024826514485,-1.03716213865405,1.11283078831213,-0.481389399280447,0.0891431469574653,0.758857339357665,-1.2968245861921,1.72738200594748,-0.87721754949814,-1.53500952413054,0.775289448114269,0.925527188822328,1.38327000741221,-0.011921541173063,-1.97749470582045,1.37891806684167,0.953258638670635,-0.7874254274726,0.363039047186483,0.127061994747166,0.674070352357596,-0.0827490975890631,0.0125395995690396,-0.141975303541541
"112","Main","SB-3A","SB-03A",2025,"FAGR",81.4,"C",3,2,1,"second bud break?",25.8387033583506,-5.97824812302028,1188.72936881079,-0.0112650455953787,-0.0906869585837626,0.108281371102171,0.403358153528169,0.0915116186579231,4.58880301938989,9.65140379767811,1183.00176761045,25.8300779307459,-6.04477874709591,316.161804199219,-81.27716667,41.60531333,"SB-3A","Bri, Rosana, David, Tonya, McKenzie","OH","Lake","Stebbins","Holden",110,265,6,"Flat","Middle","","Main",2025,401.149965936881,2.06727792180496,8,0.90979737849797,4,1.15748054330699,-0.464118594094733,-1.26845942254923,1.43822038186242,-0.37024826514485,-1.03716213865405,1.11283078831213,-0.481389399280447,0.0891431469574653,0.758857339357665,-1.2968245861921,1.72738200594748,-0.87721754949814,-1.53500952413054,0.775289448114269,0.925527188822328,1.38327000741221,-0.011921541173063,-1.97749470582045,1.37891806684167,0.953258638670635,-0.7874254274726,0.363039047186483,0.127061994747166,0.674070352357596,-0.0827490975890631,0.0125395995690396,2.68308472789736
"113","Main","SB-3B","SB-03B",2025,"FAGR",52.4,"I",4,4,3,"#889; lots of white dots on trunk BBD",25.8217003340858,-5.99997904855565,1189.12416047502,-0.0161648627886127,-0.102225638723158,0.123818110540639,-0.560805597228106,0.103681476556884,4.55555831046134,9.63747919814405,1183.82294044152,25.8100763292062,-6.05922435457191,319.697479248047,-81.27678667,41.60488333,"SB-3B","Bri, Rosana, David, Tonya, McKenzie","OH","Lake","Stebbins","Holden",80,275,8,"Flat","Upper","Tree #889","Main",2025,401.149965936881,0.755589161503862,6,0.638811450180949,3,0.116777711322913,-0.562552505549029,-1.44403103333987,1.4522761826766,-0.436684831843374,-1.2014860426856,1.29272965555341,-0.729302038273542,0.29727537983131,0.742521948748079,-1.42536217654981,1.76331511478137,-1.04216428378391,-1.6571379331659,0.922069716722694,-1.27284492727042,0.714796585590411,-1.46779025481756,-2.16445508912586,1.60129644881154,0.965727052752257,-1.01887181106924,0.512867294884275,-0.134228947421648,0.755284445512485,-0.0683633893386206,0.0451844948457119,1.37643814238336
"114","Main","SB-3B","SB-03B",2025,"FAGR",62.8,"C",4,3,2,"#888",25.8217003340858,-5.99997904855565,1189.12416047502,-0.0161648627886127,-0.102225638723158,0.123818110540639,-0.560805597228106,0.103681476556884,4.55555831046134,9.63747919814405,1183.82294044152,25.8100763292062,-6.05922435457191,319.697479248047,-81.27678667,41.60488333,"SB-3B","Bri, Rosana, David, Tonya, McKenzie","OH","Lake","Stebbins","Holden",80,275,8,"Flat","Upper","Tree #889","Main",2025,401.149965936881,0.755589161503862,6,0.638811450180949,3,0.116777711322913,-0.562552505549029,-1.44403103333987,1.4522761826766,-0.436684831843374,-1.2014860426856,1.29272965555341,-0.729302038273542,0.29727537983131,0.742521948748079,-1.42536217654981,1.76331511478137,-1.04216428378391,-1.6571379331659,0.922069716722694,-1.27284492727042,0.714796585590411,-1.46779025481756,-2.16445508912586,1.60129644881154,0.965727052752257,-1.01887181106924,0.512867294884275,-0.134228947421648,0.755284445512485,-0.0683633893386206,0.0451844948457119,1.84502864201596
"115","Main","SB-3B","SB-03B",2025,"FAGR",38,"I",3,3,4,"",25.8217003340858,-5.99997904855565,1189.12416047502,-0.0161648627886127,-0.102225638723158,0.123818110540639,-0.560805597228106,0.103681476556884,4.55555831046134,9.63747919814405,1183.82294044152,25.8100763292062,-6.05922435457191,319.697479248047,-81.27678667,41.60488333,"SB-3B","Bri, Rosana, David, Tonya, McKenzie","OH","Lake","Stebbins","Holden",80,275,8,"Flat","Upper","Tree #889","Main",2025,401.149965936881,0.755589161503862,6,0.638811450180949,3,0.116777711322913,-0.562552505549029,-1.44403103333987,1.4522761826766,-0.436684831843374,-1.2014860426856,1.29272965555341,-0.729302038273542,0.29727537983131,0.742521948748079,-1.42536217654981,1.76331511478137,-1.04216428378391,-1.6571379331659,0.922069716722694,-1.27284492727042,0.714796585590411,-1.46779025481756,-2.16445508912586,1.60129644881154,0.965727052752257,-1.01887181106924,0.512867294884275,-0.134228947421648,0.755284445512485,-0.0683633893386206,0.0451844948457119,0.727620527507435
"116","Main","SC-1","SC-01",2025,"FAGR",34.6,"I",3,2,3,"#2",25.8855953895516,-5.83730688377796,1130.50714347914,-0.00438083731204822,0.00433729128533602,-0.00272453484870259,0.86814929172247,0.0061647637982846,2.36118933101055,9.77029246510858,1131.32921134234,25.8702928465783,-5.85481104452361,310.774627685547,-81.31892,41.61198833,"SC-1","Bri, Rosana","OH","Lake","Schoop","Holden",140,183,1,"Flat","Middle","Tree #2","Main",2025,401.149965936881,2.06231263461596,7,0.0940247265292889,1,1.96828790808667,-0.192651237742879,-0.129746745064475,-0.634670401726827,-0.276905361778256,0.316091052137443,-0.172499175335891,-0.361878997069235,-1.37048206955498,-0.335721043179634,-0.199366609395587,-0.533720063988821,-0.545578154374431,0.0710463874537206,0.551645814353332,0.917205436562909,-0.629094027417627,1.12233988187392,0.16057201112221,-1.06625693894519,0.562742790988023,-1.08818567182019,-0.570516746874722,0.0726723197803351,-0.408081132746296,0.0570174528426534,0.0241410831159129,0.574427479550621
"117","Main","SC-10","SC-10",2025,"FAGR",4.9,"S",5,4,3,"",25.8411500724899,-5.86039854969694,1125.74947804476,0.0107272660740203,0.0183868382634368,-0.026092705243127,0.150174402470668,0.0212889296025252,1.0426565320958,9.74973708848007,1125.91355602941,25.8497374699498,-5.85036624874471,314.892272949219,-81.32329,41.61233333,"SC-10","Bri, Rosana","OH","Lake","Schoop","Holden",60,85,1,"Flat","Middle","Next to tree #440","Main",2025,401.149965936881,1.30860685790793,7,0.00188574099031727,1,1.30672111691761,-0.449954076113046,-0.316312244754578,-0.804057964193738,-0.0720547563959243,0.516172550317968,-0.443077658041836,-0.546489805539863,-1.11182445618551,-0.983606044913702,-0.389112718377836,-0.770699813444036,-0.715091692585634,0.10862430433025,0.722586036372978,-0.34599496081841,-0.856384290528153,0.19685533081049,0.0626007143023591,-1.62599876843779,0.268385369787409,-1.12656087560112,-0.443156902572456,-0.551224739946333,-0.218275087039697,0.0999256625943896,0.0536727162393696,-0.763758851130965
"118","Main","SC-3","SC-03",2025,"FAGR",5,"S",3,3,3,"",25.8445225025298,-5.86706671678752,1128.8893471904,0.012682883103424,0.00981347307434088,-0.0173835920740639,-0.574774587830348,0.0160368894844617,0.658533201447742,9.75806921733226,1128.56416973139,25.859925627128,-5.84814385085521,309.705352783203,-81.32043333,41.61254,"SC-3","Bri, Rosana","OH","Lake","Schoop","Holden",100,50,1,"Flat","Middle","","Main",2025,401.149965936881,2.28945449585948,9,0.0215701751595475,2,2.26788432069994,-0.430430403455558,-0.370186656831906,-0.692268939013087,-0.0455385668960064,0.394078097439392,-0.342235418909511,-0.732893844459529,-1.20164628039998,-1.17235200932797,-0.312199069077489,-0.654713522828741,-0.631073257781878,0.127413262768943,0.507255859050647,1.29789203636311,-0.807826340868355,1.54145380223506,0.101589485258421,-1.55889497898461,0.205698817685029,-1.26470188270917,-0.609215994729705,-0.579004646575591,0.110568142162551,0.0478344600657704,0.00688001247229821,-0.759253173249882
"119","Main","SC-3","SC-03",2025,"FAGR",15.8,"S",3,3,4,"",25.8445225025298,-5.86706671678752,1128.8893471904,0.012682883103424,0.00981347307434088,-0.0173835920740639,-0.574774587830348,0.0160368894844617,0.658533201447742,9.75806921733226,1128.56416973139,25.859925627128,-5.84814385085521,309.705352783203,-81.32043333,41.61254,"SC-3","Bri, Rosana","OH","Lake","Schoop","Holden",100,50,1,"Flat","Middle","","Main",2025,401.149965936881,2.28945449585948,9,0.0215701751595475,2,2.26788432069994,-0.430430403455558,-0.370186656831906,-0.692268939013087,-0.0455385668960064,0.394078097439392,-0.342235418909511,-0.732893844459529,-1.20164628039998,-1.17235200932797,-0.312199069077489,-0.654713522828741,-0.631073257781878,0.127413262768943,0.507255859050647,1.29789203636311,-0.807826340868355,1.54145380223506,0.101589485258421,-1.55889497898461,0.205698817685029,-1.26470188270917,-0.609215994729705,-0.579004646575591,0.110568142162551,0.0478344600657704,0.00688001247229821,-0.272639962092942
"120","Main","SC-5","SC-05",2025,"FAGR",11,"S",2,2,2,"#243",25.8386366582283,-5.87076539219009,1128.73476946115,0.00901797348471423,0.00655937517104041,-0.0118876357272999,-0.753358832654593,0.0111514305356989,0.628857859810787,9.74917958448522,1128.75312282313,25.8491799659549,-5.85258864663412,310.289703369141,-81.32080333,41.612185,"SC-5","Bri, Rosana","OH","Lake","Schoop","Holden",90,34,1,"Flat","Middle","Tree #243","Main",2025,401.149965936881,1.44347857211919,11,0.00950331777710912,1,1.43397525434208,-0.464504734456013,-0.400069525702993,-0.697772382903888,-0.0952310355586523,0.347736049205856,-0.27859810780533,-0.778812695258722,-1.28519873335889,-1.18693352659,-0.394259022222161,-0.646445260956081,-0.719689247592805,0.0898353458923233,0.531514631358895,-0.119951843925648,-0.837593102172793,0.374874753516297,0.0791390839786112,-1.54193001546366,0.280118920106824,-1.36886721901607,-0.661400848616203,-0.594181791542214,0.123428706283632,0.0222144005200197,-0.00687065629370263,-0.488912500384915
"121","Main","SC-7","SC-07",2025,"FAGR",7.2,"S",4,3,3,"#335",25.8530609672513,-5.87605738473339,1123.91261887646,0.00870926608790582,0.0524556515548426,-0.0635870168141471,0.179020336250384,0.0531988302493078,1.40626616606914,9.75074485838436,1126.96176949129,25.8514900840314,-5.84925504979996,312.693725585938,-81.32209833,41.612425,"SC-7","Bri, Rosana","OH","Lake","Schoop","Holden",100,75,4,"Flat","Middle","Tree #335","Main",2025,401.149965936881,1.31919952293767,11,0.618364394395059,5,0.700835128542608,-0.380999521792242,-0.442825350971782,-0.869455815598956,-0.099416795710421,1.00135112690852,-0.877221785021121,-0.539072733946018,-0.56609262204762,-0.80493985736703,-0.37981002246793,-0.72483179762353,-0.700638451496449,0.118018783549596,0.631315382799287,-0.32824180157723,0.664357385915862,-0.650735765707481,0.133611703689053,-1.8352718184405,-0.182499559793287,-0.908662015451744,0.251078076028712,-0.45893996608262,-0.346126873938305,0.0891747510278451,0.0323558101399007,-0.660128259866061
"122","Main","SC-7","SC-07",2025,"FAGR",20.6,"I",5,3,3,"#298; has vitis in canopy",25.8530609672513,-5.87605738473339,1123.91261887646,0.00870926608790582,0.0524556515548426,-0.0635870168141471,0.179020336250384,0.0531988302493078,1.40626616606914,9.75074485838436,1126.96176949129,25.8514900840314,-5.84925504979996,312.693725585938,-81.32209833,41.612425,"SC-7","Bri, Rosana","OH","Lake","Schoop","Holden",100,75,4,"Flat","Middle","Tree #335","Main",2025,401.149965936881,1.31919952293767,11,0.618364394395059,5,0.700835128542608,-0.380999521792242,-0.442825350971782,-0.869455815598956,-0.099416795710421,1.00135112690852,-0.877221785021121,-0.539072733946018,-0.56609262204762,-0.80493985736703,-0.37981002246793,-0.72483179762353,-0.700638451496449,0.118018783549596,0.631315382799287,-0.32824180157723,0.664357385915862,-0.650735765707481,0.133611703689053,-1.8352718184405,-0.182499559793287,-0.908662015451744,0.251078076028712,-0.45893996608262,-0.346126873938305,0.0891747510278451,0.0323558101399007,-0.0563674238009685
"123","Main","SC-7","SC-07",2025,"FAGR",75.7,"D",3,2,2,"#294; vitis in canopy",25.8530609672513,-5.87605738473339,1123.91261887646,0.00870926608790582,0.0524556515548426,-0.0635870168141471,0.179020336250384,0.0531988302493078,1.40626616606914,9.75074485838436,1126.96176949129,25.8514900840314,-5.84925504979996,312.693725585938,-81.32209833,41.612425,"SC-7","Bri, Rosana","OH","Lake","Schoop","Holden",100,75,4,"Flat","Middle","Tree #335","Main",2025,401.149965936881,1.31919952293767,11,0.618364394395059,5,0.700835128542608,-0.380999521792242,-0.442825350971782,-0.869455815598956,-0.099416795710421,1.00135112690852,-0.877221785021121,-0.539072733946018,-0.56609262204762,-0.80493985736703,-0.37981002246793,-0.72483179762353,-0.700638451496449,0.118018783549596,0.631315382799287,-0.32824180157723,0.664357385915862,-0.650735765707481,0.133611703689053,-1.8352718184405,-0.182499559793287,-0.908662015451744,0.251078076028712,-0.45893996608262,-0.346126873938305,0.0891747510278451,0.0323558101399007,2.42626108867564
"124","Main","SC-7","SC-07",2025,"FAGR",37.6,"C",4,3,3,"#296; vitis in canopy",25.8530609672513,-5.87605738473339,1123.91261887646,0.00870926608790582,0.0524556515548426,-0.0635870168141471,0.179020336250384,0.0531988302493078,1.40626616606914,9.75074485838436,1126.96176949129,25.8514900840314,-5.84925504979996,312.693725585938,-81.32209833,41.612425,"SC-7","Bri, Rosana","OH","Lake","Schoop","Holden",100,75,4,"Flat","Middle","Tree #335","Main",2025,401.149965936881,1.31919952293767,11,0.618364394395059,5,0.700835128542608,-0.380999521792242,-0.442825350971782,-0.869455815598956,-0.099416795710421,1.00135112690852,-0.877221785021121,-0.539072733946018,-0.56609262204762,-0.80493985736703,-0.37981002246793,-0.72483179762353,-0.700638451496449,0.118018783549596,0.631315382799287,-0.32824180157723,0.664357385915862,-0.650735765707481,0.133611703689053,-1.8352718184405,-0.182499559793287,-0.908662015451744,0.251078076028712,-0.45893996608262,-0.346126873938305,0.0891747510278451,0.0323558101399007,0.709597815983104
"125","Main","SC-7","SC-07",2025,"FAGR",15.9,"S",5,3,3,"#297",25.8530609672513,-5.87605738473339,1123.91261887646,0.00870926608790582,0.0524556515548426,-0.0635870168141471,0.179020336250384,0.0531988302493078,1.40626616606914,9.75074485838436,1126.96176949129,25.8514900840314,-5.84925504979996,312.693725585938,-81.32209833,41.612425,"SC-7","Bri, Rosana","OH","Lake","Schoop","Holden",100,75,4,"Flat","Middle","Tree #335","Main",2025,401.149965936881,1.31919952293767,11,0.618364394395059,5,0.700835128542608,-0.380999521792242,-0.442825350971782,-0.869455815598956,-0.099416795710421,1.00135112690852,-0.877221785021121,-0.539072733946018,-0.56609262204762,-0.80493985736703,-0.37981002246793,-0.72483179762353,-0.700638451496449,0.118018783549596,0.631315382799287,-0.32824180157723,0.664357385915862,-0.650735765707481,0.133611703689053,-1.8352718184405,-0.182499559793287,-0.908662015451744,0.251078076028712,-0.45893996608262,-0.346126873938305,0.0891747510278451,0.0323558101399007,-0.268134284211859
"126","Main","SC-8","SC-08",2025,"FAGR",58,"C",3,1,0,"#363, more BLD than 2024",25.8272534243452,-5.8643183087814,1128.05080924124,0.0181808477650554,0.0202454862326977,-0.0318926515931692,0.407314881525887,0.0272140726921706,0.839076328685824,9.74701577871623,1127.16129256918,25.847016160186,-5.85369984557886,314.286376953125,-81.32259,41.61204833,"SC-8","Bri, Rosana","OH","Lake","Schoop","Holden",150,48,2,"Flat","Upper","Tree #363","Main",2025,401.149965936881,1.55452523304379,8,0.834762008763305,4,0.719763224280487,-0.530404554315247,-0.347981324621873,-0.722123476118163,0.0290082746582025,0.542641807359464,-0.510234849070567,-0.48037201724454,-1.01049104115441,-1.08363886969277,-0.414233052991778,-0.716101011360965,-0.737533453443023,0.080440866673067,0.697432826355864,0.0661608150757204,1.19817128042032,-0.624256715639836,-0.0323770423077264,-1.70147198868309,0.178673485448734,-0.983964819277028,-0.42876693236828,-0.626656846621745,-0.139775086530458,0.0779422950956928,0.0293914194251017,1.62875610372399
"127","Main","SC-8","SC-08",2025,"FAGR",50.6,"C",3,0,0,"#362",25.8272534243452,-5.8643183087814,1128.05080924124,0.0181808477650554,0.0202454862326977,-0.0318926515931692,0.407314881525887,0.0272140726921706,0.839076328685824,9.74701577871623,1127.16129256918,25.847016160186,-5.85369984557886,314.286376953125,-81.32259,41.61204833,"SC-8","Bri, Rosana","OH","Lake","Schoop","Holden",150,48,2,"Flat","Upper","Tree #363","Main",2025,401.149965936881,1.55452523304379,8,0.834762008763305,4,0.719763224280487,-0.530404554315247,-0.347981324621873,-0.722123476118163,0.0290082746582025,0.542641807359464,-0.510234849070567,-0.48037201724454,-1.01049104115441,-1.08363886969277,-0.414233052991778,-0.716101011360965,-0.737533453443023,0.080440866673067,0.697432826355864,0.0661608150757204,1.19817128042032,-0.624256715639836,-0.0323770423077264,-1.70147198868309,0.178673485448734,-0.983964819277028,-0.42876693236828,-0.626656846621745,-0.139775086530458,0.0779422950956928,0.0293914194251017,1.29533594052387
"128","Main","SC-8","SC-08",2025,"FAGR",56,"C",2,1,0,"",25.8272534243452,-5.8643183087814,1128.05080924124,0.0181808477650554,0.0202454862326977,-0.0318926515931692,0.407314881525887,0.0272140726921706,0.839076328685824,9.74701577871623,1127.16129256918,25.847016160186,-5.85369984557886,314.286376953125,-81.32259,41.61204833,"SC-8","Bri, Rosana","OH","Lake","Schoop","Holden",150,48,2,"Flat","Upper","Tree #363","Main",2025,401.149965936881,1.55452523304379,8,0.834762008763305,4,0.719763224280487,-0.530404554315247,-0.347981324621873,-0.722123476118163,0.0290082746582025,0.542641807359464,-0.510234849070567,-0.48037201724454,-1.01049104115441,-1.08363886969277,-0.414233052991778,-0.716101011360965,-0.737533453443023,0.080440866673067,0.697432826355864,0.0661608150757204,1.19817128042032,-0.624256715639836,-0.0323770423077264,-1.70147198868309,0.178673485448734,-0.983964819277028,-0.42876693236828,-0.626656846621745,-0.139775086530458,0.0779422950956928,0.0293914194251017,1.53864254610234
"129","Main","SC-8","SC-08",2025,"FAGR",39.6,"C",2,1,0,"#365",25.8272534243452,-5.8643183087814,1128.05080924124,0.0181808477650554,0.0202454862326977,-0.0318926515931692,0.407314881525887,0.0272140726921706,0.839076328685824,9.74701577871623,1127.16129256918,25.847016160186,-5.85369984557886,314.286376953125,-81.32259,41.61204833,"SC-8","Bri, Rosana","OH","Lake","Schoop","Holden",150,48,2,"Flat","Upper","Tree #363","Main",2025,401.149965936881,1.55452523304379,8,0.834762008763305,4,0.719763224280487,-0.530404554315247,-0.347981324621873,-0.722123476118163,0.0290082746582025,0.542641807359464,-0.510234849070567,-0.48037201724454,-1.01049104115441,-1.08363886969277,-0.414233052991778,-0.716101011360965,-0.737533453443023,0.080440866673067,0.697432826355864,0.0661608150757204,1.19817128042032,-0.624256715639836,-0.0323770423077264,-1.70147198868309,0.178673485448734,-0.983964819277028,-0.42876693236828,-0.626656846621745,-0.139775086530458,0.0779422950956928,0.0293914194251017,0.79971137360476
"130","Main","SC-9","SC-09",2025,"FAGR",12.2,"I",5,3,3,"#935, 2 stemmed, always measured larger stem but it is toped off, 10.4 for small",25.8459636791371,-5.85130989770197,1126.40921113771,0.00759672277201547,0.0131047359586584,-0.0185737070095694,0.424887144511198,0.0151479982769296,1.04544233861221,9.74971266346886,1126.46626928756,25.8497130449386,-5.85036624874471,314.236938476562,-81.322735,41.61237333,"SC-9","Bri, Rosana","OH","Lake","Schoop","Holden",120,152,1,"Flat","Middle","Tree #935","Main",2025,401.149965936881,0.728113577553729,7,0.0116898662640076,1,0.716423711289721,-0.422087143554038,-0.242881903829832,-0.780569431417558,-0.114501758127633,0.440949417192737,-0.356015680181981,-0.475853712043425,-1.21684834055069,-0.982237188362541,-0.389338184975832,-0.746514033170277,-0.715293117747741,0.10862430433025,0.695380433879379,-1.31889362377329,-0.832199281327209,-0.628928455095754,0.113034832945548,-1.56044616991563,0.390667889702934,-1.10201404619712,-0.562967070348856,-0.50823299491629,-0.211123314042798,0.0782644711127429,0.0351810600232069,-0.434844365811922
"131","Subplot","C-14","C-14",2025,"FAGR",9.4,"I",6,3,3,"",25.8298196162658,-5.83093750351954,1145.57234404876,0.111909369517517,0.0108134863868026,-0.0680732841433699,0.847114585301483,0.112668817363707,0.0963281200377242,9.8339185702836,1130.61145695106,26.0030404856798,-5.78087752300663,277.760528564453,-81.29294667,41.62782667,"C-14","Bri, Rosana","OH","Lake","Upper Baldwin","Holden",110,14,8,"Convex","Upper","Tree #451","Main",2025,401.149965936881,1.66728798895542,18,0.680265550643229,9,0.987022438312188,-0.515548355538301,-0.0782863344211869,-0.0983027992210435,1.29987225618799,0.40831942223582,-0.929167974494474,-0.367287590345202,0.45097933638137,-1.44860167140997,0.387964194843233,-0.565127760008504,0.549148660899707,0.696107214577198,-0.81890387416106,0.25514962540371,0.817056376556924,-0.250380219695097,0.020057871782687,-1.19624390944656,-1.69907373580876,0.462033523069478,-0.443325701857564,-0.851413503925768,0.890726922068425,-0.0520184920789259,-0.0915451307763768,-0.56100334648224
"132","Subplot","C-17","C-17",2025,"FAGR",7.5,"I",6,4,4,"attached",25.8336477487694,-5.79228775448045,1144.712312977,-0.00730369848191421,-0.128668216222596,0.149123434670908,-0.515718553461568,0.129234780653366,4.6556860172346,9.73391488955792,1136.5163387845,25.8430057449927,-5.85922828588663,304.631896972656,-81.28594,41.6281158,"C-17","Bri, Rosana","OH","Lake","Upper Baldwin","Holden",130,261,8,"Convex","Upper","Tree #606","Main",2025,401.149965936881,1.97460250932039,17,0.728751320862407,8,1.24585118845798,-0.493386530087357,0.233978262151212,-0.128922557777103,-0.316536403795593,-1.57805836420521,1.58573831185729,-0.717708937002319,0.734294964041843,0.79172151324114,-0.535166995819626,-0.306740300579478,-0.770606049552508,0.0337014256106835,0.296636049152702,0.770204486654243,0.936662028884974,0.11170266116972,-0.468471983222658,2.34754655958904,0.336622935584805,-0.712060253858078,-0.209873466413761,-0.916525254905288,-0.35172885911596,-0.0307875322147739,-0.0690326544038426,-0.646611226222813
"133","Subplot","C-17","C-17",2025,"FAGR",1.7,"I",6,3,0,"attached",25.8336477487694,-5.79228775448045,1144.712312977,-0.00730369848191421,-0.128668216222596,0.149123434670908,-0.515718553461568,0.129234780653366,4.6556860172346,9.73391488955792,1136.5163387845,25.8430057449927,-5.85922828588663,304.631896972656,-81.28594,41.6281158,"C-17","Bri, Rosana","OH","Lake","Upper Baldwin","Holden",130,261,8,"Convex","Upper","Tree #606","Main",2025,401.149965936881,1.97460250932039,17,0.728751320862407,8,1.24585118845798,-0.493386530087357,0.233978262151212,-0.128922557777103,-0.316536403795593,-1.57805836420521,1.58573831185729,-0.717708937002319,0.734294964041843,0.79172151324114,-0.535166995819626,-0.306740300579478,-0.770606049552508,0.0337014256106835,0.296636049152702,0.770204486654243,0.936662028884974,0.11170266116972,-0.468471983222658,2.34754655958904,0.336622935584805,-0.712060253858078,-0.209873466413761,-0.916525254905288,-0.35172885911596,-0.0307875322147739,-0.0690326544038426,-0.907940543325614
"134","Subplot","C-17","C-17",2025,"FAGR",1.8,"I",6,3,4,"",25.8336477487694,-5.79228775448045,1144.712312977,-0.00730369848191421,-0.128668216222596,0.149123434670908,-0.515718553461568,0.129234780653366,4.6556860172346,9.73391488955792,1136.5163387845,25.8430057449927,-5.85922828588663,304.631896972656,-81.28594,41.6281158,"C-17","Bri, Rosana","OH","Lake","Upper Baldwin","Holden",130,261,8,"Convex","Upper","Tree #606","Main",2025,401.149965936881,1.97460250932039,17,0.728751320862407,8,1.24585118845798,-0.493386530087357,0.233978262151212,-0.128922557777103,-0.316536403795593,-1.57805836420521,1.58573831185729,-0.717708937002319,0.734294964041843,0.79172151324114,-0.535166995819626,-0.306740300579478,-0.770606049552508,0.0337014256106835,0.296636049152702,0.770204486654243,0.936662028884974,0.11170266116972,-0.468471983222658,2.34754655958904,0.336622935584805,-0.712060253858078,-0.209873466413761,-0.916525254905288,-0.35172885911596,-0.0307875322147739,-0.0690326544038426,-0.903434865444531
"135","Subplot","C-17","C-17",2025,"FAGR",7.3,"I",6,3,4,"",25.8336477487694,-5.79228775448045,1144.712312977,-0.00730369848191421,-0.128668216222596,0.149123434670908,-0.515718553461568,0.129234780653366,4.6556860172346,9.73391488955792,1136.5163387845,25.8430057449927,-5.85922828588663,304.631896972656,-81.28594,41.6281158,"C-17","Bri, Rosana","OH","Lake","Upper Baldwin","Holden",130,261,8,"Convex","Upper","Tree #606","Main",2025,401.149965936881,1.97460250932039,17,0.728751320862407,8,1.24585118845798,-0.493386530087357,0.233978262151212,-0.128922557777103,-0.316536403795593,-1.57805836420521,1.58573831185729,-0.717708937002319,0.734294964041843,0.79172151324114,-0.535166995819626,-0.306740300579478,-0.770606049552508,0.0337014256106835,0.296636049152702,0.770204486654243,0.936662028884974,0.11170266116972,-0.468471983222658,2.34754655958904,0.336622935584805,-0.712060253858078,-0.209873466413761,-0.916525254905288,-0.35172885911596,-0.0307875322147739,-0.0690326544038426,-0.655622581984978
"136","Subplot","C-17","C-17",2025,"FAGR",2.5,"I",6,1,0,"",25.8336477487694,-5.79228775448045,1144.712312977,-0.00730369848191421,-0.128668216222596,0.149123434670908,-0.515718553461568,0.129234780653366,4.6556860172346,9.73391488955792,1136.5163387845,25.8430057449927,-5.85922828588663,304.631896972656,-81.28594,41.6281158,"C-17","Bri, Rosana","OH","Lake","Upper Baldwin","Holden",130,261,8,"Convex","Upper","Tree #606","Main",2025,401.149965936881,1.97460250932039,17,0.728751320862407,8,1.24585118845798,-0.493386530087357,0.233978262151212,-0.128922557777103,-0.316536403795593,-1.57805836420521,1.58573831185729,-0.717708937002319,0.734294964041843,0.79172151324114,-0.535166995819626,-0.306740300579478,-0.770606049552508,0.0337014256106835,0.296636049152702,0.770204486654243,0.936662028884974,0.11170266116972,-0.468471983222658,2.34754655958904,0.336622935584805,-0.712060253858078,-0.209873466413761,-0.916525254905288,-0.35172885911596,-0.0307875322147739,-0.0690326544038426,-0.871895120276952
"137","Subplot","C-17","C-17",2025,"FAGR",6.4,"I",6,2,4,"",25.8336477487694,-5.79228775448045,1144.712312977,-0.00730369848191421,-0.128668216222596,0.149123434670908,-0.515718553461568,0.129234780653366,4.6556860172346,9.73391488955792,1136.5163387845,25.8430057449927,-5.85922828588663,304.631896972656,-81.28594,41.6281158,"C-17","Bri, Rosana","OH","Lake","Upper Baldwin","Holden",130,261,8,"Convex","Upper","Tree #606","Main",2025,401.149965936881,1.97460250932039,17,0.728751320862407,8,1.24585118845798,-0.493386530087357,0.233978262151212,-0.128922557777103,-0.316536403795593,-1.57805836420521,1.58573831185729,-0.717708937002319,0.734294964041843,0.79172151324114,-0.535166995819626,-0.306740300579478,-0.770606049552508,0.0337014256106835,0.296636049152702,0.770204486654243,0.936662028884974,0.11170266116972,-0.468471983222658,2.34754655958904,0.336622935584805,-0.712060253858078,-0.209873466413761,-0.916525254905288,-0.35172885911596,-0.0307875322147739,-0.0690326544038426,-0.696173682914723
"138","Subplot","C-17","C-17",2025,"FAGR",1,"I",5,3,2,"",25.8336477487694,-5.79228775448045,1144.712312977,-0.00730369848191421,-0.128668216222596,0.149123434670908,-0.515718553461568,0.129234780653366,4.6556860172346,9.73391488955792,1136.5163387845,25.8430057449927,-5.85922828588663,304.631896972656,-81.28594,41.6281158,"C-17","Bri, Rosana","OH","Lake","Upper Baldwin","Holden",130,261,8,"Convex","Upper","Tree #606","Main",2025,401.149965936881,1.97460250932039,17,0.728751320862407,8,1.24585118845798,-0.493386530087357,0.233978262151212,-0.128922557777103,-0.316536403795593,-1.57805836420521,1.58573831185729,-0.717708937002319,0.734294964041843,0.79172151324114,-0.535166995819626,-0.306740300579478,-0.770606049552508,0.0337014256106835,0.296636049152702,0.770204486654243,0.936662028884974,0.11170266116972,-0.468471983222658,2.34754655958904,0.336622935584805,-0.712060253858078,-0.209873466413761,-0.916525254905288,-0.35172885911596,-0.0307875322147739,-0.0690326544038426,-0.939480288493194
"139","Subplot","C-17","C-17",2025,"FAGR",1,"I",6,3,3,"sprout from root",25.8336477487694,-5.79228775448045,1144.712312977,-0.00730369848191421,-0.128668216222596,0.149123434670908,-0.515718553461568,0.129234780653366,4.6556860172346,9.73391488955792,1136.5163387845,25.8430057449927,-5.85922828588663,304.631896972656,-81.28594,41.6281158,"C-17","Bri, Rosana","OH","Lake","Upper Baldwin","Holden",130,261,8,"Convex","Upper","Tree #606","Main",2025,401.149965936881,1.97460250932039,17,0.728751320862407,8,1.24585118845798,-0.493386530087357,0.233978262151212,-0.128922557777103,-0.316536403795593,-1.57805836420521,1.58573831185729,-0.717708937002319,0.734294964041843,0.79172151324114,-0.535166995819626,-0.306740300579478,-0.770606049552508,0.0337014256106835,0.296636049152702,0.770204486654243,0.936662028884974,0.11170266116972,-0.468471983222658,2.34754655958904,0.336622935584805,-0.712060253858078,-0.209873466413761,-0.916525254905288,-0.35172885911596,-0.0307875322147739,-0.0690326544038426,-0.939480288493194
"140","Subplot","C-17","C-17",2025,"FAGR",4.3,"I",5,4,4,"",25.8336477487694,-5.79228775448045,1144.712312977,-0.00730369848191421,-0.128668216222596,0.149123434670908,-0.515718553461568,0.129234780653366,4.6556860172346,9.73391488955792,1136.5163387845,25.8430057449927,-5.85922828588663,304.631896972656,-81.28594,41.6281158,"C-17","Bri, Rosana","OH","Lake","Upper Baldwin","Holden",130,261,8,"Convex","Upper","Tree #606","Main",2025,401.149965936881,1.97460250932039,17,0.728751320862407,8,1.24585118845798,-0.493386530087357,0.233978262151212,-0.128922557777103,-0.316536403795593,-1.57805836420521,1.58573831185729,-0.717708937002319,0.734294964041843,0.79172151324114,-0.535166995819626,-0.306740300579478,-0.770606049552508,0.0337014256106835,0.296636049152702,0.770204486654243,0.936662028884974,0.11170266116972,-0.468471983222658,2.34754655958904,0.336622935584805,-0.712060253858078,-0.209873466413761,-0.916525254905288,-0.35172885911596,-0.0307875322147739,-0.0690326544038426,-0.790792918417462
"141","Subplot","PB-1","PB-01",2025,"FAGR",4.3,"I",5,4,4,"FAGR attached",25.9133391978283,-5.79132916732061,1162.50002276833,0.059282664128865,-0.0594808962904791,0.0376162300977299,4.74724562781339,0.0840776591408861,5.49611801246928,9.82629874650073,1146.74764964225,26.0014138541526,-5.8737014265838,295.075439453125,-81.3063583,41.6103517,"PB-1","Bri, Rosana","OH","Lake","Aborertum/Mike's Plot","Holden",110,312,6,"Convex","Middle","Tree is 315 degrees NW of Mikes plot center.","Main",2025,401.149965936881,1.03620956909128,8,0.890172634589158,5,0.146036934502122,-0.0320367773514158,0.241723017038082,0.504374769447593,0.586307344520526,-0.592752386105646,0.294603844976184,0.635541834023428,-0.0379944586103687,1.20468301494831,0.317625813792857,0.1409642418199,0.535734357161794,-0.0886597592703843,-0.100091416547723,-0.802529027708122,1.33485930286171,-1.42685869750553,-0.66217195041949,1.00494982458459,-0.0204260497834502,0.697203574953933,-0.475150059286259,0.783389046560196,-0.482128347752756,0.0388998469318454,0.162203888165399,-0.790792918417462
"142","Subplot","PB-1","PB-01",2025,"FAGR",7,"I",5,3,4,"",25.9133391978283,-5.79132916732061,1162.50002276833,0.059282664128865,-0.0594808962904791,0.0376162300977299,4.74724562781339,0.0840776591408861,5.49611801246928,9.82629874650073,1146.74764964225,26.0014138541526,-5.8737014265838,295.075439453125,-81.3063583,41.6103517,"PB-1","Bri, Rosana","OH","Lake","Aborertum/Mike's Plot","Holden",110,312,6,"Convex","Middle","Tree is 315 degrees NW of Mikes plot center.","Main",2025,401.149965936881,1.03620956909128,8,0.890172634589158,5,0.146036934502122,-0.0320367773514158,0.241723017038082,0.504374769447593,0.586307344520526,-0.592752386105646,0.294603844976184,0.635541834023428,-0.0379944586103687,1.20468301494831,0.317625813792857,0.1409642418199,0.535734357161794,-0.0886597592703843,-0.100091416547723,-0.802529027708122,1.33485930286171,-1.42685869750553,-0.66217195041949,1.00494982458459,-0.0204260497834502,0.697203574953933,-0.475150059286259,0.783389046560196,-0.482128347752756,0.0388998469318454,0.162203888165399,-0.669139615628227
"143","Subplot","PB-1","PB-01",2025,"FAGR",2.1,"I",6,4,3,"",25.9133391978283,-5.79132916732061,1162.50002276833,0.059282664128865,-0.0594808962904791,0.0376162300977299,4.74724562781339,0.0840776591408861,5.49611801246928,9.82629874650073,1146.74764964225,26.0014138541526,-5.8737014265838,295.075439453125,-81.3063583,41.6103517,"PB-1","Bri, Rosana","OH","Lake","Aborertum/Mike's Plot","Holden",110,312,6,"Convex","Middle","Tree is 315 degrees NW of Mikes plot center.","Main",2025,401.149965936881,1.03620956909128,8,0.890172634589158,5,0.146036934502122,-0.0320367773514158,0.241723017038082,0.504374769447593,0.586307344520526,-0.592752386105646,0.294603844976184,0.635541834023428,-0.0379944586103687,1.20468301494831,0.317625813792857,0.1409642418199,0.535734357161794,-0.0886597592703843,-0.100091416547723,-0.802529027708122,1.33485930286171,-1.42685869750553,-0.66217195041949,1.00494982458459,-0.0204260497834502,0.697203574953933,-0.475150059286259,0.783389046560196,-0.482128347752756,0.0388998469318454,0.162203888165399,-0.889917831801283
"144","Subplot","PC-10","PC-10",2025,"FAGR",1.8,"I",4,1,0,"",25.8445407408242,-5.72464996828817,1165.12578162392,0.0550824750562113,-0.153023047688667,0.145483850485462,5.39456898164235,0.163360589168071,5.05791087847025,9.82852115498736,1142.09576701313,25.9425209127289,-5.87147902869439,299.653472900391,-81.31145667,41.61055667,"PC-10","Bri, Rosana","OH","Lake","Pierson Creek","Holden",110,294,6,"Convex","Upper","","Main",2025,401.149965936881,1.19905807694463,7,0,0,1.19905807694463,-0.430324818317981,0.78044716669754,0.597859882747127,0.5293570277093,-1.92489881217561,1.54359580990029,0.801986217359475,1.31792385960991,0.989361992972576,0.33814080461635,-0.062594130388902,0.0500633302172141,-0.0698708008324575,0.0899613936817688,-0.529597193840814,-0.861036073520339,0.0462424500771003,-0.864670184946115,2.77117428580663,0.286309323896342,1.27994798995128,-0.580124433439318,-0.71996560473229,-0.378228965953571,-0.00655940956906064,0.084433259376833,-0.903434865444531
"145","Subplot","PC-11","PC-11",2025,"FAGR",4.1,"I",5,1,0,"",25.9530708810007,-5.76263827039526,1147.47097689081,0.00931313177650321,0.0037421465762741,-0.00887307528904586,6.88359241571008,0.0100370049012215,0.382069177011643,9.82629874650073,1142.67249728837,25.9436320743934,-5.8737014265838,301.518310546875,-81.3111625,41.6103619,"PC-11","Bri, Rosana","OH","Lake","Pierson Creek","Holden",160,34,1,"Flat","Upper","Next to tree #813.","Main",2025,401.149965936881,1.4842454491885,13,0.0137923771474226,2,1.47045307204108,0.197977890769641,0.473526627059802,-0.0307056145155992,-0.091228987570793,0.307615515865068,-0.243692714030781,1.18485450998377,-1.30425794486336,-1.30819762128288,0.317625813792857,-0.0373574068102538,0.0592267208316646,-0.0886597592703843,0.167378398039325,-0.0516271250428095,-0.82701276609602,0.425904607474468,0.612764976001144,-1.46102902874125,1.11883776792047,0.69350483481735,-1.04326521647474,0.013222746241184,0.241681272387912,-0.0982624975648283,-0.012371730362944,-0.799804274179627
"146","Subplot","PC-12","PC-12",2025,"FAGR",3.4,"I",4,4,3,"",25.9900370163691,-5.81933877080741,1139.04739103659,-0.011948300241144,0.0672625396489235,-0.0700618672229925,5.1470271836299,0.0683687763199885,1.746599260522,9.82185392952736,1143.35545168052,25.9391872721147,-5.8781462223627,301.006591796875,-81.3111793,41.610047,"PC-12","Bri, Rosana","OH","Lake","Pierson Creek","Holden",170,106,4,"Flat","Middle","Tree #854","Main",2025,401.149965936881,1.80891805436272,12,0.00693977817177985,1,1.80197827619094,0.411982248993961,0.0154238106936302,-0.33061124990693,-0.379512507269667,1.21221802232322,-0.952193645025676,0.738336510182426,-0.306652062060789,-0.637711019623109,0.276595832144888,-0.00747249881867365,0.0225718750203436,-0.126237676146914,0.14613486899899,0.492519644889375,-0.843916892129685,0.889684620051364,0.728045124252086,-1.64584289952088,0.283501477485117,0.505947944503374,0.527123586201488,0.285513646394351,-0.147964730160964,-0.057444220358978,0.0344373719931162,-0.831344019347207
"147","Subplot","PC-2","PC-02",2025,"FAGR",2.7,"I",4,2,0,"bent in half, alive, probable second bud break ",26.0942957204169,-5.75765651063981,1134.77550915391,-0.0811282910806316,0.0453197317223067,-0.0107355535730732,6.7106949452956,0.0930626194350609,2.63215694683129,9.807408274364,1146.12069363215,25.9325200092411,-5.89259180864407,301.433135986328,-81.31055833,41.60884833,"PC-2","Bri, Rosana","OH","Lake","Pierson Creek","Holden",NA,159,5,"Convex","Upper","No basal area recorded. ","Main",2025,401.149965936881,1.61337040503818,14,0.0471113234332325,3,1.56625908160495,1.01555675919607,0.513775975087462,-0.482703419739804,-1.31752323182435,0.89972752771238,-0.265258225564586,1.14039788305493,0.115668785762362,-0.202576191272732,0.143248391789792,0.113529726584372,-0.0324108840073581,-0.248365905995172,0.163842455198697,0.1647845047759,-0.744820933577265,0.559930352016016,1.4853879550642,-0.614911918834009,1.11435728810191,0.754744457732276,0.977511891983366,0.32400737918078,-0.429843635738376,-0.136201265856523,0.0292430715108861,-0.862883764514786
"148","Subplot","PC-2","PC-02",2025,"FAGR",5,"I",4,4,4,"top snapped off",26.0942957204169,-5.75765651063981,1134.77550915391,-0.0811282910806316,0.0453197317223067,-0.0107355535730732,6.7106949452956,0.0930626194350609,2.63215694683129,9.807408274364,1146.12069363215,25.9325200092411,-5.89259180864407,301.433135986328,-81.31055833,41.60884833,"PC-2","Bri, Rosana","OH","Lake","Pierson Creek","Holden",NA,159,5,"Convex","Upper","No basal area recorded. ","Main",2025,401.149965936881,1.61337040503818,14,0.0471113234332325,3,1.56625908160495,1.01555675919607,0.513775975087462,-0.482703419739804,-1.31752323182435,0.89972752771238,-0.265258225564586,1.14039788305493,0.115668785762362,-0.202576191272732,0.143248391789792,0.113529726584372,-0.0324108840073581,-0.248365905995172,0.163842455198697,0.1647845047759,-0.744820933577265,0.559930352016016,1.4853879550642,-0.614911918834009,1.11435728810191,0.754744457732276,0.977511891983366,0.32400737918078,-0.429843635738376,-0.136201265856523,0.0292430715108861,-0.759253173249882
"149","Subplot","PC-3","PC-03",2025,"FAGR",3.5,"I",4,4,3,"",25.8625406754832,-5.84702251862785,1153.5822101863,0.0849316875065502,0.10285498667602,-0.158637671372578,8.11612747591071,0.133787434441171,0.880554910952106,9.817409112554,1145.28913887679,25.9525215091382,-5.8825910181416,297.897613525391,-81.3097518,41.6096504,"PC-3","Bri, Rosana","OH","Lake","Pierson Creek","Holden",NA,40,7,"Convex","Upper","Tree #981; No basal area recorded. ","Main",2025,401.149965936881,2.85091365172374,11,0.004185386812745,1,2.846728264911,-0.326119593011378,-0.208242695808609,0.186873138313321,0.934082166556057,1.7190948729571,-1.97780695949261,1.50177268823531,0.812155692262698,-1.06325761610118,0.235565850496984,0.0771423226236692,0.132535012064803,-0.163815593023443,0.0170685211349688,2.23888977144595,-0.850711478949176,2.35121501606095,-0.249428853891836,-2.48280185071044,-0.993197785367105,2.07651887280364,0.836975929485463,-0.158787006542589,0.0088267912820503,-0.105400478078548,0.00322848782833881,-0.826838341466124
"150","Subplot","PC-4","PC-04",2025,"FAGR",7,"I",5,3,3,"second bud break?",25.8561169797434,-5.77761130859859,1161.62959020808,0.0676019179152001,-0.0498024495135266,0.0225598957908394,6.48384623759811,0.0840650628647795,5.64824956069689,9.820742725284,1144.46512869573,25.9514103425433,-5.87925742130745,297.8076171875,-81.31006833,41.609955,"PC-4","Bri, Rosana","OH","Lake","Pierson Creek","Holden",100,317,4,"Concave","Middle","Tree #533","Main",2025,401.149965936881,2.33062742377927,10,0.0109358840271461,1,2.31969153975212,-0.363307653665369,0.352554308991269,0.473384685822303,0.69910801386407,-0.454920316914265,0.120267556635702,1.08206893039171,-0.0382098835638668,1.27943561000576,0.266338336732715,0.0410850562407951,0.123371580790946,-0.13563215536626,0.0133324066824267,1.366897290823,-0.834059219549824,1.61392839060069,-0.856899622162327,0.763564222910266,0.0018953469204009,1.08698386570563,-0.541738365932644,0.766605126052436,-0.840847545553548,-0.0920310923193259,0.0455202207322984,-0.669139615628227
"151","Subplot","PC-5","PC-05",2025,"FAGR",3.4,"I",6,4,4,"",25.9248156889004,-5.78712603387539,1148.42458728449,0.0381059678914972,0.00757660334823393,-0.0275574325270926,5.56573350344462,0.0388616754511796,0.19627014942383,9.84185560590736,1140.67572673798,25.9647448062443,-5.85814464135777,292.486236572266,-81.31069833,41.61168333,"PC-5","Bri, Rosana","OH","Lake","Pierson Creek","Holden",170,86,2,"Convex","Upper","","Main",2025,401.149965936881,2.2116600223768,13,0.00301907054009979,1,2.2086409518367,0.0344029270449204,0.275681575689628,0.0032458565065712,0.299172756321802,0.362222533218584,-0.460037637337775,0.845997256219531,-0.81129055829034,-1.39949334286826,0.461230749559289,-0.124732647184438,0.233336587171381,0.042862949796455,-0.207579771412281,1.16750958096173,-0.853588570887284,1.45857657295486,0.470421402848753,-1.42933956649448,0.327511263387907,0.725017730126194,-0.869801033975233,-0.177130349094723,0.516493348481567,-0.165674909101877,-0.0225129780609571,-0.831344019347207
"152","Subplot","PC-9","PC-09",2025,"FAGR",2,"I",6,2,2,"possible second bud break",25.9252542013749,-5.78522986567615,1148.32838583591,0.0378508165181707,0.0469262551060956,-0.0719099720172898,7.68713442946946,0.060325534457615,0.892042650773794,9.82963235923073,1142.47405102362,25.9514104255654,-5.87036782974964,300.090423583984,-81.310815,41.61064167,"PC-9","Bri, Rosana, David","OH","Lake","Pierson Creek","Holden",80,37,4,"Convex","Upper","Tree #743","Main",2025,401.149965936881,0.994591320412849,12,0.0202711265972881,2,0.974320193815561,0.0369415635494964,0.291001369801886,-0.000179211755476408,0.295713161695367,0.922606244441934,-0.973592726882844,1.39146694590729,-0.444209780668424,-1.0576129068149,0.348398300028604,-0.0460410735843437,0.123372265447314,-0.0604763216131186,0.108100995828654,-0.872280633564891,-0.81103085943107,-0.26814974985045,0.338841500356346,-1.83488641838176,0.272422422807724,1.31805156995015,-0.248188779931722,0.0488328392803504,-0.00851783234371058,-0.082756473916945,-0.00520526799923364,-0.894423509682366
"153","Subplot","SB-1","SB-01",2025,"FAGR",1.8,"I",3,4,3,"",26.2255951806859,-5.66524668853278,1177.82757347424,-0.0774440217226689,-0.0683920009737214,0.116432136823024,7.98163307013268,0.103504809393718,3.86500048995311,9.81226989274223,1178.3876425681,26.0897117235481,-5.88252970008681,285.782836914062,-81.28622667,41.60458833,"SB-1","Bri, Rosana, David, Kaylin","OH","Lake","Stebbins","Holden",90,222,6,"Convex","Middle","Red tag SC1-41","Main",2025,401.149965936881,0.860687216738891,9,0.77610768852262,7,0.0845795282162712,1.77567562069019,1.26038666563537,1.05008284591313,-1.267568264673,-0.719656632786747,1.20720795967023,1.46719053033932,0.294253969766336,0.403203840692144,0.188125855593883,1.52547584070825,1.26389830804698,-0.163297187931161,-0.485865187586757,-1.09670204865703,1.0534816487504,-1.51283320654259,1.3692845820267,1.83945527431425,1.85040489697974,1.5634127176282,0.147558412270915,0.897841933357488,0.600129343042005,0.178829483405281,-0.107449136009735,-0.903434865444531
"154","Subplot","SB-1","SB-01",2025,"FAGR",1.8,"I",3,4,3,"SC1-36",26.2255951806859,-5.66524668853278,1177.82757347424,-0.0774440217226689,-0.0683920009737214,0.116432136823024,7.98163307013268,0.103504809393718,3.86500048995311,9.81226989274223,1178.3876425681,26.0897117235481,-5.88252970008681,285.782836914062,-81.28622667,41.60458833,"SB-1","Bri, Rosana, David, Kaylin","OH","Lake","Stebbins","Holden",90,222,6,"Convex","Middle","Red tag SC1-41","Main",2025,401.149965936881,0.860687216738891,9,0.77610768852262,7,0.0845795282162712,1.77567562069019,1.26038666563537,1.05008284591313,-1.267568264673,-0.719656632786747,1.20720795967023,1.46719053033932,0.294253969766336,0.403203840692144,0.188125855593883,1.52547584070825,1.26389830804698,-0.163297187931161,-0.485865187586757,-1.09670204865703,1.0534816487504,-1.51283320654259,1.3692845820267,1.83945527431425,1.85040489697974,1.5634127176282,0.147558412270915,0.897841933357488,0.600129343042005,0.178829483405281,-0.107449136009735,-0.903434865444531
"155","Subplot","SB-1","SB-01",2025,"FAGR",0.9,"I",4,4,3,"SC1-1",26.2255951806859,-5.66524668853278,1177.82757347424,-0.0774440217226689,-0.0683920009737214,0.116432136823024,7.98163307013268,0.103504809393718,3.86500048995311,9.81226989274223,1178.3876425681,26.0897117235481,-5.88252970008681,285.782836914062,-81.28622667,41.60458833,"SB-1","Bri, Rosana, David, Kaylin","OH","Lake","Stebbins","Holden",90,222,6,"Convex","Middle","Red tag SC1-41","Main",2025,401.149965936881,0.860687216738891,9,0.77610768852262,7,0.0845795282162712,1.77567562069019,1.26038666563537,1.05008284591313,-1.267568264673,-0.719656632786747,1.20720795967023,1.46719053033932,0.294253969766336,0.403203840692144,0.188125855593883,1.52547584070825,1.26389830804698,-0.163297187931161,-0.485865187586757,-1.09670204865703,1.0534816487504,-1.51283320654259,1.3692845820267,1.83945527431425,1.85040489697974,1.5634127176282,0.147558412270915,0.897841933357488,0.600129343042005,0.178829483405281,-0.107449136009735,-0.943985966374276
"156","Subplot","SB-1","SB-01",2025,"FAGR",10.1,"I",3,3,3,"",26.2255951806859,-5.66524668853278,1177.82757347424,-0.0774440217226689,-0.0683920009737214,0.116432136823024,7.98163307013268,0.103504809393718,3.86500048995311,9.81226989274223,1178.3876425681,26.0897117235481,-5.88252970008681,285.782836914062,-81.28622667,41.60458833,"SB-1","Bri, Rosana, David, Kaylin","OH","Lake","Stebbins","Holden",90,222,6,"Convex","Middle","Red tag SC1-41","Main",2025,401.149965936881,0.860687216738891,9,0.77610768852262,7,0.0845795282162712,1.77567562069019,1.26038666563537,1.05008284591313,-1.267568264673,-0.719656632786747,1.20720795967023,1.46719053033932,0.294253969766336,0.403203840692144,0.188125855593883,1.52547584070825,1.26389830804698,-0.163297187931161,-0.485865187586757,-1.09670204865703,1.0534816487504,-1.51283320654259,1.3692845820267,1.83945527431425,1.85040489697974,1.5634127176282,0.147558412270915,0.897841933357488,0.600129343042005,0.178829483405281,-0.107449136009735,-0.529463601314661
"157","Subplot","SB-1","SB-01",2025,"FAGR",0.9,"I",5,4,4,"",26.2255951806859,-5.66524668853278,1177.82757347424,-0.0774440217226689,-0.0683920009737214,0.116432136823024,7.98163307013268,0.103504809393718,3.86500048995311,9.81226989274223,1178.3876425681,26.0897117235481,-5.88252970008681,285.782836914062,-81.28622667,41.60458833,"SB-1","Bri, Rosana, David, Kaylin","OH","Lake","Stebbins","Holden",90,222,6,"Convex","Middle","Red tag SC1-41","Main",2025,401.149965936881,0.860687216738891,9,0.77610768852262,7,0.0845795282162712,1.77567562069019,1.26038666563537,1.05008284591313,-1.267568264673,-0.719656632786747,1.20720795967023,1.46719053033932,0.294253969766336,0.403203840692144,0.188125855593883,1.52547584070825,1.26389830804698,-0.163297187931161,-0.485865187586757,-1.09670204865703,1.0534816487504,-1.51283320654259,1.3692845820267,1.83945527431425,1.85040489697974,1.5634127176282,0.147558412270915,0.897841933357488,0.600129343042005,0.178829483405281,-0.107449136009735,-0.943985966374276
"158","Subplot","SB-1","SB-01",2025,"FAGR",0.5,"I",4,4,4,"",26.2255951806859,-5.66524668853278,1177.82757347424,-0.0774440217226689,-0.0683920009737214,0.116432136823024,7.98163307013268,0.103504809393718,3.86500048995311,9.81226989274223,1178.3876425681,26.0897117235481,-5.88252970008681,285.782836914062,-81.28622667,41.60458833,"SB-1","Bri, Rosana, David, Kaylin","OH","Lake","Stebbins","Holden",90,222,6,"Convex","Middle","Red tag SC1-41","Main",2025,401.149965936881,0.860687216738891,9,0.77610768852262,7,0.0845795282162712,1.77567562069019,1.26038666563537,1.05008284591313,-1.267568264673,-0.719656632786747,1.20720795967023,1.46719053033932,0.294253969766336,0.403203840692144,0.188125855593883,1.52547584070825,1.26389830804698,-0.163297187931161,-0.485865187586757,-1.09670204865703,1.0534816487504,-1.51283320654259,1.3692845820267,1.83945527431425,1.85040489697974,1.5634127176282,0.147558412270915,0.897841933357488,0.600129343042005,0.178829483405281,-0.107449136009735,-0.962008677898607
"159","Subplot","SB-1","SB-01",2025,"FAGR",0.6,"I",4,4,3,"",26.2255951806859,-5.66524668853278,1177.82757347424,-0.0774440217226689,-0.0683920009737214,0.116432136823024,7.98163307013268,0.103504809393718,3.86500048995311,9.81226989274223,1178.3876425681,26.0897117235481,-5.88252970008681,285.782836914062,-81.28622667,41.60458833,"SB-1","Bri, Rosana, David, Kaylin","OH","Lake","Stebbins","Holden",90,222,6,"Convex","Middle","Red tag SC1-41","Main",2025,401.149965936881,0.860687216738891,9,0.77610768852262,7,0.0845795282162712,1.77567562069019,1.26038666563537,1.05008284591313,-1.267568264673,-0.719656632786747,1.20720795967023,1.46719053033932,0.294253969766336,0.403203840692144,0.188125855593883,1.52547584070825,1.26389830804698,-0.163297187931161,-0.485865187586757,-1.09670204865703,1.0534816487504,-1.51283320654259,1.3692845820267,1.83945527431425,1.85040489697974,1.5634127176282,0.147558412270915,0.897841933357488,0.600129343042005,0.178829483405281,-0.107449136009735,-0.957503000017525
"160","Subplot","SB-1","SB-01",2025,"FAGR",0.8,"I",5,3,3,"measure live leader",26.2255951806859,-5.66524668853278,1177.82757347424,-0.0774440217226689,-0.0683920009737214,0.116432136823024,7.98163307013268,0.103504809393718,3.86500048995311,9.81226989274223,1178.3876425681,26.0897117235481,-5.88252970008681,285.782836914062,-81.28622667,41.60458833,"SB-1","Bri, Rosana, David, Kaylin","OH","Lake","Stebbins","Holden",90,222,6,"Convex","Middle","Red tag SC1-41","Main",2025,401.149965936881,0.860687216738891,9,0.77610768852262,7,0.0845795282162712,1.77567562069019,1.26038666563537,1.05008284591313,-1.267568264673,-0.719656632786747,1.20720795967023,1.46719053033932,0.294253969766336,0.403203840692144,0.188125855593883,1.52547584070825,1.26389830804698,-0.163297187931161,-0.485865187586757,-1.09670204865703,1.0534816487504,-1.51283320654259,1.3692845820267,1.83945527431425,1.85040489697974,1.5634127176282,0.147558412270915,0.897841933357488,0.600129343042005,0.178829483405281,-0.107449136009735,-0.948491644255359
"161","Subplot","SB-1","SB-01",2025,"FAGR",1.5,"I",3,4,3,"",26.2255951806859,-5.66524668853278,1177.82757347424,-0.0774440217226689,-0.0683920009737214,0.116432136823024,7.98163307013268,0.103504809393718,3.86500048995311,9.81226989274223,1178.3876425681,26.0897117235481,-5.88252970008681,285.782836914062,-81.28622667,41.60458833,"SB-1","Bri, Rosana, David, Kaylin","OH","Lake","Stebbins","Holden",90,222,6,"Convex","Middle","Red tag SC1-41","Main",2025,401.149965936881,0.860687216738891,9,0.77610768852262,7,0.0845795282162712,1.77567562069019,1.26038666563537,1.05008284591313,-1.267568264673,-0.719656632786747,1.20720795967023,1.46719053033932,0.294253969766336,0.403203840692144,0.188125855593883,1.52547584070825,1.26389830804698,-0.163297187931161,-0.485865187586757,-1.09670204865703,1.0534816487504,-1.51283320654259,1.3692845820267,1.83945527431425,1.85040489697974,1.5634127176282,0.147558412270915,0.897841933357488,0.600129343042005,0.178829483405281,-0.107449136009735,-0.91695189908778
"162","Subplot","SB-1","SB-01",2025,"FAGR",1.5,"I",4,4,4,"bent in half, DBH from live leader",26.2255951806859,-5.66524668853278,1177.82757347424,-0.0774440217226689,-0.0683920009737214,0.116432136823024,7.98163307013268,0.103504809393718,3.86500048995311,9.81226989274223,1178.3876425681,26.0897117235481,-5.88252970008681,285.782836914062,-81.28622667,41.60458833,"SB-1","Bri, Rosana, David, Kaylin","OH","Lake","Stebbins","Holden",90,222,6,"Convex","Middle","Red tag SC1-41","Main",2025,401.149965936881,0.860687216738891,9,0.77610768852262,7,0.0845795282162712,1.77567562069019,1.26038666563537,1.05008284591313,-1.267568264673,-0.719656632786747,1.20720795967023,1.46719053033932,0.294253969766336,0.403203840692144,0.188125855593883,1.52547584070825,1.26389830804698,-0.163297187931161,-0.485865187586757,-1.09670204865703,1.0534816487504,-1.51283320654259,1.3692845820267,1.83945527431425,1.85040489697974,1.5634127176282,0.147558412270915,0.897841933357488,0.600129343042005,0.178829483405281,-0.107449136009735,-0.91695189908778
"163","Subplot","SB-1A","SB-01A",2025,"FAGR",2.7,"I",5,3,4,"",25.6476695003611,-6.01275000449313,1207.87042007231,0.107728056003343,-0.0823231226179213,0.0385525189201742,2.7424398327617,0.136000683845532,5.63067354340083,9.64406335909298,1183.65779878495,25.8145210629865,-6.04922352697905,322.727874755859,-81.27627167,41.60553667,"SB-1A","Bri, Rosana, David, Tonya, McKenzie","OH","Lake","Stebbins","Holden",80,335,11,"Concave","Lower","Tree #922","Main",2025,401.149965936881,1.54100695985539,5,0.914258440066067,3,0.626748519789327,-1.57005184274868,-1.54721197248718,2.11970083923417,1.24317787286376,-0.91805161977468,0.305445070655194,0.120051913426371,0.850007287923128,1.27079931517434,-1.36458397026584,1.75608880030285,-1.00551000285671,-1.57258730661855,1.04787377407628,0.0435043772571323,1.39427464189602,-0.754377624333242,-3.75181030513274,1.06486108602028,-0.264484294247672,0.446871724327837,0.328679928501791,0.0807160331001022,0.241028073312119,0.0629662679880757,0.00644524532501348,-0.862883764514786
"164","Subplot","SB-1A","SB-01A",2025,"FAGR",4.3,"I",4,4,4,"",25.6476695003611,-6.01275000449313,1207.87042007231,0.107728056003343,-0.0823231226179213,0.0385525189201742,2.7424398327617,0.136000683845532,5.63067354340083,9.64406335909298,1183.65779878495,25.8145210629865,-6.04922352697905,322.727874755859,-81.27627167,41.60553667,"SB-1A","Bri, Rosana, David, Tonya, McKenzie","OH","Lake","Stebbins","Holden",80,335,11,"Concave","Lower","Tree #922","Main",2025,401.149965936881,1.54100695985539,5,0.914258440066067,3,0.626748519789327,-1.57005184274868,-1.54721197248718,2.11970083923417,1.24317787286376,-0.91805161977468,0.305445070655194,0.120051913426371,0.850007287923128,1.27079931517434,-1.36458397026584,1.75608880030285,-1.00551000285671,-1.57258730661855,1.04787377407628,0.0435043772571323,1.39427464189602,-0.754377624333242,-3.75181030513274,1.06486108602028,-0.264484294247672,0.446871724327837,0.328679928501791,0.0807160331001022,0.241028073312119,0.0629662679880757,0.00644524532501348,-0.790792918417462
"165","Subplot","SB-1A","SB-01A",2025,"FAGR",3.2,"I",4,4,4,"",25.6476695003611,-6.01275000449313,1207.87042007231,0.107728056003343,-0.0823231226179213,0.0385525189201742,2.7424398327617,0.136000683845532,5.63067354340083,9.64406335909298,1183.65779878495,25.8145210629865,-6.04922352697905,322.727874755859,-81.27627167,41.60553667,"SB-1A","Bri, Rosana, David, Tonya, McKenzie","OH","Lake","Stebbins","Holden",80,335,11,"Concave","Lower","Tree #922","Main",2025,401.149965936881,1.54100695985539,5,0.914258440066067,3,0.626748519789327,-1.57005184274868,-1.54721197248718,2.11970083923417,1.24317787286376,-0.91805161977468,0.305445070655194,0.120051913426371,0.850007287923128,1.27079931517434,-1.36458397026584,1.75608880030285,-1.00551000285671,-1.57258730661855,1.04787377407628,0.0435043772571323,1.39427464189602,-0.754377624333242,-3.75181030513274,1.06486108602028,-0.264484294247672,0.446871724327837,0.328679928501791,0.0807160331001022,0.241028073312119,0.0629662679880757,0.00644524532501348,-0.840355375109372
"166","Subplot","SB-1A","SB-01A",2025,"FAGR",2.4,"I",5,4,4,"broken main trunk",25.6476695003611,-6.01275000449313,1207.87042007231,0.107728056003343,-0.0823231226179213,0.0385525189201742,2.7424398327617,0.136000683845532,5.63067354340083,9.64406335909298,1183.65779878495,25.8145210629865,-6.04922352697905,322.727874755859,-81.27627167,41.60553667,"SB-1A","Bri, Rosana, David, Tonya, McKenzie","OH","Lake","Stebbins","Holden",80,335,11,"Concave","Lower","Tree #922","Main",2025,401.149965936881,1.54100695985539,5,0.914258440066067,3,0.626748519789327,-1.57005184274868,-1.54721197248718,2.11970083923417,1.24317787286376,-0.91805161977468,0.305445070655194,0.120051913426371,0.850007287923128,1.27079931517434,-1.36458397026584,1.75608880030285,-1.00551000285671,-1.57258730661855,1.04787377407628,0.0435043772571323,1.39427464189602,-0.754377624333242,-3.75181030513274,1.06486108602028,-0.264484294247672,0.446871724327837,0.328679928501791,0.0807160331001022,0.241028073312119,0.0629662679880757,0.00644524532501348,-0.876400798158035
"167","Subplot","SB-1B","SB-01B",2025,"FAGR",2.6,"I",5,3,2,"",25.6261071563616,-5.98413397364082,1211.79022097071,0.114965559368401,-0.0919263923087914,0.0457358313319217,5.04431291319613,0.147735810132251,5.60868868089577,9.63348515089766,1184.29076928548,25.7989642569822,-6.06033553232203,328.802551269531,-81.275945,41.60525667,"SB-1B","Bri, Rosana, David, Tonya, McKenzie","OH","Lake","Stebbins","Holden",90,320,7,"Convex","Middle","Tree #931","Main",2025,401.149965936881,2.20220147229501,10,1.82031182551912,4,0.381889646775885,-1.69488056891759,-1.31601323118198,2.25925784018207,1.34131110030487,-1.05481308191833,0.388620164826759,0.711925886649326,1.05070462205715,1.25999665429708,-1.46223111540654,1.78378649928122,-1.13380194694097,-1.66653223319815,1.30005833234943,1.15165718259728,3.62934496709189,-1.09691764778921,-3.9391440334737,1.15799516474471,0.0155346819658615,1.07126542577282,0.255884795628506,-0.100908353882231,0.0381742277215157,0.08901419725514,0.00951765273613348,-0.867389442395869
"168","Subplot","SB-1B","SB-01B",2025,"FAGR",3.6,"I",6,4,4,"",25.6261071563616,-5.98413397364082,1211.79022097071,0.114965559368401,-0.0919263923087914,0.0457358313319217,5.04431291319613,0.147735810132251,5.60868868089577,9.63348515089766,1184.29076928548,25.7989642569822,-6.06033553232203,328.802551269531,-81.275945,41.60525667,"SB-1B","Bri, Rosana, David, Tonya, McKenzie","OH","Lake","Stebbins","Holden",90,320,7,"Convex","Middle","Tree #931","Main",2025,401.149965936881,2.20220147229501,10,1.82031182551912,4,0.381889646775885,-1.69488056891759,-1.31601323118198,2.25925784018207,1.34131110030487,-1.05481308191833,0.388620164826759,0.711925886649326,1.05070462205715,1.25999665429708,-1.46223111540654,1.78378649928122,-1.13380194694097,-1.66653223319815,1.30005833234943,1.15165718259728,3.62934496709189,-1.09691764778921,-3.9391440334737,1.15799516474471,0.0155346819658615,1.07126542577282,0.255884795628506,-0.100908353882231,0.0381742277215157,0.08901419725514,0.00951765273613348,-0.822332663585041
"169","Subplot","SB-2","SB-02",2025,"FAGR",6.5,"I",5,4,3,"",25.6162580890286,-6.11672791411414,1200.70621437315,0.0123771079884978,-0.018317230728282,0.0144275484229885,3.18880671289192,0.0221086720129781,5.30662520054464,9.50873101279147,1195.96769208565,25.624067574644,-6.17593201560054,354.865509033203,-81.26927167,41.60188,"SB-2","Bri, Rosana","OH","Lake","Stebbins","Holden",140,318,2,"Convex","Upper","SB1-41; Tree #511","Main",2025,401.149965936881,1.84653705559313,10,0.444891931249138,3,1.40164512434399,-1.75189879147996,-2.38728521506909,1.86463302138741,-0.0496845682704241,-0.00653505901857208,0.026103650155638,0.234824939403957,-1.09780499764413,1.11157228544394,-2.61383308859783,2.29474853059541,-2.57611828005268,-2.64382686177926,2.38203783794621,0.555568567654565,0.236432099347665,0.329647217541841,-4.030036857774,-0.709699664184005,1.56076630494083,-0.923238048547002,0.50381760228621,0.714515135967021,-0.313298724566945,-0.125006048891086,-0.0705385239800964,-0.691668005033641
"170","Subplot","SB-2","SB-02",2025,"FAGR",1.1,"I",5,2,0,"",25.6162580890286,-6.11672791411414,1200.70621437315,0.0123771079884978,-0.018317230728282,0.0144275484229885,3.18880671289192,0.0221086720129781,5.30662520054464,9.50873101279147,1195.96769208565,25.624067574644,-6.17593201560054,354.865509033203,-81.26927167,41.60188,"SB-2","Bri, Rosana","OH","Lake","Stebbins","Holden",140,318,2,"Convex","Upper","SB1-41; Tree #511","Main",2025,401.149965936881,1.84653705559313,10,0.444891931249138,3,1.40164512434399,-1.75189879147996,-2.38728521506909,1.86463302138741,-0.0496845682704241,-0.00653505901857208,0.026103650155638,0.234824939403957,-1.09780499764413,1.11157228544394,-2.61383308859783,2.29474853059541,-2.57611828005268,-2.64382686177926,2.38203783794621,0.555568567654565,0.236432099347665,0.329647217541841,-4.030036857774,-0.709699664184005,1.56076630494083,-0.923238048547002,0.50381760228621,0.714515135967021,-0.313298724566945,-0.125006048891086,-0.0705385239800964,-0.934974610612111
"171","Subplot","SB-2","SB-02",2025,"FAGR",1,"I",4,2,0,"",25.6162580890286,-6.11672791411414,1200.70621437315,0.0123771079884978,-0.018317230728282,0.0144275484229885,3.18880671289192,0.0221086720129781,5.30662520054464,9.50873101279147,1195.96769208565,25.624067574644,-6.17593201560054,354.865509033203,-81.26927167,41.60188,"SB-2","Bri, Rosana","OH","Lake","Stebbins","Holden",140,318,2,"Convex","Upper","SB1-41; Tree #511","Main",2025,401.149965936881,1.84653705559313,10,0.444891931249138,3,1.40164512434399,-1.75189879147996,-2.38728521506909,1.86463302138741,-0.0496845682704241,-0.00653505901857208,0.026103650155638,0.234824939403957,-1.09780499764413,1.11157228544394,-2.61383308859783,2.29474853059541,-2.57611828005268,-2.64382686177926,2.38203783794621,0.555568567654565,0.236432099347665,0.329647217541841,-4.030036857774,-0.709699664184005,1.56076630494083,-0.923238048547002,0.50381760228621,0.714515135967021,-0.313298724566945,-0.125006048891086,-0.0705385239800964,-0.939480288493194
"172","Subplot","SB-2","SB-02",2025,"FAGR",1.2,"I",4,2,0,"",25.6162580890286,-6.11672791411414,1200.70621437315,0.0123771079884978,-0.018317230728282,0.0144275484229885,3.18880671289192,0.0221086720129781,5.30662520054464,9.50873101279147,1195.96769208565,25.624067574644,-6.17593201560054,354.865509033203,-81.26927167,41.60188,"SB-2","Bri, Rosana","OH","Lake","Stebbins","Holden",140,318,2,"Convex","Upper","SB1-41; Tree #511","Main",2025,401.149965936881,1.84653705559313,10,0.444891931249138,3,1.40164512434399,-1.75189879147996,-2.38728521506909,1.86463302138741,-0.0496845682704241,-0.00653505901857208,0.026103650155638,0.234824939403957,-1.09780499764413,1.11157228544394,-2.61383308859783,2.29474853059541,-2.57611828005268,-2.64382686177926,2.38203783794621,0.555568567654565,0.236432099347665,0.329647217541841,-4.030036857774,-0.709699664184005,1.56076630494083,-0.923238048547002,0.50381760228621,0.714515135967021,-0.313298724566945,-0.125006048891086,-0.0705385239800964,-0.930468932731028
"173","Subplot","SB-2","SB-02",2025,"FAGR",4.7,"I",4,2,0,"",25.6162580890286,-6.11672791411414,1200.70621437315,0.0123771079884978,-0.018317230728282,0.0144275484229885,3.18880671289192,0.0221086720129781,5.30662520054464,9.50873101279147,1195.96769208565,25.624067574644,-6.17593201560054,354.865509033203,-81.26927167,41.60188,"SB-2","Bri, Rosana","OH","Lake","Stebbins","Holden",140,318,2,"Convex","Upper","SB1-41; Tree #511","Main",2025,401.149965936881,1.84653705559313,10,0.444891931249138,3,1.40164512434399,-1.75189879147996,-2.38728521506909,1.86463302138741,-0.0496845682704241,-0.00653505901857208,0.026103650155638,0.234824939403957,-1.09780499764413,1.11157228544394,-2.61383308859783,2.29474853059541,-2.57611828005268,-2.64382686177926,2.38203783794621,0.555568567654565,0.236432099347665,0.329647217541841,-4.030036857774,-0.709699664184005,1.56076630494083,-0.923238048547002,0.50381760228621,0.714515135967021,-0.313298724566945,-0.125006048891086,-0.0705385239800964,-0.772770206893131
"174","Subplot","SB-2","SB-02",2025,"FAGR",4.9,"I",5,4,4,"",25.6162580890286,-6.11672791411414,1200.70621437315,0.0123771079884978,-0.018317230728282,0.0144275484229885,3.18880671289192,0.0221086720129781,5.30662520054464,9.50873101279147,1195.96769208565,25.624067574644,-6.17593201560054,354.865509033203,-81.26927167,41.60188,"SB-2","Bri, Rosana","OH","Lake","Stebbins","Holden",140,318,2,"Convex","Upper","SB1-41; Tree #511","Main",2025,401.149965936881,1.84653705559313,10,0.444891931249138,3,1.40164512434399,-1.75189879147996,-2.38728521506909,1.86463302138741,-0.0496845682704241,-0.00653505901857208,0.026103650155638,0.234824939403957,-1.09780499764413,1.11157228544394,-2.61383308859783,2.29474853059541,-2.57611828005268,-2.64382686177926,2.38203783794621,0.555568567654565,0.236432099347665,0.329647217541841,-4.030036857774,-0.709699664184005,1.56076630494083,-0.923238048547002,0.50381760228621,0.714515135967021,-0.313298724566945,-0.125006048891086,-0.0705385239800964,-0.763758851130965
"175","Subplot","SB-2","SB-02",2025,"FAGR",1.7,"I",4,3,4,"",25.6162580890286,-6.11672791411414,1200.70621437315,0.0123771079884978,-0.018317230728282,0.0144275484229885,3.18880671289192,0.0221086720129781,5.30662520054464,9.50873101279147,1195.96769208565,25.624067574644,-6.17593201560054,354.865509033203,-81.26927167,41.60188,"SB-2","Bri, Rosana","OH","Lake","Stebbins","Holden",140,318,2,"Convex","Upper","SB1-41; Tree #511","Main",2025,401.149965936881,1.84653705559313,10,0.444891931249138,3,1.40164512434399,-1.75189879147996,-2.38728521506909,1.86463302138741,-0.0496845682704241,-0.00653505901857208,0.026103650155638,0.234824939403957,-1.09780499764413,1.11157228544394,-2.61383308859783,2.29474853059541,-2.57611828005268,-2.64382686177926,2.38203783794621,0.555568567654565,0.236432099347665,0.329647217541841,-4.030036857774,-0.709699664184005,1.56076630494083,-0.923238048547002,0.50381760228621,0.714515135967021,-0.313298724566945,-0.125006048891086,-0.0705385239800964,-0.907940543325614
"176","Subplot","SB-2","SB-02",2025,"FAGR",1.8,"I",6,4,4,"",25.6162580890286,-6.11672791411414,1200.70621437315,0.0123771079884978,-0.018317230728282,0.0144275484229885,3.18880671289192,0.0221086720129781,5.30662520054464,9.50873101279147,1195.96769208565,25.624067574644,-6.17593201560054,354.865509033203,-81.26927167,41.60188,"SB-2","Bri, Rosana","OH","Lake","Stebbins","Holden",140,318,2,"Convex","Upper","SB1-41; Tree #511","Main",2025,401.149965936881,1.84653705559313,10,0.444891931249138,3,1.40164512434399,-1.75189879147996,-2.38728521506909,1.86463302138741,-0.0496845682704241,-0.00653505901857208,0.026103650155638,0.234824939403957,-1.09780499764413,1.11157228544394,-2.61383308859783,2.29474853059541,-2.57611828005268,-2.64382686177926,2.38203783794621,0.555568567654565,0.236432099347665,0.329647217541841,-4.030036857774,-0.709699664184005,1.56076630494083,-0.923238048547002,0.50381760228621,0.714515135967021,-0.313298724566945,-0.125006048891086,-0.0705385239800964,-0.903434865444531
"177","Subplot","SB-2","SB-02",2025,"FAGR",1.4,"I",4,3,0,"",25.6162580890286,-6.11672791411414,1200.70621437315,0.0123771079884978,-0.018317230728282,0.0144275484229885,3.18880671289192,0.0221086720129781,5.30662520054464,9.50873101279147,1195.96769208565,25.624067574644,-6.17593201560054,354.865509033203,-81.26927167,41.60188,"SB-2","Bri, Rosana","OH","Lake","Stebbins","Holden",140,318,2,"Convex","Upper","SB1-41; Tree #511","Main",2025,401.149965936881,1.84653705559313,10,0.444891931249138,3,1.40164512434399,-1.75189879147996,-2.38728521506909,1.86463302138741,-0.0496845682704241,-0.00653505901857208,0.026103650155638,0.234824939403957,-1.09780499764413,1.11157228544394,-2.61383308859783,2.29474853059541,-2.57611828005268,-2.64382686177926,2.38203783794621,0.555568567654565,0.236432099347665,0.329647217541841,-4.030036857774,-0.709699664184005,1.56076630494083,-0.923238048547002,0.50381760228621,0.714515135967021,-0.313298724566945,-0.125006048891086,-0.0705385239800964,-0.921457576968862
"178","Subplot","SB-2","SB-02",2025,"FAGR",1.7,"I",4,1,0,"",25.6162580890286,-6.11672791411414,1200.70621437315,0.0123771079884978,-0.018317230728282,0.0144275484229885,3.18880671289192,0.0221086720129781,5.30662520054464,9.50873101279147,1195.96769208565,25.624067574644,-6.17593201560054,354.865509033203,-81.26927167,41.60188,"SB-2","Bri, Rosana","OH","Lake","Stebbins","Holden",140,318,2,"Convex","Upper","SB1-41; Tree #511","Main",2025,401.149965936881,1.84653705559313,10,0.444891931249138,3,1.40164512434399,-1.75189879147996,-2.38728521506909,1.86463302138741,-0.0496845682704241,-0.00653505901857208,0.026103650155638,0.234824939403957,-1.09780499764413,1.11157228544394,-2.61383308859783,2.29474853059541,-2.57611828005268,-2.64382686177926,2.38203783794621,0.555568567654565,0.236432099347665,0.329647217541841,-4.030036857774,-0.709699664184005,1.56076630494083,-0.923238048547002,0.50381760228621,0.714515135967021,-0.313298724566945,-0.125006048891086,-0.0705385239800964,-0.907940543325614
"179","Subplot","SB-2","SB-02",2025,"FAGR",0.8,"I",4,3,4,"",25.6162580890286,-6.11672791411414,1200.70621437315,0.0123771079884978,-0.018317230728282,0.0144275484229885,3.18880671289192,0.0221086720129781,5.30662520054464,9.50873101279147,1195.96769208565,25.624067574644,-6.17593201560054,354.865509033203,-81.26927167,41.60188,"SB-2","Bri, Rosana","OH","Lake","Stebbins","Holden",140,318,2,"Convex","Upper","SB1-41; Tree #511","Main",2025,401.149965936881,1.84653705559313,10,0.444891931249138,3,1.40164512434399,-1.75189879147996,-2.38728521506909,1.86463302138741,-0.0496845682704241,-0.00653505901857208,0.026103650155638,0.234824939403957,-1.09780499764413,1.11157228544394,-2.61383308859783,2.29474853059541,-2.57611828005268,-2.64382686177926,2.38203783794621,0.555568567654565,0.236432099347665,0.329647217541841,-4.030036857774,-0.709699664184005,1.56076630494083,-0.923238048547002,0.50381760228621,0.714515135967021,-0.313298724566945,-0.125006048891086,-0.0705385239800964,-0.948491644255359
"180","Subplot","SB-2A","SB-02A",2025,"FAGR",2.6,"I",6,1,0,"",25.7754637526932,-5.98620122077031,1193.82783702933,0.0372459011475142,-0.047331341346901,0.0346759223484761,2.77918400927661,0.0602653118754007,5.37910225263657,9.65252936379728,1183.10131026157,25.8278554795967,-6.04144512906738,319.579711914062,-81.276725,41.605635,"SB-2A","Bri, Rosana, David, Tonya, McKenzie","OH","Lake","Stebbins","Holden",70,294,4,"Flat","Middle","","Main",2025,401.149965936881,0.55250561680153,7,0.0229658276959048,1,0.529539789105625,-0.830225331739785,-1.33271523072802,1.6197415745072,0.287511120928402,-0.419728931390216,0.260558218123367,0.129499837350387,-0.445239723713755,1.14718519932739,-1.28643451670447,1.73173782092452,-0.895545384818866,-1.50682590728838,0.917180715138301,-1.61321012320943,-0.804383517720869,-0.890365675240805,-2.56604285881386,0.400180161024385,0.62501590427385,-0.252383537852029,0.125558849695802,0.863294182291392,0.123582385568953,-0.0423371785267624,-0.0271063803601507,-0.867389442395869
"181","Subplot","SB-2A","SB-02A",2025,"FAGR",6.5,"I",6,4,4,"main trunk snapped",25.7754637526932,-5.98620122077031,1193.82783702933,0.0372459011475142,-0.047331341346901,0.0346759223484761,2.77918400927661,0.0602653118754007,5.37910225263657,9.65252936379728,1183.10131026157,25.8278554795967,-6.04144512906738,319.579711914062,-81.276725,41.605635,"SB-2A","Bri, Rosana, David, Tonya, McKenzie","OH","Lake","Stebbins","Holden",70,294,4,"Flat","Middle","","Main",2025,401.149965936881,0.55250561680153,7,0.0229658276959048,1,0.529539789105625,-0.830225331739785,-1.33271523072802,1.6197415745072,0.287511120928402,-0.419728931390216,0.260558218123367,0.129499837350387,-0.445239723713755,1.14718519932739,-1.28643451670447,1.73173782092452,-0.895545384818866,-1.50682590728838,0.917180715138301,-1.61321012320943,-0.804383517720869,-0.890365675240805,-2.56604285881386,0.400180161024385,0.62501590427385,-0.252383537852029,0.125558849695802,0.863294182291392,0.123582385568953,-0.0423371785267624,-0.0271063803601507,-0.691668005033641
"182","Subplot","SB-2A","SB-02A",2025,"FAGR",2.3,"I",4,4,4,"",25.7754637526932,-5.98620122077031,1193.82783702933,0.0372459011475142,-0.047331341346901,0.0346759223484761,2.77918400927661,0.0602653118754007,5.37910225263657,9.65252936379728,1183.10131026157,25.8278554795967,-6.04144512906738,319.579711914062,-81.276725,41.605635,"SB-2A","Bri, Rosana, David, Tonya, McKenzie","OH","Lake","Stebbins","Holden",70,294,4,"Flat","Middle","","Main",2025,401.149965936881,0.55250561680153,7,0.0229658276959048,1,0.529539789105625,-0.830225331739785,-1.33271523072802,1.6197415745072,0.287511120928402,-0.419728931390216,0.260558218123367,0.129499837350387,-0.445239723713755,1.14718519932739,-1.28643451670447,1.73173782092452,-0.895545384818866,-1.50682590728838,0.917180715138301,-1.61321012320943,-0.804383517720869,-0.890365675240805,-2.56604285881386,0.400180161024385,0.62501590427385,-0.252383537852029,0.125558849695802,0.863294182291392,0.123582385568953,-0.0423371785267624,-0.0271063803601507,-0.880906476039117
"183","Subplot","SB-2B","SB-02B",2025,"FAGR",2.2,"I",6,4,4,"4",25.9281700208822,-5.89281820035399,1183.71897648076,-0.0852112144496729,-0.139734318743886,0.20122202620257,2.33244209138801,0.164405846347831,4.1647883414722,9.63747611644916,1183.91637673725,25.8078538995843,-6.05811314502993,323.464294433594,-81.27644667,41.60514667,"SB-2B","Bri, Rosana, David, Tonya, McKenzie","OH","Lake","Stebbins","Holden",40,237,12,"Convex","Middle","Tree #910","Main",2025,401.149965936881,0.872768996686434,5,0.872768996686434,5,0,0.0538218264208622,-0.5782417367987,1.25983496248134,-1.37288354426761,-1.73565222647921,2.18898442012417,0.0146303789977721,1.33580013331475,0.55051003805118,-1.42539062358949,1.76740372616313,-1.06049194157597,-1.64774336435372,1.07844555361306,-1.07645315352786,1.29192766632532,-1.63115390786145,-1.17194273358888,2.7798195642421,1.96220937300115,-0.16451133589075,1.00209483955199,-0.90532841180351,0.647579451195233,-0.0570484643794494,0.0445583953174925,-0.8854121539202
"184","Subplot","SB-2B","SB-02B",2025,"FAGR",2.5,"I",6,3,4,"",25.9281700208822,-5.89281820035399,1183.71897648076,-0.0852112144496729,-0.139734318743886,0.20122202620257,2.33244209138801,0.164405846347831,4.1647883414722,9.63747611644916,1183.91637673725,25.8078538995843,-6.05811314502993,323.464294433594,-81.27644667,41.60514667,"SB-2B","Bri, Rosana, David, Tonya, McKenzie","OH","Lake","Stebbins","Holden",40,237,12,"Convex","Middle","Tree #910","Main",2025,401.149965936881,0.872768996686434,5,0.872768996686434,5,0,0.0538218264208622,-0.5782417367987,1.25983496248134,-1.37288354426761,-1.73565222647921,2.18898442012417,0.0146303789977721,1.33580013331475,0.55051003805118,-1.42539062358949,1.76740372616313,-1.06049194157597,-1.64774336435372,1.07844555361306,-1.07645315352786,1.29192766632532,-1.63115390786145,-1.17194273358888,2.7798195642421,1.96220937300115,-0.16451133589075,1.00209483955199,-0.90532841180351,0.647579451195233,-0.0570484643794494,0.0445583953174925,-0.871895120276952
"185","Subplot","SC-1","SC-01",2025,"FAGR",1,"I",4,4,3,"",25.8855953895516,-5.83730688377796,1130.50714347914,-0.00438083731204822,0.00433729128533602,-0.00272453484870259,0.86814929172247,0.0061647637982846,2.36118933101055,9.77029246510858,1131.32921134234,25.8702928465783,-5.85481104452361,310.774627685547,-81.31892,41.61198833,"SC-1","Bri, Rosana","OH","Lake","Schoop","Holden",140,183,1,"Flat","Middle","Tree #2","Main",2025,401.149965936881,2.06231263461596,7,0.0940247265292889,1,1.96828790808667,-0.192651237742879,-0.129746745064475,-0.634670401726827,-0.276905361778256,0.316091052137443,-0.172499175335891,-0.361878997069235,-1.37048206955498,-0.335721043179634,-0.199366609395587,-0.533720063988821,-0.545578154374431,0.0710463874537206,0.551645814353332,0.917205436562909,-0.629094027417627,1.12233988187392,0.16057201112221,-1.06625693894519,0.562742790988023,-1.08818567182019,-0.570516746874722,0.0726723197803351,-0.408081132746296,0.0570174528426534,0.0241410831159129,-0.939480288493194
"186","Subplot","SC-1","SC-01",2025,"FAGR",3.6,"I",4,3,4,"",25.8855953895516,-5.83730688377796,1130.50714347914,-0.00438083731204822,0.00433729128533602,-0.00272453484870259,0.86814929172247,0.0061647637982846,2.36118933101055,9.77029246510858,1131.32921134234,25.8702928465783,-5.85481104452361,310.774627685547,-81.31892,41.61198833,"SC-1","Bri, Rosana","OH","Lake","Schoop","Holden",140,183,1,"Flat","Middle","Tree #2","Main",2025,401.149965936881,2.06231263461596,7,0.0940247265292889,1,1.96828790808667,-0.192651237742879,-0.129746745064475,-0.634670401726827,-0.276905361778256,0.316091052137443,-0.172499175335891,-0.361878997069235,-1.37048206955498,-0.335721043179634,-0.199366609395587,-0.533720063988821,-0.545578154374431,0.0710463874537206,0.551645814353332,0.917205436562909,-0.629094027417627,1.12233988187392,0.16057201112221,-1.06625693894519,0.562742790988023,-1.08818567182019,-0.570516746874722,0.0726723197803351,-0.408081132746296,0.0570174528426534,0.0241410831159129,-0.822332663585041
"187","Subplot","SC-1","SC-01",2025,"FAGR",5.5,"I",3,4,4,"",25.8855953895516,-5.83730688377796,1130.50714347914,-0.00438083731204822,0.00433729128533602,-0.00272453484870259,0.86814929172247,0.0061647637982846,2.36118933101055,9.77029246510858,1131.32921134234,25.8702928465783,-5.85481104452361,310.774627685547,-81.31892,41.61198833,"SC-1","Bri, Rosana","OH","Lake","Schoop","Holden",140,183,1,"Flat","Middle","Tree #2","Main",2025,401.149965936881,2.06231263461596,7,0.0940247265292889,1,1.96828790808667,-0.192651237742879,-0.129746745064475,-0.634670401726827,-0.276905361778256,0.316091052137443,-0.172499175335891,-0.361878997069235,-1.37048206955498,-0.335721043179634,-0.199366609395587,-0.533720063988821,-0.545578154374431,0.0710463874537206,0.551645814353332,0.917205436562909,-0.629094027417627,1.12233988187392,0.16057201112221,-1.06625693894519,0.562742790988023,-1.08818567182019,-0.570516746874722,0.0726723197803351,-0.408081132746296,0.0570174528426534,0.0241410831159129,-0.736724783844468
"188","Subplot","SC-1","SC-01",2025,"FAGR",10.9,"I",3,3,4,"",25.8855953895516,-5.83730688377796,1130.50714347914,-0.00438083731204822,0.00433729128533602,-0.00272453484870259,0.86814929172247,0.0061647637982846,2.36118933101055,9.77029246510858,1131.32921134234,25.8702928465783,-5.85481104452361,310.774627685547,-81.31892,41.61198833,"SC-1","Bri, Rosana","OH","Lake","Schoop","Holden",140,183,1,"Flat","Middle","Tree #2","Main",2025,401.149965936881,2.06231263461596,7,0.0940247265292889,1,1.96828790808667,-0.192651237742879,-0.129746745064475,-0.634670401726827,-0.276905361778256,0.316091052137443,-0.172499175335891,-0.361878997069235,-1.37048206955498,-0.335721043179634,-0.199366609395587,-0.533720063988821,-0.545578154374431,0.0710463874537206,0.551645814353332,0.917205436562909,-0.629094027417627,1.12233988187392,0.16057201112221,-1.06625693894519,0.562742790988023,-1.08818567182019,-0.570516746874722,0.0726723197803351,-0.408081132746296,0.0570174528426534,0.0241410831159129,-0.493418178265998
"189","Subplot","SC-1","SC-01",2025,"FAGR",0.9,"I",2,4,4,"",25.8855953895516,-5.83730688377796,1130.50714347914,-0.00438083731204822,0.00433729128533602,-0.00272453484870259,0.86814929172247,0.0061647637982846,2.36118933101055,9.77029246510858,1131.32921134234,25.8702928465783,-5.85481104452361,310.774627685547,-81.31892,41.61198833,"SC-1","Bri, Rosana","OH","Lake","Schoop","Holden",140,183,1,"Flat","Middle","Tree #2","Main",2025,401.149965936881,2.06231263461596,7,0.0940247265292889,1,1.96828790808667,-0.192651237742879,-0.129746745064475,-0.634670401726827,-0.276905361778256,0.316091052137443,-0.172499175335891,-0.361878997069235,-1.37048206955498,-0.335721043179634,-0.199366609395587,-0.533720063988821,-0.545578154374431,0.0710463874537206,0.551645814353332,0.917205436562909,-0.629094027417627,1.12233988187392,0.16057201112221,-1.06625693894519,0.562742790988023,-1.08818567182019,-0.570516746874722,0.0726723197803351,-0.408081132746296,0.0570174528426534,0.0241410831159129,-0.943985966374276
"190","Subplot","SC-1","SC-01",2025,"FAGR",1,"I",3,4,3,"",25.8855953895516,-5.83730688377796,1130.50714347914,-0.00438083731204822,0.00433729128533602,-0.00272453484870259,0.86814929172247,0.0061647637982846,2.36118933101055,9.77029246510858,1131.32921134234,25.8702928465783,-5.85481104452361,310.774627685547,-81.31892,41.61198833,"SC-1","Bri, Rosana","OH","Lake","Schoop","Holden",140,183,1,"Flat","Middle","Tree #2","Main",2025,401.149965936881,2.06231263461596,7,0.0940247265292889,1,1.96828790808667,-0.192651237742879,-0.129746745064475,-0.634670401726827,-0.276905361778256,0.316091052137443,-0.172499175335891,-0.361878997069235,-1.37048206955498,-0.335721043179634,-0.199366609395587,-0.533720063988821,-0.545578154374431,0.0710463874537206,0.551645814353332,0.917205436562909,-0.629094027417627,1.12233988187392,0.16057201112221,-1.06625693894519,0.562742790988023,-1.08818567182019,-0.570516746874722,0.0726723197803351,-0.408081132746296,0.0570174528426534,0.0241410831159129,-0.939480288493194
"191","Subplot","SC-7","SC-07",2025,"FAGR",1.3,"I",5,4,2,"",25.8530609672513,-5.87605738473339,1123.91261887646,0.00870926608790582,0.0524556515548426,-0.0635870168141471,0.179020336250384,0.0531988302493078,1.40626616606914,9.75074485838436,1126.96176949129,25.8514900840314,-5.84925504979996,312.693725585938,-81.32209833,41.612425,"SC-7","Bri, Rosana","OH","Lake","Schoop","Holden",100,75,4,"Flat","Middle","Tree #335","Main",2025,401.149965936881,1.31919952293767,11,0.618364394395059,5,0.700835128542608,-0.380999521792242,-0.442825350971782,-0.869455815598956,-0.099416795710421,1.00135112690852,-0.877221785021121,-0.539072733946018,-0.56609262204762,-0.80493985736703,-0.37981002246793,-0.72483179762353,-0.700638451496449,0.118018783549596,0.631315382799287,-0.32824180157723,0.664357385915862,-0.650735765707481,0.133611703689053,-1.8352718184405,-0.182499559793287,-0.908662015451744,0.251078076028712,-0.45893996608262,-0.346126873938305,0.0891747510278451,0.0323558101399007,-0.925963254849945
"192","Subplot","SC-7","SC-07",2025,"FAGR",2.4,"I",4,2,3,"",25.8530609672513,-5.87605738473339,1123.91261887646,0.00870926608790582,0.0524556515548426,-0.0635870168141471,0.179020336250384,0.0531988302493078,1.40626616606914,9.75074485838436,1126.96176949129,25.8514900840314,-5.84925504979996,312.693725585938,-81.32209833,41.612425,"SC-7","Bri, Rosana","OH","Lake","Schoop","Holden",100,75,4,"Flat","Middle","Tree #335","Main",2025,401.149965936881,1.31919952293767,11,0.618364394395059,5,0.700835128542608,-0.380999521792242,-0.442825350971782,-0.869455815598956,-0.099416795710421,1.00135112690852,-0.877221785021121,-0.539072733946018,-0.56609262204762,-0.80493985736703,-0.37981002246793,-0.72483179762353,-0.700638451496449,0.118018783549596,0.631315382799287,-0.32824180157723,0.664357385915862,-0.650735765707481,0.133611703689053,-1.8352718184405,-0.182499559793287,-0.908662015451744,0.251078076028712,-0.45893996608262,-0.346126873938305,0.0891747510278451,0.0323558101399007,-0.876400798158035
"193","Subplot","SC-7","SC-07",2025,"FAGR",4.9,"I",5,1,0,"",25.8530609672513,-5.87605738473339,1123.91261887646,0.00870926608790582,0.0524556515548426,-0.0635870168141471,0.179020336250384,0.0531988302493078,1.40626616606914,9.75074485838436,1126.96176949129,25.8514900840314,-5.84925504979996,312.693725585938,-81.32209833,41.612425,"SC-7","Bri, Rosana","OH","Lake","Schoop","Holden",100,75,4,"Flat","Middle","Tree #335","Main",2025,401.149965936881,1.31919952293767,11,0.618364394395059,5,0.700835128542608,-0.380999521792242,-0.442825350971782,-0.869455815598956,-0.099416795710421,1.00135112690852,-0.877221785021121,-0.539072733946018,-0.56609262204762,-0.80493985736703,-0.37981002246793,-0.72483179762353,-0.700638451496449,0.118018783549596,0.631315382799287,-0.32824180157723,0.664357385915862,-0.650735765707481,0.133611703689053,-1.8352718184405,-0.182499559793287,-0.908662015451744,0.251078076028712,-0.45893996608262,-0.346126873938305,0.0891747510278451,0.0323558101399007,-0.763758851130965
"194","Subplot","SC-7","SC-07",2025,"FAGR",3.7,"I",6,2,3,"",25.8530609672513,-5.87605738473339,1123.91261887646,0.00870926608790582,0.0524556515548426,-0.0635870168141471,0.179020336250384,0.0531988302493078,1.40626616606914,9.75074485838436,1126.96176949129,25.8514900840314,-5.84925504979996,312.693725585938,-81.32209833,41.612425,"SC-7","Bri, Rosana","OH","Lake","Schoop","Holden",100,75,4,"Flat","Middle","Tree #335","Main",2025,401.149965936881,1.31919952293767,11,0.618364394395059,5,0.700835128542608,-0.380999521792242,-0.442825350971782,-0.869455815598956,-0.099416795710421,1.00135112690852,-0.877221785021121,-0.539072733946018,-0.56609262204762,-0.80493985736703,-0.37981002246793,-0.72483179762353,-0.700638451496449,0.118018783549596,0.631315382799287,-0.32824180157723,0.664357385915862,-0.650735765707481,0.133611703689053,-1.8352718184405,-0.182499559793287,-0.908662015451744,0.251078076028712,-0.45893996608262,-0.346126873938305,0.0891747510278451,0.0323558101399007,-0.817826985703959
